{
  "d": {
    "results": [
      {
        "__metadata": {
          "uri": "https://api.datamarket.azure.com/Data.ashx/Bing/Search/Image?Query='motorbike photo'&$skip=0&$top=1",
          "type": "ImageResult"
        },
        "ID": "35ee89e4-4267-4cee-a482-dcbd3a11ec3d",
        "Title": "Motorcycle Sales/Service for Sale Daytona Beach | Florida Business ...",
        "MediaUrl": "http://fbxbrokers.com/wp-content/uploads/2013/05/aprilia_motorcycle_1920x1279.jpg",
        "SourceUrl": "http://fbxbrokers.com/motorcycle-sales-and-service-in-volusia-county/",
        "DisplayUrl": "fbxbrokers.com/motorcycle-sales-and-service-in-volusia-county",
        "Width": "1920",
        "Height": "1279",
        "FileSize": "636958",
        "ContentType": "jpeg",
        "Thumbnail": {
          "__metadata": {
            "type": "Bing.Thumbnail"
          },
          "MediaUrl": "http://ts4.mm.bing.net/th?id=OIP.Mf58d95da44e0aeaeb41789c12bf29e8bH0&pid=15.1",
          "ContentType": "jpg",
          "Width": "300",
          "Height": "199",
          "FileSize": "12370"
        }
      },
      {
        "__metadata": {
          "uri": "https://api.datamarket.azure.com/Data.ashx/Bing/Search/Image?Query='motorbike photo'&$skip=1&$top=1",
          "type": "ImageResult"
        },
        "ID": "5cf91167-6be4-4019-9f96-3adacb7046a0",
        "Title": "Motorbike by Uminotori on DeviantArt",
        "MediaUrl": "http://fc02.deviantart.net/fs70/i/2010/304/c/6/motorbike_by_uminotori-d31vrfn.jpg",
        "SourceUrl": "http://uminotori.deviantart.com/art/Motorbike-184560035",
        "DisplayUrl": "uminotori.deviantart.com/art/Motorbike-184560035",
        "Width": "1280",
        "Height": "983",
        "FileSize": "199304",
        "ContentType": "jpeg",
        "Thumbnail": {
          "__metadata": {
            "type": "Bing.Thumbnail"
          },
          "MediaUrl": "http://ts2.mm.bing.net/th?id=OIP.M7472a8f0840c72e2051425a34e98d785o0&pid=15.1",
          "ContentType": "jpg",
          "Width": "300",
          "Height": "230",
          "FileSize": "14170"
        }
      },
      {
        "__metadata": {
          "uri": "https://api.datamarket.azure.com/Data.ashx/Bing/Search/Image?Query='motorbike photo'&$skip=2&$top=1",
          "type": "ImageResult"
        },
        "ID": "6a6d0267-a1f2-478c-a26a-1ed33ca66f1a",
        "Title": "Stay Safe on Your Motorbike or Scooter - The Gov THINK! - Money Saving ...",
        "MediaUrl": "http://www.youcouldsave.co.uk/wp-content/uploads/2009/01/Motorbike.jpg",
        "SourceUrl": "http://www.youcouldsave.co.uk/motorbike-safety-quality-helmet-leather-jacket-gloves-boots/",
        "DisplayUrl": "www.youcouldsave.co.uk/motorbike-safety-quality-helmet-leather...",
        "Width": "600",
        "Height": "399",
        "FileSize": "118884",
        "ContentType": "jpeg",
        "Thumbnail": {
          "__metadata": {
            "type": "Bing.Thumbnail"
          },
          "MediaUrl": "http://ts3.mm.bing.net/th?id=OIP.Me9931a66dbbc7aa91931f57c829ec7f7H0&pid=15.1",
          "ContentType": "jpg",
          "Width": "300",
          "Height": "199",
          "FileSize": "12498"
        }
      },
      {
        "__metadata": {
          "uri": "https://api.datamarket.azure.com/Data.ashx/Bing/Search/Image?Query='motorbike photo'&$skip=3&$top=1",
          "type": "ImageResult"
        },
        "ID": "f8e81b48-6cf7-4017-a394-d16588ba98b4",
        "Title": "Pagani Motorcycle by Bajzath Bikes - Diseno-art",
        "MediaUrl": "http://www.diseno-art.com/news_content/wp-content/uploads/2012/11/Pagani-Motorcycle-1.jpg",
        "SourceUrl": "http://www.diseno-art.com/news_content/2012/11/pagani-motorcycle-by-bajzath-bikes/",
        "DisplayUrl": "www.diseno-art.com/news_content/2012/11/pagani-motorcycle-by...",
        "Width": "1050",
        "Height": "696",
        "FileSize": "225310",
        "ContentType": "jpeg",
        "Thumbnail": {
          "__metadata": {
            "type": "Bing.Thumbnail"
          },
          "MediaUrl": "http://ts2.mm.bing.net/th?id=OIP.M3d8ca69de148dafcbea7bad1f80fea2eH0&pid=15.1",
          "ContentType": "jpg",
          "Width": "300",
          "Height": "198",
          "FileSize": "16373"
        }
      },
      {
        "__metadata": {
          "uri": "https://api.datamarket.azure.com/Data.ashx/Bing/Search/Image?Query='motorbike photo'&$skip=4&$top=1",
          "type": "ImageResult"
        },
        "ID": "6c862fa9-6647-4eb0-8420-0de3e019c78a",
        "Title": "New Innovations - Motorcycle Battery Charger - CTEK Battery Chargers",
        "MediaUrl": "http://smartercharger.com/wp-content/uploads/2013/01/Moto_Guzzi_Italian_motorcycle.jpg",
        "SourceUrl": "http://smartercharger.com/2013/01/racing-and-having-fun-with-the-newest-innovations-ctek-motorcycle-battery-charger/",
        "DisplayUrl": "smartercharger.com/2013/01/racing-and-having-fun-with-the-newest...",
        "Width": "1920",
        "Height": "1200",
        "FileSize": "217909",
        "ContentType": "jpeg",
        "Thumbnail": {
          "__metadata": {
            "type": "Bing.Thumbnail"
          },
          "MediaUrl": "http://ts1.mm.bing.net/th?id=OIP.M2c3a177504614ae89c5ee1ae2a1f8773H0&pid=15.1",
          "ContentType": "jpg",
          "Width": "300",
          "Height": "187",
          "FileSize": "10936"
        }
      },
      {
        "__metadata": {
          "uri": "https://api.datamarket.azure.com/Data.ashx/Bing/Search/Image?Query='motorbike photo'&$skip=5&$top=1",
          "type": "ImageResult"
        },
        "ID": "24fdfc0f-3b57-4dd4-b483-30f2a813d3f2",
        "Title": "PORSCHE CUSTOM MOTORCYCLE - Motorcycles Wallpaper (16727537) - Fanpop",
        "MediaUrl": "http://images4.fanpop.com/image/photos/16700000/PORSCHE-CUSTOM-MOTORCYCLE-motorcycles-16727537-1024-768.jpg",
        "SourceUrl": "http://www.fanpop.com/clubs/motorcycles/images/16727537/title/porsche-custom-motorcycle-wallpaper",
        "DisplayUrl": "www.fanpop.com/clubs/motorcycles/images/16727537/title/porsche...",
        "Width": "1024",
        "Height": "768",
        "FileSize": "91368",
        "ContentType": "jpeg",
        "Thumbnail": {
          "__metadata": {
            "type": "Bing.Thumbnail"
          },
          "MediaUrl": "http://ts2.mm.bing.net/th?id=OIP.M8d7e139664e06dec58a15369e72f097fH0&pid=15.1",
          "ContentType": "jpg",
          "Width": "300",
          "Height": "225",
          "FileSize": "14319"
        }
      },
      {
        "__metadata": {
          "uri": "https://api.datamarket.azure.com/Data.ashx/Bing/Search/Image?Query='motorbike photo'&$skip=6&$top=1",
          "type": "ImageResult"
        },
        "ID": "879417c6-b155-4824-86da-8610daab6454",
        "Title": "... - \"The Predator Bike\" HD wallpaper and background photos (31545125",
        "MediaUrl": "http://images5.fanpop.com/image/photos/31500000/SUZUKI-HAYABUSA-The-Predator-Bike-motorcycles-31545125-1200-750.jpg",
        "SourceUrl": "http://www.fanpop.com/clubs/motorcycles/images/31545125/title/suzuki-hayabusa-predator-bike-photo",
        "DisplayUrl": "www.fanpop.com/clubs/motorcycles/images/31545125/title/suzuki...",
        "Width": "1200",
        "Height": "750",
        "FileSize": "179289",
        "ContentType": "jpeg",
        "Thumbnail": {
          "__metadata": {
            "type": "Bing.Thumbnail"
          },
          "MediaUrl": "http://ts2.mm.bing.net/th?id=OIP.M2df754d289feb144362fd76e43424041H0&pid=15.1",
          "ContentType": "jpg",
          "Width": "300",
          "Height": "187",
          "FileSize": "10495"
        }
      },
      {
        "__metadata": {
          "uri": "https://api.datamarket.azure.com/Data.ashx/Bing/Search/Image?Query='motorbike photo'&$skip=7&$top=1",
          "type": "ImageResult"
        },
        "ID": "86e8aaa7-6018-4456-8f23-114bfda56286",
        "Title": "Transporting Motorbikes Interstate",
        "MediaUrl": "http://www.motorbikemovers.com.au/wp-content/uploads/2011/06/Transporting-Motorbikes-Interstate1.jpg",
        "SourceUrl": "http://www.motorbikemovers.com.au/archive/",
        "DisplayUrl": "www.motorbikemovers.com.au/archive",
        "Width": "800",
        "Height": "600",
        "FileSize": "139959",
        "ContentType": "jpeg",
        "Thumbnail": {
          "__metadata": {
            "type": "Bing.Thumbnail"
          },
          "MediaUrl": "http://ts4.mm.bing.net/th?id=OIP.Mc398ca27eafef47d0fc58ac197ed2189H0&pid=15.1",
          "ContentType": "jpg",
          "Width": "300",
          "Height": "225",
          "FileSize": "13465"
        }
      },
      {
        "__metadata": {
          "uri": "https://api.datamarket.azure.com/Data.ashx/Bing/Search/Image?Query='motorbike photo'&$skip=8&$top=1",
          "type": "ImageResult"
        },
        "ID": "71bd5f23-b8de-4089-848f-b4558d91eb50",
        "Title": "HOT MOTO SPEED: BMW Motorcycles Latest Images View",
        "MediaUrl": "http://4.bp.blogspot.com/-Sp3VuZlOkoo/Td8SdbJqBTI/AAAAAAAAAKE/w9I6wEiI6Q0/s1600/bmw-motorcycle.jpg",
        "SourceUrl": "http://hotspeedmoto.blogspot.com/2011/05/bmw-motorcycles-latest-images-view.html",
        "DisplayUrl": "hotspeedmoto.blogspot.com/2011/05/bmw-motorcycles-latest-images...",
        "Width": "1007",
        "Height": "683",
        "FileSize": "164025",
        "ContentType": "jpeg",
        "Thumbnail": {
          "__metadata": {
            "type": "Bing.Thumbnail"
          },
          "MediaUrl": "http://ts3.mm.bing.net/th?id=OIP.M2bb8dbe6c4b61f7796b80ab7348e12faH0&pid=15.1",
          "ContentType": "jpg",
          "Width": "300",
          "Height": "203",
          "FileSize": "10504"
        }
      },
      {
        "__metadata": {
          "uri": "https://api.datamarket.azure.com/Data.ashx/Bing/Search/Image?Query='motorbike photo'&$skip=9&$top=1",
          "type": "ImageResult"
        },
        "ID": "4699452f-8e34-4a73-9635-a40b27b7e135",
        "Title": "MotorBike News And Motorcycle Photo",
        "MediaUrl": "http://2.bp.blogspot.com/-xAnlIhRyS7Q/ToixbXSAg1I/AAAAAAAAADo/iI1JuIGZ3vc/s1600/YamahaMotorcycle-2011-Red-Color.png",
        "SourceUrl": "http://motorbikecycle.blogspot.com/2011/10/yamaha-motorbikes-latest-model-2012.html",
        "DisplayUrl": "motorbikecycle.blogspot.com/2011/10/yamaha-motorbikes-latest-model...",
        "Width": "710",
        "Height": "546",
        "FileSize": "492308",
        "ContentType": "png",
        "Thumbnail": {
          "__metadata": {
            "type": "Bing.Thumbnail"
          },
          "MediaUrl": "http://ts4.mm.bing.net/th?id=OIP.M0c474d6c7e347ac7fdb89bc0af61dfb8H0&pid=15.1",
          "ContentType": "jpg",
          "Width": "300",
          "Height": "230",
          "FileSize": "17332"
        }
      },
      {
        "__metadata": {
          "uri": "https://api.datamarket.azure.com/Data.ashx/Bing/Search/Image?Query='motorbike photo'&$skip=10&$top=1",
          "type": "ImageResult"
        },
        "ID": "3a73fcf6-ffc7-4a9d-a0a4-5eb48c4c8188",
        "Title": "... Race Concept released at the EICMA motorcycle show in Milan, Italy",
        "MediaUrl": "http://images.motorcycle-usa.com/PhotoGallerys/2010-KTM-125-Race-Version-Concept.jpg",
        "SourceUrl": "http://www.motorcycle-usa.com/667/5039/Motorcycle-Article/2010-KTM-125-Naked-Concept-First-Look.aspx",
        "DisplayUrl": "www.motorcycle-usa.com/667/5039/Motorcycle-Article/2010-KTM-125...",
        "Width": "1024",
        "Height": "768",
        "FileSize": "220575",
        "ContentType": "jpeg",
        "Thumbnail": {
          "__metadata": {
            "type": "Bing.Thumbnail"
          },
          "MediaUrl": "http://ts2.mm.bing.net/th?id=OIP.Mede506d8a9adba83a89f2df6cbe2cfb1o0&pid=15.1",
          "ContentType": "jpg",
          "Width": "300",
          "Height": "225",
          "FileSize": "14913"
        }
      },
      {
        "__metadata": {
          "uri": "https://api.datamarket.azure.com/Data.ashx/Bing/Search/Image?Query='motorbike photo'&$skip=11&$top=1",
          "type": "ImageResult"
        },
        "ID": "1498845d-3290-4275-b54c-dd15e0fc9db6",
        "Title": "Speedy Bikes: yamaha motorcycles",
        "MediaUrl": "http://2.bp.blogspot.com/-pQ3ItiFMpvU/TjE4dxThNhI/AAAAAAAACJM/m8-bCJQd8-k/s1600/f3bc7_yamaha-motorcycle-006.jpg",
        "SourceUrl": "http://sportsheavybikes.blogspot.com/2011/07/yamaha-motorcycles.html",
        "DisplayUrl": "sportsheavybikes.blogspot.com/2011/07/yamaha-motorcycles.html",
        "Width": "1024",
        "Height": "768",
        "FileSize": "88134",
        "ContentType": "jpeg",
        "Thumbnail": {
          "__metadata": {
            "type": "Bing.Thumbnail"
          },
          "MediaUrl": "http://ts2.mm.bing.net/th?id=OIP.M5256d61a573eb28329be96d43b96de4fo0&pid=15.1",
          "ContentType": "jpg",
          "Width": "300",
          "Height": "225",
          "FileSize": "12100"
        }
      },
      {
        "__metadata": {
          "uri": "https://api.datamarket.azure.com/Data.ashx/Bing/Search/Image?Query='motorbike photo'&$skip=12&$top=1",
          "type": "ImageResult"
        },
        "ID": "dfcb6ec2-a945-4350-9c61-1f45e9cb98ba",
        "Title": "The Newbie's Guide to Buying a Motorbike - Cast PodderCast Podder",
        "MediaUrl": "http://www.castpodder.net/wp-content/uploads/2013/05/yamaha-motorbike.jpg",
        "SourceUrl": "http://www.castpodder.net/the-newbies-guide-to-buying-a-motorbike/",
        "DisplayUrl": "www.castpodder.net/the-newbies-guide-to-buying-a-motorbike",
        "Width": "500",
        "Height": "314",
        "FileSize": "22130",
        "ContentType": "jpeg",
        "Thumbnail": {
          "__metadata": {
            "type": "Bing.Thumbnail"
          },
          "MediaUrl": "http://ts1.mm.bing.net/th?id=OIP.M261ca0b3d387967262d8e90d5afd625fo0&pid=15.1",
          "ContentType": "jpg",
          "Width": "300",
          "Height": "188",
          "FileSize": "10926"
        }
      },
      {
        "__metadata": {
          "uri": "https://api.datamarket.azure.com/Data.ashx/Bing/Search/Image?Query='motorbike photo'&$skip=13&$top=1",
          "type": "ImageResult"
        },
        "ID": "9ada1c8f-201c-4eb5-aad2-f40cb0bf0aa1",
        "Title": "Best Sport Motorbike Pictures Wallpapers",
        "MediaUrl": "http://bestwallpaperhd.com/wp-content/uploads/2013/05/motorbike.jpg",
        "SourceUrl": "http://bestwallpaperhd.com/motorbike-2.html",
        "DisplayUrl": "bestwallpaperhd.com/motorbike-2.html",
        "Width": "1024",
        "Height": "582",
        "FileSize": "394965",
        "ContentType": "jpeg",
        "Thumbnail": {
          "__metadata": {
            "type": "Bing.Thumbnail"
          },
          "MediaUrl": "http://ts3.mm.bing.net/th?id=OIP.Mcf0354c455850866dd9e15a8604bbf63o0&pid=15.1",
          "ContentType": "jpg",
          "Width": "300",
          "Height": "170",
          "FileSize": "14820"
        }
      },
      {
        "__metadata": {
          "uri": "https://api.datamarket.azure.com/Data.ashx/Bing/Search/Image?Query='motorbike photo'&$skip=14&$top=1",
          "type": "ImageResult"
        },
        "ID": "f2b9c566-3aa0-4aa5-bb1e-becba8c33cba",
        "Title": "PORSCHE CUSTOM MOTORCYCLE - Motorcycles Wallpaper (16727521) - Fanpop",
        "MediaUrl": "http://images4.fanpop.com/image/photos/16700000/PORSCHE-CUSTOM-CHOPPER-motorcycles-16727521-1024-768.jpg",
        "SourceUrl": "http://www.fanpop.com/clubs/motorcycles/images/16727521/title/porsche-custom-motorcycle-wallpaper",
        "DisplayUrl": "www.fanpop.com/clubs/motorcycles/images/16727521/title/porsche...",
        "Width": "1024",
        "Height": "768",
        "FileSize": "88179",
        "ContentType": "jpeg",
        "Thumbnail": {
          "__metadata": {
            "type": "Bing.Thumbnail"
          },
          "MediaUrl": "http://ts2.mm.bing.net/th?id=OIP.M9dc6f70b953e697d9e48eb6a19bd2d6fH0&pid=15.1",
          "ContentType": "jpg",
          "Width": "300",
          "Height": "225",
          "FileSize": "14285"
        }
      },
      {
        "__metadata": {
          "uri": "https://api.datamarket.azure.com/Data.ashx/Bing/Search/Image?Query='motorbike photo'&$skip=15&$top=1",
          "type": "ImageResult"
        },
        "ID": "d09d7d0d-b74d-4310-bab3-ac5d57e423c5",
        "Title": "Matty Motorcycle » vintage motorcycle",
        "MediaUrl": "http://mattymotorcycle.tv/wp-content/uploads/2009/07/motorcycle3.jpg",
        "SourceUrl": "http://mattymotorcycle.tv/tag/vintage-motorcycle/",
        "DisplayUrl": "mattymotorcycle.tv/tag/vintage-motorcycle",
        "Width": "1600",
        "Height": "1150",
        "FileSize": "163128",
        "ContentType": "jpeg",
        "Thumbnail": {
          "__metadata": {
            "type": "Bing.Thumbnail"
          },
          "MediaUrl": "http://ts4.mm.bing.net/th?id=OIP.Mc4d34f9109a052ddeae6632e1abc09cfo0&pid=15.1",
          "ContentType": "jpg",
          "Width": "300",
          "Height": "215",
          "FileSize": "10501"
        }
      },
      {
        "__metadata": {
          "uri": "https://api.datamarket.azure.com/Data.ashx/Bing/Search/Image?Query='motorbike photo'&$skip=16&$top=1",
          "type": "ImageResult"
        },
        "ID": "8afacad2-967c-4962-8432-049b07c4f2e7",
        "Title": "Description Suzuki vstrom dl650 motorcycle.jpg",
        "MediaUrl": "http://upload.wikimedia.org/wikipedia/commons/b/bb/Suzuki_vstrom_dl650_motorcycle.jpg",
        "SourceUrl": "http://commons.wikimedia.org/wiki/File:Suzuki_vstrom_dl650_motorcycle.jpg",
        "DisplayUrl": "commons.wikimedia.org/wiki/File:Suzuki_vstrom_dl650_motorcycle.jpg",
        "Width": "1600",
        "Height": "1200",
        "FileSize": "1008572",
        "ContentType": "jpeg",
        "Thumbnail": {
          "__metadata": {
            "type": "Bing.Thumbnail"
          },
          "MediaUrl": "http://ts1.mm.bing.net/th?id=OIP.M182f81b521543409a96013d235e2dfd5o0&pid=15.1",
          "ContentType": "jpg",
          "Width": "300",
          "Height": "225",
          "FileSize": "17776"
        }
      },
      {
        "__metadata": {
          "uri": "https://api.datamarket.azure.com/Data.ashx/Bing/Search/Image?Query='motorbike photo'&$skip=17&$top=1",
          "type": "ImageResult"
        },
        "ID": "7be8c22d-8df1-4d8d-a085-591f0e826a7b",
        "Title": "35 HD Bike Wallpapers for Desktop Free Download",
        "MediaUrl": "http://cdn.wonderfulengineering.com/wp-content/uploads/2013/12/bike-wallpaper-11.jpg",
        "SourceUrl": "http://wonderfulengineering.com/35-hd-bike-wallpapers-for-desktop-free-download/",
        "DisplayUrl": "wonderfulengineering.com/35-hd-bike-wallpapers-for-desktop-free...",
        "Width": "1920",
        "Height": "1080",
        "FileSize": "399406",
        "ContentType": "jpeg",
        "Thumbnail": {
          "__metadata": {
            "type": "Bing.Thumbnail"
          },
          "MediaUrl": "http://ts4.mm.bing.net/th?id=OIP.Ma6ca3ac234e4a2eb230b582c6cb8b61eH0&pid=15.1",
          "ContentType": "jpg",
          "Width": "300",
          "Height": "168",
          "FileSize": "10400"
        }
      },
      {
        "__metadata": {
          "uri": "https://api.datamarket.azure.com/Data.ashx/Bing/Search/Image?Query='motorbike photo'&$skip=18&$top=1",
          "type": "ImageResult"
        },
        "ID": "a4cfd0b2-9c2a-4453-bcb2-4d7adf3e8183",
        "Title": "Yamaha R6 Sports Bike Wallpapers | HD Wallpapers",
        "MediaUrl": "http://www.hdwallpapers.in/walls/yamaha_r6_sports_bike-normal.jpg",
        "SourceUrl": "http://www.hdwallpapers.in/yamaha_r6_sports_bike-wallpapers.html",
        "DisplayUrl": "www.hdwallpapers.in/yamaha_r6_sports_bike-wallpapers.html",
        "Width": "1280",
        "Height": "960",
        "FileSize": "289472",
        "ContentType": "jpeg",
        "Thumbnail": {
          "__metadata": {
            "type": "Bing.Thumbnail"
          },
          "MediaUrl": "http://ts3.mm.bing.net/th?id=OIP.M0107a190bd0382870edeea8b64f7c31aH0&pid=15.1",
          "ContentType": "jpg",
          "Width": "300",
          "Height": "225",
          "FileSize": "12507"
        }
      },
      {
        "__metadata": {
          "uri": "https://api.datamarket.azure.com/Data.ashx/Bing/Search/Image?Query='motorbike photo'&$skip=19&$top=1",
          "type": "ImageResult"
        },
        "ID": "7a89b22b-02d0-4f92-bbbc-803c3fa70f35",
        "Title": "Yamaha Motorcycle YZF R6 Wallpapers Pictures Photos Images",
        "MediaUrl": "http://www.mrwallpaper.com/wallpapers/Yamaha-Motorcycle-YZF-R6.jpg",
        "SourceUrl": "http://www.mrwallpaper.com/Yamaha-Motorcycle-YZF-R6-wallpaper/",
        "DisplayUrl": "www.mrwallpaper.com/Yamaha-Motorcycle-YZF-R6-wallpaper",
        "Width": "2560",
        "Height": "1600",
        "FileSize": "1258123",
        "ContentType": "jpeg",
        "Thumbnail": {
          "__metadata": {
            "type": "Bing.Thumbnail"
          },
          "MediaUrl": "http://ts2.mm.bing.net/th?id=OIP.M73845ba23cd15fe505c7898fab68a98dH0&pid=15.1",
          "ContentType": "jpg",
          "Width": "300",
          "Height": "187",
          "FileSize": "14076"
        }
      },
      {
        "__metadata": {
          "uri": "https://api.datamarket.azure.com/Data.ashx/Bing/Search/Image?Query='motorbike photo'&$skip=20&$top=1",
          "type": "ImageResult"
        },
        "ID": "26507054-72a4-4233-abc9-75a99f6b900c",
        "Title": "For everything Motorbike related - Internet Motorbikes ...",
        "MediaUrl": "http://image.made-in-china.com/2f0j00mChQTyalbibq/New-Design-SM250-3-Motorbike.jpg",
        "SourceUrl": "http://internetmotorbikes.co.uk/motorbike-mania",
        "DisplayUrl": "internetmotorbikes.co.uk/motorbike-mania",
        "Width": "782",
        "Height": "587",
        "FileSize": "76235",
        "ContentType": "jpeg",
        "Thumbnail": {
          "__metadata": {
            "type": "Bing.Thumbnail"
          },
          "MediaUrl": "http://ts1.mm.bing.net/th?id=OIP.Ma025ea176da4d546fdbbda279b2625e5H0&pid=15.1",
          "ContentType": "jpg",
          "Width": "300",
          "Height": "225",
          "FileSize": "10627"
        }
      },
      {
        "__metadata": {
          "uri": "https://api.datamarket.azure.com/Data.ashx/Bing/Search/Image?Query='motorbike photo'&$skip=21&$top=1",
          "type": "ImageResult"
        },
        "ID": "0d780271-67f9-4d7d-a22d-d7d209943cde",
        "Title": "Yamaha black motorbike - Wallpapers Points",
        "MediaUrl": "http://wallpaperspoints.com/wp-content/uploads/2013/06/Yamaha-black-motorbike.jpg",
        "SourceUrl": "https://www.wallpaperspoints.com/yamaha-black-motorbike.html",
        "DisplayUrl": "https://www.wallpaperspoints.com/yamaha-black-motorbike.html",
        "Width": "1366",
        "Height": "768",
        "FileSize": "244478",
        "ContentType": "jpeg",
        "Thumbnail": {
          "__metadata": {
            "type": "Bing.Thumbnail"
          },
          "MediaUrl": "http://ts3.mm.bing.net/th?id=OIP.M74308d0d90f3921c03076a6880e394bbH0&pid=15.1",
          "ContentType": "jpg",
          "Width": "300",
          "Height": "168",
          "FileSize": "9243"
        }
      },
      {
        "__metadata": {
          "uri": "https://api.datamarket.azure.com/Data.ashx/Bing/Search/Image?Query='motorbike photo'&$skip=22&$top=1",
          "type": "ImageResult"
        },
        "ID": "45843ec4-1c01-4b2e-b482-c5780cd5004d",
        "Title": "Desiree Hopes Blog | Dees motorcycle blog - hits tips and advice",
        "MediaUrl": "http://desireehope.co.uk/wp-content/uploads/2014/04/Motorbike-wallpapers.jpg",
        "SourceUrl": "http://desireehope.co.uk/",
        "DisplayUrl": "desireehope.co.uk",
        "Width": "1024",
        "Height": "768",
        "FileSize": "159446",
        "ContentType": "jpeg",
        "Thumbnail": {
          "__metadata": {
            "type": "Bing.Thumbnail"
          },
          "MediaUrl": "http://ts4.mm.bing.net/th?id=OIP.Mdae4f78abd71292790ff8dfd25239f56o0&pid=15.1",
          "ContentType": "jpg",
          "Width": "300",
          "Height": "225",
          "FileSize": "15367"
        }
      },
      {
        "__metadata": {
          "uri": "https://api.datamarket.azure.com/Data.ashx/Bing/Search/Image?Query='motorbike photo'&$skip=23&$top=1",
          "type": "ImageResult"
        },
        "ID": "0ec284c1-67b0-486d-b815-0ed781ab0ed2",
        "Title": "PORSCHE CUSTOM MOTORCYCLE - Motorcycles Wallpaper (16727545) - Fanpop",
        "MediaUrl": "http://images4.fanpop.com/image/photos/16700000/PORSCHE-CUSTOM-MOTORCYCLE-motorcycles-16727545-1024-768.jpg",
        "SourceUrl": "http://www.fanpop.com/clubs/motorcycles/images/16727545/title/porsche-custom-motorcycle-wallpaper",
        "DisplayUrl": "www.fanpop.com/clubs/motorcycles/images/16727545/title/porsche...",
        "Width": "1024",
        "Height": "768",
        "FileSize": "81230",
        "ContentType": "jpeg",
        "Thumbnail": {
          "__metadata": {
            "type": "Bing.Thumbnail"
          },
          "MediaUrl": "http://ts2.mm.bing.net/th?id=OIP.M01eb0eecea705d0b925d247c06c467abH0&pid=15.1",
          "ContentType": "jpg",
          "Width": "300",
          "Height": "225",
          "FileSize": "10714"
        }
      },
      {
        "__metadata": {
          "uri": "https://api.datamarket.azure.com/Data.ashx/Bing/Search/Image?Query='motorbike photo'&$skip=24&$top=1",
          "type": "ImageResult"
        },
        "ID": "145f9d4b-a6eb-45c4-91ff-f10664a110e9",
        "Title": "Yamaha R6 Bike Wallpapers | HD Wallpapers",
        "MediaUrl": "http://www.hdwallpapers.in/walls/yamaha_r6_bike-HD.jpg",
        "SourceUrl": "http://www.hdwallpapers.in/yamaha_r6_bike-wallpapers.html",
        "DisplayUrl": "www.hdwallpapers.in/yamaha_r6_bike-wallpapers.html",
        "Width": "1920",
        "Height": "1080",
        "FileSize": "803321",
        "ContentType": "jpeg",
        "Thumbnail": {
          "__metadata": {
            "type": "Bing.Thumbnail"
          },
          "MediaUrl": "http://ts4.mm.bing.net/th?id=OIP.M08ceb548d91931c86a8791925538af16H0&pid=15.1",
          "ContentType": "jpg",
          "Width": "300",
          "Height": "168",
          "FileSize": "12234"
        }
      },
      {
        "__metadata": {
          "uri": "https://api.datamarket.azure.com/Data.ashx/Bing/Search/Image?Query='motorbike photo'&$skip=25&$top=1",
          "type": "ImageResult"
        },
        "ID": "aa7198cf-ce08-4c2c-b14f-6fefb8fca8f0",
        "Title": "yamaha, wallpaper, superbike, sizes, motorbike",
        "MediaUrl": "http://www.motorbike-wallpapers.com/bulkupload/MotorBike/Yamaha/Yamaha-RZF-Superbike.jpg",
        "SourceUrl": "http://hdw.eweb4.com/out/129960.html",
        "DisplayUrl": "hdw.eweb4.com/out/129960.html",
        "Width": "1920",
        "Height": "1200",
        "FileSize": "298866",
        "ContentType": "jpeg",
        "Thumbnail": {
          "__metadata": {
            "type": "Bing.Thumbnail"
          },
          "MediaUrl": "http://ts4.mm.bing.net/th?id=OIP.M4dc4cd5245bef36e358e17f09623c208H0&pid=15.1",
          "ContentType": "jpg",
          "Width": "300",
          "Height": "187",
          "FileSize": "11085"
        }
      },
      {
        "__metadata": {
          "uri": "https://api.datamarket.azure.com/Data.ashx/Bing/Search/Image?Query='motorbike photo'&$skip=26&$top=1",
          "type": "ImageResult"
        },
        "ID": "bb996e0e-fd43-400b-ac9f-225d0f2b2970",
        "Title": "File:Megelli Sports motorcycle.jpg - Wikimedia Commons",
        "MediaUrl": "http://upload.wikimedia.org/wikipedia/commons/7/74/Megelli_Sports_motorcycle.jpg",
        "SourceUrl": "http://commons.wikimedia.org/wiki/File:Megelli_Sports_motorcycle.jpg",
        "DisplayUrl": "commons.wikimedia.org/wiki/File:Megelli_Sports_motorcycle.jpg",
        "Width": "3543",
        "Height": "1969",
        "FileSize": "1754263",
        "ContentType": "jpeg",
        "Thumbnail": {
          "__metadata": {
            "type": "Bing.Thumbnail"
          },
          "MediaUrl": "http://ts1.mm.bing.net/th?id=OIP.Me4a982188085489199989eaa304f791bo0&pid=15.1",
          "ContentType": "jpg",
          "Width": "300",
          "Height": "166",
          "FileSize": "8930"
        }
      },
      {
        "__metadata": {
          "uri": "https://api.datamarket.azure.com/Data.ashx/Bing/Search/Image?Query='motorbike photo'&$skip=27&$top=1",
          "type": "ImageResult"
        },
        "ID": "af3ba52f-2bd9-4c57-b009-219c57866321",
        "Title": "BMW Sport Bike Wallpapers | HD Wallpapers",
        "MediaUrl": "http://www.hdwallpapers.in/walls/bmw_sport_bike-HD.jpg",
        "SourceUrl": "http://www.hdwallpapers.in/bmw_sport_bike-wallpapers.html",
        "DisplayUrl": "www.hdwallpapers.in/bmw_sport_bike-wallpapers.html",
        "Width": "1920",
        "Height": "1080",
        "FileSize": "889235",
        "ContentType": "jpeg",
        "Thumbnail": {
          "__metadata": {
            "type": "Bing.Thumbnail"
          },
          "MediaUrl": "http://ts4.mm.bing.net/th?id=OIP.M09ca3d836502c83b65f41be3e8ac1441H0&pid=15.1",
          "ContentType": "jpg",
          "Width": "300",
          "Height": "168",
          "FileSize": "9277"
        }
      },
      {
        "__metadata": {
          "uri": "https://api.datamarket.azure.com/Data.ashx/Bing/Search/Image?Query='motorbike photo'&$skip=28&$top=1",
          "type": "ImageResult"
        },
        "ID": "4ae6daca-8b62-466f-8647-ad79c4bf02af",
        "Title": "Motorcycle News and Motorcycles",
        "MediaUrl": "http://www.wallpaperspoints.com/wp-content/uploads/2014/09/motorbike-riding-sports-wal.jpg",
        "SourceUrl": "http://www.wallpaperspoints.com/motorbike-riding-sports-wallpapers.html",
        "DisplayUrl": "www.wallpaperspoints.com/motorbike-riding-sports-wallpapers.html",
        "Width": "1920",
        "Height": "1284",
        "FileSize": "264456",
        "ContentType": "jpeg",
        "Thumbnail": {
          "__metadata": {
            "type": "Bing.Thumbnail"
          },
          "MediaUrl": "http://ts2.mm.bing.net/th?id=OIP.Mfa0524c3b9209108ea29e0377d7b06eao0&pid=15.1",
          "ContentType": "jpg",
          "Width": "300",
          "Height": "200",
          "FileSize": "8277"
        }
      },
      {
        "__metadata": {
          "uri": "https://api.datamarket.azure.com/Data.ashx/Bing/Search/Image?Query='motorbike photo'&$skip=29&$top=1",
          "type": "ImageResult"
        },
        "ID": "ec7fe382-1ead-456f-a76c-39194d857a5e",
        "Title": "Police were ordered not to chase after motorbike thieves because of ...",
        "MediaUrl": "http://i.telegraph.co.uk/multimedia/archive/01697/YamahaR1_1697379c.jpg",
        "SourceUrl": "http://www.telegraph.co.uk/news/uknews/law-and-order/7947956/Police-ordered-not-to-chase-motorbike-raiders.html",
        "DisplayUrl": "www.telegraph.co.uk/news/uknews/law-and-order/7947956/Police...",
        "Width": "460",
        "Height": "288",
        "FileSize": "14598",
        "ContentType": "jpeg",
        "Thumbnail": {
          "__metadata": {
            "type": "Bing.Thumbnail"
          },
          "MediaUrl": "http://ts4.mm.bing.net/th?id=OIP.M0ce6b4e616f65288dcee4dbfd5db2df3o0&pid=15.1",
          "ContentType": "jpg",
          "Width": "300",
          "Height": "187",
          "FileSize": "7914"
        }
      },
      {
        "__metadata": {
          "uri": "https://api.datamarket.azure.com/Data.ashx/Bing/Search/Image?Query='motorbike photo'&$skip=30&$top=1",
          "type": "ImageResult"
        },
        "ID": "1012dc31-7a55-496c-b0dd-0fca15052767",
        "Title": "Motorcycle: motorbike",
        "MediaUrl": "http://www.motorbike-wallpapers.com/bulkupload/MotorBike/Yamaha/Yamaha-Deltabox-R1.jpg",
        "SourceUrl": "http://motocycle99.blogspot.com/2014/12/motorbike.html",
        "DisplayUrl": "motocycle99.blogspot.com/2014/12/motorbike.html",
        "Width": "1920",
        "Height": "1200",
        "FileSize": "250847",
        "ContentType": "jpeg",
        "Thumbnail": {
          "__metadata": {
            "type": "Bing.Thumbnail"
          },
          "MediaUrl": "http://ts2.mm.bing.net/th?id=OIP.Md3828a0b0536197c43cfb4ddb7fd6743o0&pid=15.1",
          "ContentType": "jpg",
          "Width": "300",
          "Height": "187",
          "FileSize": "9405"
        }
      },
      {
        "__metadata": {
          "uri": "https://api.datamarket.azure.com/Data.ashx/Bing/Search/Image?Query='motorbike photo'&$skip=31&$top=1",
          "type": "ImageResult"
        },
        "ID": "2c9040f1-3952-4aac-b81f-a7bc4398c79d",
        "Title": "... Most Powerful and Technologically Advanced Intel Bike American Chopper",
        "MediaUrl": "http://bikeglam.com/wp-content/uploads/2012/01/Intels_American_Chopper_Bike.jpg",
        "SourceUrl": "http://bikeglam.com/the-most-powerful-and-technologically-advanced-intel-bike-american-chopper/",
        "DisplayUrl": "bikeglam.com/the-most-powerful-and-technologically-advanced-intel...",
        "Width": "1920",
        "Height": "1200",
        "FileSize": "375008",
        "ContentType": "jpeg",
        "Thumbnail": {
          "__metadata": {
            "type": "Bing.Thumbnail"
          },
          "MediaUrl": "http://ts2.mm.bing.net/th?id=OIP.M76730ea578884b3a55a279cbd793c165H0&pid=15.1",
          "ContentType": "jpg",
          "Width": "300",
          "Height": "187",
          "FileSize": "8983"
        }
      },
      {
        "__metadata": {
          "uri": "https://api.datamarket.azure.com/Data.ashx/Bing/Search/Image?Query='motorbike photo'&$skip=32&$top=1",
          "type": "ImageResult"
        },
        "ID": "a8e2b859-4648-47f9-9656-45fb1a423d5f",
        "Title": "This licensing tag was added to this file as part of the GFDL ...",
        "MediaUrl": "http://upload.wikimedia.org/wikipedia/commons/f/fc/Motorcycle_phillip_island03.jpg",
        "SourceUrl": "http://en.wikipedia.org/wiki/file:motorcycle_phillip_island03.jpg",
        "DisplayUrl": "en.wikipedia.org/wiki/file:motorcycle_phillip_island03.jpg",
        "Width": "1600",
        "Height": "1067",
        "FileSize": "293606",
        "ContentType": "jpeg",
        "Thumbnail": {
          "__metadata": {
            "type": "Bing.Thumbnail"
          },
          "MediaUrl": "http://ts1.mm.bing.net/th?id=OIP.Mf7a4d872916f420b9497b1026998dca8o0&pid=15.1",
          "ContentType": "jpg",
          "Width": "300",
          "Height": "200",
          "FileSize": "12881"
        }
      },
      {
        "__metadata": {
          "uri": "https://api.datamarket.azure.com/Data.ashx/Bing/Search/Image?Query='motorbike photo'&$skip=33&$top=1",
          "type": "ImageResult"
        },
        "ID": "5beae078-7b3f-4496-bddf-f28f24865b0e",
        "Title": "Motorbike - MotoGP '07",
        "MediaUrl": "http://bestgamewallpapers.com/files/motogp07/motorbike.jpg",
        "SourceUrl": "http://bestgamewallpapers.com/motogp07/motorbike",
        "DisplayUrl": "bestgamewallpapers.com/motogp07/motorbike",
        "Width": "1280",
        "Height": "960",
        "FileSize": "197443",
        "ContentType": "jpeg",
        "Thumbnail": {
          "__metadata": {
            "type": "Bing.Thumbnail"
          },
          "MediaUrl": "http://ts1.mm.bing.net/th?id=OIP.M00c7dede4b6965f6cb54c049f1a9faa6o0&pid=15.1",
          "ContentType": "jpg",
          "Width": "300",
          "Height": "225",
          "FileSize": "11866"
        }
      },
      {
        "__metadata": {
          "uri": "https://api.datamarket.azure.com/Data.ashx/Bing/Search/Image?Query='motorbike photo'&$skip=34&$top=1",
          "type": "ImageResult"
        },
        "ID": "531d1a6c-8db1-45f7-acf8-36ddfc9ddf1b",
        "Title": "Super Bikes Photo: concept-motorbike-by-hiro-nakano",
        "MediaUrl": "http://4.bp.blogspot.com/_tXG9pxSBM1s/TPznZnQbgHI/AAAAAAAAE6E/C8-VUjoWMAg/s1600/concept-motorbike-by-hiro-nakano.jpg",
        "SourceUrl": "http://superbikesphoto.blogspot.com/2011/02/concept-motorbike-by-hiro-nakano.html",
        "DisplayUrl": "superbikesphoto.blogspot.com/2011/02/concept-motorbike-by-hiro...",
        "Width": "502",
        "Height": "364",
        "FileSize": "30625",
        "ContentType": "jpeg",
        "Thumbnail": {
          "__metadata": {
            "type": "Bing.Thumbnail"
          },
          "MediaUrl": "http://ts2.mm.bing.net/th?id=OIP.M5c72b779577ee74e1051f7d329de197fo0&pid=15.1",
          "ContentType": "jpg",
          "Width": "300",
          "Height": "217",
          "FileSize": "12077"
        }
      },
      {
        "__metadata": {
          "uri": "https://api.datamarket.azure.com/Data.ashx/Bing/Search/Image?Query='motorbike photo'&$skip=35&$top=1",
          "type": "ImageResult"
        },
        "ID": "7c843ee7-5e5a-4656-80f6-f9dea048cb63",
        "Title": "Some amazing digital paintings and concept arts from a local comic ...",
        "MediaUrl": "http://4.bp.blogspot.com/-kNpPGgcqPVA/TzFcQQrJYQI/AAAAAAAABhE/ejYtJ9kQZ4g/s1600/495_max.jpg",
        "SourceUrl": "http://freethewheels.blogspot.com/2012/02/puppeteers-motorcycle-art.html",
        "DisplayUrl": "freethewheels.blogspot.com/2012/02/puppeteers-motorcycle-art.html",
        "Width": "1200",
        "Height": "849",
        "FileSize": "331673",
        "ContentType": "jpeg",
        "Thumbnail": {
          "__metadata": {
            "type": "Bing.Thumbnail"
          },
          "MediaUrl": "http://ts4.mm.bing.net/th?id=OIP.Mee723538f3323e1bb00e50b5795ee404H0&pid=15.1",
          "ContentType": "jpg",
          "Width": "300",
          "Height": "212",
          "FileSize": "16930"
        }
      },
      {
        "__metadata": {
          "uri": "https://api.datamarket.azure.com/Data.ashx/Bing/Search/Image?Query='motorbike photo'&$skip=36&$top=1",
          "type": "ImageResult"
        },
        "ID": "11e726b4-da60-4258-a258-ecbed9936c4b",
        "Title": "MotoCzysz Racing Bike Wallpapers | HD Wallpapers",
        "MediaUrl": "http://www.hdwallpapers.in/walls/motoczysz_racing_bike-normal.jpg",
        "SourceUrl": "http://www.hdwallpapers.in/motoczysz_racing_bike-wallpapers.html",
        "DisplayUrl": "www.hdwallpapers.in/motoczysz_racing_bike-wallpapers.html",
        "Width": "1600",
        "Height": "1200",
        "FileSize": "223698",
        "ContentType": "jpeg",
        "Thumbnail": {
          "__metadata": {
            "type": "Bing.Thumbnail"
          },
          "MediaUrl": "http://ts1.mm.bing.net/th?id=OIP.M06f99c1fa0e591398b49fa8db30d44c0H0&pid=15.1",
          "ContentType": "jpg",
          "Width": "300",
          "Height": "225",
          "FileSize": "13570"
        }
      },
      {
        "__metadata": {
          "uri": "https://api.datamarket.azure.com/Data.ashx/Bing/Search/Image?Query='motorbike photo'&$skip=37&$top=1",
          "type": "ImageResult"
        },
        "ID": "fc3311fa-e640-4e28-a9d1-18e1c9f166a6",
        "Title": "Original file ‎ (1,600 × 1,067 pixels, file size: 336 KB, MIME type ...",
        "MediaUrl": "http://upload.wikimedia.org/wikipedia/commons/7/79/Motorbike_rider_mono.jpg",
        "SourceUrl": "http://en.wikipedia.org/wiki/File:Motorbike_rider_mono.jpg",
        "DisplayUrl": "en.wikipedia.org/wiki/File:Motorbike_rider_mono.jpg",
        "Width": "1600",
        "Height": "1067",
        "FileSize": "344256",
        "ContentType": "jpeg",
        "Thumbnail": {
          "__metadata": {
            "type": "Bing.Thumbnail"
          },
          "MediaUrl": "http://ts3.mm.bing.net/th?id=OIP.M5d5666cc9f13ccfe098777ac17eafe4bH0&pid=15.1",
          "ContentType": "jpg",
          "Width": "300",
          "Height": "200",
          "FileSize": "12959"
        }
      },
      {
        "__metadata": {
          "uri": "https://api.datamarket.azure.com/Data.ashx/Bing/Search/Image?Query='motorbike photo'&$skip=38&$top=1",
          "type": "ImageResult"
        },
        "ID": "7d4b7a3a-9162-491d-b8cc-dd7fb54bf5f0",
        "Title": "Kidzwood Picture Dictionary: Motorbike",
        "MediaUrl": "http://www.kidzwood.com/picz/motorbike.jpg",
        "SourceUrl": "http://www.kidzwood.com/Motorbike",
        "DisplayUrl": "www.kidzwood.com/Motorbike",
        "Width": "1920",
        "Height": "1200",
        "FileSize": "482775",
        "ContentType": "jpeg",
        "Thumbnail": {
          "__metadata": {
            "type": "Bing.Thumbnail"
          },
          "MediaUrl": "http://ts2.mm.bing.net/th?id=OIP.M6989b2973ef4c2b04d5ca90246d1ef4eo0&pid=15.1",
          "ContentType": "jpg",
          "Width": "300",
          "Height": "187",
          "FileSize": "13793"
        }
      },
      {
        "__metadata": {
          "uri": "https://api.datamarket.azure.com/Data.ashx/Bing/Search/Image?Query='motorbike photo'&$skip=39&$top=1",
          "type": "ImageResult"
        },
        "ID": "4fee0885-7474-4f38-b68b-cc3c06b130ea",
        "Title": "Description WA Police Motorbike.jpg",
        "MediaUrl": "http://upload.wikimedia.org/wikipedia/commons/c/c0/WA_Police_Motorbike.jpg",
        "SourceUrl": "http://commons.wikimedia.org/wiki/File:WA_Police_Motorbike.jpg",
        "DisplayUrl": "commons.wikimedia.org/wiki/File:WA_Police_Motorbike.jpg",
        "Width": "1280",
        "Height": "848",
        "FileSize": "279726",
        "ContentType": "jpeg",
        "Thumbnail": {
          "__metadata": {
            "type": "Bing.Thumbnail"
          },
          "MediaUrl": "http://ts3.mm.bing.net/th?id=OIP.M026f6b50c56ab66407d8054faebe890cH0&pid=15.1",
          "ContentType": "jpg",
          "Width": "300",
          "Height": "198",
          "FileSize": "13023"
        }
      },
      {
        "__metadata": {
          "uri": "https://api.datamarket.azure.com/Data.ashx/Bing/Search/Image?Query='motorbike photo'&$skip=40&$top=1",
          "type": "ImageResult"
        },
        "ID": "0feeba4d-449b-4f85-82ff-caf5db6ef61c",
        "Title": "Description Yamaha motorbike display - phillip island.jpg",
        "MediaUrl": "http://upload.wikimedia.org/wikipedia/commons/2/2e/Yamaha_motorbike_display_-_phillip_island.jpg",
        "SourceUrl": "http://commons.wikimedia.org/wiki/File:Yamaha_motorbike_display_-_phillip_island.jpg",
        "DisplayUrl": "commons.wikimedia.org/wiki/File:Yamaha_motorbike_display_-_phillip...",
        "Width": "1600",
        "Height": "1067",
        "FileSize": "507411",
        "ContentType": "jpeg",
        "Thumbnail": {
          "__metadata": {
            "type": "Bing.Thumbnail"
          },
          "MediaUrl": "http://ts3.mm.bing.net/th?id=OIP.Me6b56b2945f50fb897b133f949631a03o0&pid=15.1",
          "ContentType": "jpg",
          "Width": "300",
          "Height": "200",
          "FileSize": "18656"
        }
      },
      {
        "__metadata": {
          "uri": "https://api.datamarket.azure.com/Data.ashx/Bing/Search/Image?Query='motorbike photo'&$skip=41&$top=1",
          "type": "ImageResult"
        },
        "ID": "7804cebf-2e6d-4704-82a5-565f58c051c1",
        "Title": "Motorbike | Simply beautiful iPhone wallpapers",
        "MediaUrl": "http://www.iphonewallpapers.me/wp-content/uploads/2012/03/Motorbike.png",
        "SourceUrl": "http://www.iphonewallpapers.me/motorbike/",
        "DisplayUrl": "www.iphonewallpapers.me/motorbike",
        "Width": "640",
        "Height": "960",
        "FileSize": "574110",
        "ContentType": "png",
        "Thumbnail": {
          "__metadata": {
            "type": "Bing.Thumbnail"
          },
          "MediaUrl": "http://ts3.mm.bing.net/th?id=OIP.Mb5dcfcaf09efc0e69647247e958aae1ao0&pid=15.1",
          "ContentType": "jpg",
          "Width": "200",
          "Height": "300",
          "FileSize": "11334"
        }
      },
      {
        "__metadata": {
          "uri": "https://api.datamarket.azure.com/Data.ashx/Bing/Search/Image?Query='motorbike photo'&$skip=42&$top=1",
          "type": "ImageResult"
        },
        "ID": "02863c7d-7e98-4cb3-8e62-ee0a857924e5",
        "Title": "2012 Zero S electric motorcycle [photo: Ben Rich]",
        "MediaUrl": "http://images.thecarconnection.com/lrg/2012-zero-s-electric-motorcycle-photo-ben-rich_100396622_l.jpg",
        "SourceUrl": "http://www.greencarreports.com/news/1077745_can-a-2012-zero-s-electric-motorcycle-really-cover-100-miles",
        "DisplayUrl": "www.greencarreports.com/news/1077745_can-a-2012-zero-s-electric...",
        "Width": "1024",
        "Height": "768",
        "FileSize": "278032",
        "ContentType": "jpeg",
        "Thumbnail": {
          "__metadata": {
            "type": "Bing.Thumbnail"
          },
          "MediaUrl": "http://ts1.mm.bing.net/th?id=OIP.Mec2b91b069f9662afe1c0cddd17f7427H0&pid=15.1",
          "ContentType": "jpg",
          "Width": "300",
          "Height": "225",
          "FileSize": "19841"
        }
      },
      {
        "__metadata": {
          "uri": "https://api.datamarket.azure.com/Data.ashx/Bing/Search/Image?Query='motorbike photo'&$skip=43&$top=1",
          "type": "ImageResult"
        },
        "ID": "346b290e-0b4f-4fb7-ba75-d8893610300e",
        "Title": "35 HD Bike Wallpapers for Desktop Free Download",
        "MediaUrl": "http://cdn.wonderfulengineering.com/wp-content/uploads/2013/12/bike-wallpaper-8.jpg",
        "SourceUrl": "http://wonderfulengineering.com/35-hd-bike-wallpapers-for-desktop-free-download/",
        "DisplayUrl": "wonderfulengineering.com/35-hd-bike-wallpapers-for-desktop-free...",
        "Width": "1920",
        "Height": "1080",
        "FileSize": "298322",
        "ContentType": "jpeg",
        "Thumbnail": {
          "__metadata": {
            "type": "Bing.Thumbnail"
          },
          "MediaUrl": "http://ts2.mm.bing.net/th?id=OIP.M5fa7e00de92c4b62fa389121d7b83e0fH0&pid=15.1",
          "ContentType": "jpg",
          "Width": "300",
          "Height": "168",
          "FileSize": "8270"
        }
      },
      {
        "__metadata": {
          "uri": "https://api.datamarket.azure.com/Data.ashx/Bing/Search/Image?Query='motorbike photo'&$skip=44&$top=1",
          "type": "ImageResult"
        },
        "ID": "863c9d77-cf80-4176-8dd7-7c2ba400a81f",
        "Title": "Human Motorcycles Bodypaint - Motorbike bodypainting Trina Merry",
        "MediaUrl": "http://www.ilovebodyart.com/wp-content/uploads/2012/10/Human_motorcycle_bodypainting_sportbike.jpg",
        "SourceUrl": "http://www.ilovebodyart.com/human-motorcycles-bodypaint/",
        "DisplayUrl": "www.ilovebodyart.com/human-motorcycles-bodypaint",
        "Width": "1024",
        "Height": "683",
        "FileSize": "256365",
        "ContentType": "jpeg",
        "Thumbnail": {
          "__metadata": {
            "type": "Bing.Thumbnail"
          },
          "MediaUrl": "http://ts3.mm.bing.net/th?id=OIP.Mfc34ad684d9025df32e4ca993d3bdad7o0&pid=15.1",
          "ContentType": "jpg",
          "Width": "300",
          "Height": "200",
          "FileSize": "9132"
        }
      },
      {
        "__metadata": {
          "uri": "https://api.datamarket.azure.com/Data.ashx/Bing/Search/Image?Query='motorbike photo'&$skip=45&$top=1",
          "type": "ImageResult"
        },
        "ID": "c56633a0-553e-4c31-a606-ac73495bbd50",
        "Title": "Monster Motorbike : News & Reports : Motoring : Web Wombat",
        "MediaUrl": "http://www.webwombat.com.au/motoring/car-photos/monster-motorbike-1-big.jpg",
        "SourceUrl": "http://www.webwombat.com.au/motoring/news_reports/monster-motorbike.htm",
        "DisplayUrl": "www.webwombat.com.au/motoring/news_reports/monster-motorbike.htm",
        "Width": "1024",
        "Height": "768",
        "FileSize": "210618",
        "ContentType": "jpeg",
        "Thumbnail": {
          "__metadata": {
            "type": "Bing.Thumbnail"
          },
          "MediaUrl": "http://ts4.mm.bing.net/th?id=OIP.M7718a1472d3cba7eab46580761eb3d0co0&pid=15.1",
          "ContentType": "jpg",
          "Width": "300",
          "Height": "225",
          "FileSize": "12828"
        }
      },
      {
        "__metadata": {
          "uri": "https://api.datamarket.azure.com/Data.ashx/Bing/Search/Image?Query='motorbike photo'&$skip=46&$top=1",
          "type": "ImageResult"
        },
        "ID": "ff02c17e-4920-4aa7-98c2-e594379a349c",
        "Title": "Rex Motorcycle Photo",
        "MediaUrl": "http://4.bp.blogspot.com/-A0PuOR6SMlE/UDfP1Q6v1iI/AAAAAAAAAOQ/GHnU86rHnb0/s1600/T+Rex+Motorcycle+Photo.jpg",
        "SourceUrl": "http://ezinecars.blogspot.com/2012/08/campagna-t-rex.html",
        "DisplayUrl": "ezinecars.blogspot.com/2012/08/campagna-t-rex.html",
        "Width": "950",
        "Height": "713",
        "FileSize": "307089",
        "ContentType": "jpeg",
        "Thumbnail": {
          "__metadata": {
            "type": "Bing.Thumbnail"
          },
          "MediaUrl": "http://ts2.mm.bing.net/th?id=OIP.M84d6f4b194fc309b1eedde2e71933d6bH0&pid=15.1",
          "ContentType": "jpg",
          "Width": "300",
          "Height": "225",
          "FileSize": "20428"
        }
      },
      {
        "__metadata": {
          "uri": "https://api.datamarket.azure.com/Data.ashx/Bing/Search/Image?Query='motorbike photo'&$skip=47&$top=1",
          "type": "ImageResult"
        },
        "ID": "e79873c9-cb61-4db7-898c-71b023c38ff5",
        "Title": "question raised In my office: \"Why there is no Ferrari motorcycle ...",
        "MediaUrl": "http://www.duccutters.com/AmirGlinik-GlinikFerrari/Ferrari_V4_Motorcycle_149.jpg",
        "SourceUrl": "http://www.duccutters.com/AmirGlinik-GlinikFerrari.tpl",
        "DisplayUrl": "www.duccutters.com/AmirGlinik-GlinikFerrari.tpl",
        "Width": "891",
        "Height": "508",
        "FileSize": "69856",
        "ContentType": "jpeg",
        "Thumbnail": {
          "__metadata": {
            "type": "Bing.Thumbnail"
          },
          "MediaUrl": "http://ts3.mm.bing.net/th?id=OIP.M5a71eab664d901b88cce53c203c00849H0&pid=15.1",
          "ContentType": "jpg",
          "Width": "300",
          "Height": "171",
          "FileSize": "9866"
        }
      },
      {
        "__metadata": {
          "uri": "https://api.datamarket.azure.com/Data.ashx/Bing/Search/Image?Query='motorbike photo'&$skip=48&$top=1",
          "type": "ImageResult"
        },
        "ID": "5961bd52-d39c-49fb-8a52-4b81c1a010a8",
        "Title": "35 HD Bike Wallpapers for Desktop Free Download",
        "MediaUrl": "http://cdn.wonderfulengineering.com/wp-content/uploads/2013/12/bike-wallpaper-9.jpg",
        "SourceUrl": "http://wonderfulengineering.com/35-hd-bike-wallpapers-for-desktop-free-download/",
        "DisplayUrl": "wonderfulengineering.com/35-hd-bike-wallpapers-for-desktop-free...",
        "Width": "1920",
        "Height": "1080",
        "FileSize": "336313",
        "ContentType": "jpeg",
        "Thumbnail": {
          "__metadata": {
            "type": "Bing.Thumbnail"
          },
          "MediaUrl": "http://ts4.mm.bing.net/th?id=OIP.Me67055626cfeac3f8dcd81feef22a831H0&pid=15.1",
          "ContentType": "jpg",
          "Width": "300",
          "Height": "168",
          "FileSize": "6811"
        }
      },
      {
        "__metadata": {
          "uri": "https://api.datamarket.azure.com/Data.ashx/Bing/Search/Image?Query='motorbike photo'&$skip=49&$top=1",
          "type": "ImageResult"
        },
        "ID": "a1b9db52-9074-49b0-b2ce-71c5df838aa8",
        "Title": "... PNG image, red motorcycle PNG - Red moto PNG image, red motorcycle PNG",
        "MediaUrl": "http://pngimg.com/upload/motorcycle_PNG3149.png",
        "SourceUrl": "http://pngimg.com/download/3149",
        "DisplayUrl": "pngimg.com/download/3149",
        "Width": "2992",
        "Height": "1992",
        "FileSize": "3865398",
        "ContentType": "png",
        "Thumbnail": {
          "__metadata": {
            "type": "Bing.Thumbnail"
          },
          "MediaUrl": "http://ts4.mm.bing.net/th?id=OIP.Mf28dae9a83656c9af25b0d0bab07c09eH0&pid=15.1",
          "ContentType": "jpg",
          "Width": "300",
          "Height": "199",
          "FileSize": "11021"
        }
      }
    ],
    "__next": "https://api.datamarket.azure.com/Data.ashx/Bing/Search/Image?Query='motorbike%20photo'&$skip=50&$top=50"
  }
}