{
  "d": {
    "results": [
      {
        "__metadata": {
          "uri": "https://api.datamarket.azure.com/Data.ashx/Bing/Search/Image?Query='saden photo car'&$skip=0&$top=1",
          "type": "ImageResult"
        },
        "ID": "fed111df-648a-406f-8a83-c44a49305c12",
        "Title": "2015 Toyota Corolla Sedan L 4dr Sedan Photo 1",
        "MediaUrl": "http://images.newcars.com/images/car-pictures/original/2015-Toyota-Corolla-Sedan-L-4dr-Sedan-Photo-1.png",
        "SourceUrl": "http://www.newcars.com/toyota/corolla/2015",
        "DisplayUrl": "www.newcars.com/toyota/corolla/2015",
        "Width": "2100",
        "Height": "1575",
        "FileSize": "254079",
        "ContentType": "jpeg",
        "Thumbnail": {
          "__metadata": {
            "type": "Bing.Thumbnail"
          },
          "MediaUrl": "http://ts4.mm.bing.net/th?id=OIP.M17c29ceec38b0253c461536a30f62011o0&pid=15.1",
          "ContentType": "jpg",
          "Width": "300",
          "Height": "225",
          "FileSize": "5862"
        }
      },
      {
        "__metadata": {
          "uri": "https://api.datamarket.azure.com/Data.ashx/Bing/Search/Image?Query='saden photo car'&$skip=1&$top=1",
          "type": "ImageResult"
        },
        "ID": "76ac15f0-d9ae-4d36-a424-38cb71ea4969",
        "Title": "Mazda 2",
        "MediaUrl": "http://2.bp.blogspot.com/_hkQlHjtIUFk/TTWeLpZe_4I/AAAAAAAAAAg/Jp3otu056ng/s1600/mazda2-sedan1.jpg",
        "SourceUrl": "http://cenmarket.blogspot.com/2011/01/mazda-2.html",
        "DisplayUrl": "cenmarket.blogspot.com/2011/01/mazda-2.html",
        "Width": "1374",
        "Height": "931",
        "FileSize": "255185",
        "ContentType": "jpeg",
        "Thumbnail": {
          "__metadata": {
            "type": "Bing.Thumbnail"
          },
          "MediaUrl": "http://ts4.mm.bing.net/th?id=OIP.M03238bb369be4161b3bafc23ed4e4597o0&pid=15.1",
          "ContentType": "jpg",
          "Width": "300",
          "Height": "203",
          "FileSize": "7723"
        }
      },
      {
        "__metadata": {
          "uri": "https://api.datamarket.azure.com/Data.ashx/Bing/Search/Image?Query='saden photo car'&$skip=2&$top=1",
          "type": "ImageResult"
        },
        "ID": "3426247b-1a48-492d-9e46-e8211813fdd2",
        "Title": "2015 Ford Fusion Hybrid Sedan S 4dr Front wheel Drive Sedan Photo 2",
        "MediaUrl": "http://images.newcars.com/images/car-pictures/original/2015-Ford-Fusion-Hybrid-Sedan-S-4dr-Front-wheel-Drive-Sedan-Photo-2.png",
        "SourceUrl": "http://www.newcars.com/ford/fusion-hybrid/2015",
        "DisplayUrl": "www.newcars.com/ford/fusion-hybrid/2015",
        "Width": "2100",
        "Height": "1386",
        "FileSize": "229237",
        "ContentType": "jpeg",
        "Thumbnail": {
          "__metadata": {
            "type": "Bing.Thumbnail"
          },
          "MediaUrl": "http://ts3.mm.bing.net/th?id=OIP.Mcff244ae170f0437ba623ca46e9c7654H0&pid=15.1",
          "ContentType": "jpg",
          "Width": "300",
          "Height": "198",
          "FileSize": "7103"
        }
      },
      {
        "__metadata": {
          "uri": "https://api.datamarket.azure.com/Data.ashx/Bing/Search/Image?Query='saden photo car'&$skip=3&$top=1",
          "type": "ImageResult"
        },
        "ID": "96180dc4-2dc8-457d-a327-09e7586af92f",
        "Title": "2017 Toyota Corolla Sedan L 4dr Sedan Photo 1",
        "MediaUrl": "http://images.newcars.com/images/car-pictures/original/2017-Toyota-Corolla-Sedan-L-4dr-Sedan-Photo-1.png",
        "SourceUrl": "http://www.newcars.com/toyota/corolla/2017",
        "DisplayUrl": "www.newcars.com/toyota/corolla/2017",
        "Width": "2100",
        "Height": "1386",
        "FileSize": "274268",
        "ContentType": "jpeg",
        "Thumbnail": {
          "__metadata": {
            "type": "Bing.Thumbnail"
          },
          "MediaUrl": "http://ts2.mm.bing.net/th?id=OIF.osEJ5f8o4%2ft9iHNmYm83jQ&pid=15.1",
          "ContentType": "jpg",
          "Width": "300",
          "Height": "198",
          "FileSize": "0"
        }
      },
      {
        "__metadata": {
          "uri": "https://api.datamarket.azure.com/Data.ashx/Bing/Search/Image?Query='saden photo car'&$skip=4&$top=1",
          "type": "ImageResult"
        },
        "ID": "1ec2f1a1-274b-4301-b416-a8e570782dbc",
        "Title": "... Benz CLA Class Sedan Base CLA250 4dr Front wheel Drive Sedan Photo 4",
        "MediaUrl": "http://images.newcars.com/images/car-pictures/original/2016-Mercedes-Benz-CLA-Class-Sedan-Base-CLA250-4dr-Front-wheel-Drive-Sedan-Photo-4.png",
        "SourceUrl": "http://www.newcars.com/mercedes-benz/cla250/2016",
        "DisplayUrl": "www.newcars.com/mercedes-benz/cla250/2016",
        "Width": "2100",
        "Height": "1575",
        "FileSize": "234574",
        "ContentType": "jpeg",
        "Thumbnail": {
          "__metadata": {
            "type": "Bing.Thumbnail"
          },
          "MediaUrl": "http://ts2.mm.bing.net/th?id=OIF.fKJOePvMpn1DdJtmas%2b1Vg&pid=15.1",
          "ContentType": "jpg",
          "Width": "300",
          "Height": "225",
          "FileSize": "0"
        }
      },
      {
        "__metadata": {
          "uri": "https://api.datamarket.azure.com/Data.ashx/Bing/Search/Image?Query='saden photo car'&$skip=5&$top=1",
          "type": "ImageResult"
        },
        "ID": "96d99f29-4d5a-4e92-b673-76865c6949ba",
        "Title": "2017-Nissan-Versa-Sedan-1.6-S-4dr-Sedan-Photo-13",
        "MediaUrl": "http://images.newcars.com/images/car-pictures/original/2017-Nissan-Versa-Sedan-1.6-S-4dr-Sedan-Photo-13.png",
        "SourceUrl": "http://www.newcars.com/nissan/versa/2017",
        "DisplayUrl": "www.newcars.com/nissan/versa/2017",
        "Width": "2100",
        "Height": "1386",
        "FileSize": "267729",
        "ContentType": "jpeg",
        "Thumbnail": {
          "__metadata": {
            "type": "Bing.Thumbnail"
          },
          "MediaUrl": "http://ts2.mm.bing.net/th?id=OIF.%2boXWryc2%2f2WaLnuKHD0q4A&pid=15.1",
          "ContentType": "jpg",
          "Width": "300",
          "Height": "198",
          "FileSize": "0"
        }
      },
      {
        "__metadata": {
          "uri": "https://api.datamarket.azure.com/Data.ashx/Bing/Search/Image?Query='saden photo car'&$skip=6&$top=1",
          "type": "ImageResult"
        },
        "ID": "296e65bd-f815-4c18-b120-1735160419bb",
        "Title": "2017-Nissan-Versa-Sedan-1.6-S-4dr-Sedan-Photo-8",
        "MediaUrl": "http://images.newcars.com/images/car-pictures/original/2017-Nissan-Versa-Sedan-1.6-S-4dr-Sedan-Photo-8.png",
        "SourceUrl": "http://www.newcars.com/nissan/versa/2017",
        "DisplayUrl": "www.newcars.com/nissan/versa/2017",
        "Width": "2100",
        "Height": "1386",
        "FileSize": "221505",
        "ContentType": "jpeg",
        "Thumbnail": {
          "__metadata": {
            "type": "Bing.Thumbnail"
          },
          "MediaUrl": "http://ts4.mm.bing.net/th?id=OIF.Up8aEfK4mG0s4i9nvuZGjg&pid=15.1",
          "ContentType": "jpg",
          "Width": "300",
          "Height": "198",
          "FileSize": "0"
        }
      },
      {
        "__metadata": {
          "uri": "https://api.datamarket.azure.com/Data.ashx/Bing/Search/Image?Query='saden photo car'&$skip=7&$top=1",
          "type": "ImageResult"
        },
        "ID": "9b6d0b69-ee74-4ad3-af70-f7b5955e82a3",
        "Title": "2012-Audi-A6-Sport-Sedan-Car | sports cars",
        "MediaUrl": "https://belgiansportscar.files.wordpress.com/2012/02/2012-audi-a6-sport-sedan-car.jpg",
        "SourceUrl": "https://belgiansportscar.wordpress.com/audi/2012-audi-a6-sport-sedan-car/",
        "DisplayUrl": "https://belgiansportscar.wordpress.com/audi/2012-audi-a6-sport...",
        "Width": "1024",
        "Height": "724",
        "FileSize": "89777",
        "ContentType": "jpeg",
        "Thumbnail": {
          "__metadata": {
            "type": "Bing.Thumbnail"
          },
          "MediaUrl": "http://ts2.mm.bing.net/th?id=OIP.M2cc129254e1e461509e7fab4ff57e8f6o0&pid=15.1",
          "ContentType": "jpg",
          "Width": "300",
          "Height": "212",
          "FileSize": "7142"
        }
      },
      {
        "__metadata": {
          "uri": "https://api.datamarket.azure.com/Data.ashx/Bing/Search/Image?Query='saden photo car'&$skip=8&$top=1",
          "type": "ImageResult"
        },
        "ID": "086c4f8b-9060-4513-bff7-6aef22ecb080",
        "Title": "2015 Ford Fusion Sedan S 4dr Front wheel Drive Sedan Photo 1",
        "MediaUrl": "http://images.newcars.com/images/car-pictures/original/2015-Ford-Fusion-Sedan-S-4dr-Front-wheel-Drive-Sedan-Photo-1.png",
        "SourceUrl": "http://autospecsinfo.com/review/2015-ford-fusion-features-review",
        "DisplayUrl": "autospecsinfo.com/review/2015-ford-fusion-features-review",
        "Width": "2100",
        "Height": "1386",
        "FileSize": "220456",
        "ContentType": "jpeg",
        "Thumbnail": {
          "__metadata": {
            "type": "Bing.Thumbnail"
          },
          "MediaUrl": "http://ts3.mm.bing.net/th?id=OIP.M3d82b1d131a8edcbae644c6e87ca41c7H0&pid=15.1",
          "ContentType": "jpg",
          "Width": "300",
          "Height": "198",
          "FileSize": "6377"
        }
      },
      {
        "__metadata": {
          "uri": "https://api.datamarket.azure.com/Data.ashx/Bing/Search/Image?Query='saden photo car'&$skip=9&$top=1",
          "type": "ImageResult"
        },
        "ID": "bc3c68ad-7e7f-4fb9-9a3f-2a5da30e30eb",
        "Title": "... Benz CLA Class Sedan Base CLA250 4dr Front wheel Drive Sedan Photo 16",
        "MediaUrl": "http://images.newcars.com/images/car-pictures/original/2016-Mercedes-Benz-CLA-Class-Sedan-Base-CLA250-4dr-Front-wheel-Drive-Sedan-Photo-16.png",
        "SourceUrl": "http://www.newcars.com/mercedes-benz/cla250/2016",
        "DisplayUrl": "www.newcars.com/mercedes-benz/cla250/2016",
        "Width": "2100",
        "Height": "1386",
        "FileSize": "290460",
        "ContentType": "jpeg",
        "Thumbnail": {
          "__metadata": {
            "type": "Bing.Thumbnail"
          },
          "MediaUrl": "http://ts2.mm.bing.net/th?id=OIF.041ElrT6CfteiTuWKtfyww&pid=15.1",
          "ContentType": "jpg",
          "Width": "300",
          "Height": "198",
          "FileSize": "0"
        }
      },
      {
        "__metadata": {
          "uri": "https://api.datamarket.azure.com/Data.ashx/Bing/Search/Image?Query='saden photo car'&$skip=10&$top=1",
          "type": "ImageResult"
        },
        "ID": "f4d2226e-43e0-469e-a715-355490635437",
        "Title": "2017 Toyota Corolla Sedan L 4dr Sedan Photo",
        "MediaUrl": "http://images.newcars.com/images/car-pictures/original/2017-Toyota-Corolla-Sedan-L-4dr-Sedan-Photo.png",
        "SourceUrl": "http://www.newcars.com/toyota/corolla/2017",
        "DisplayUrl": "www.newcars.com/toyota/corolla/2017",
        "Width": "2100",
        "Height": "1386",
        "FileSize": "375506",
        "ContentType": "jpeg",
        "Thumbnail": {
          "__metadata": {
            "type": "Bing.Thumbnail"
          },
          "MediaUrl": "http://ts1.mm.bing.net/th?id=OIF.nBBwEoyx8UAyvcmUq4LgLw&pid=15.1",
          "ContentType": "jpg",
          "Width": "300",
          "Height": "198",
          "FileSize": "0"
        }
      },
      {
        "__metadata": {
          "uri": "https://api.datamarket.azure.com/Data.ashx/Bing/Search/Image?Query='saden photo car'&$skip=11&$top=1",
          "type": "ImageResult"
        },
        "ID": "c3bd993a-fbd7-4733-a7fc-cc3ed6ef1c08",
        "Title": "... Benz CLA Class Sedan Base CLA250 4dr Front wheel Drive Sedan Photo 5",
        "MediaUrl": "http://images.newcars.com/images/car-pictures/original/2016-Mercedes-Benz-CLA-Class-Sedan-Base-CLA250-4dr-Front-wheel-Drive-Sedan-Photo-5.png",
        "SourceUrl": "http://www.newcars.com/mercedes-benz/cla250/2016",
        "DisplayUrl": "www.newcars.com/mercedes-benz/cla250/2016",
        "Width": "2100",
        "Height": "1386",
        "FileSize": "170783",
        "ContentType": "jpeg",
        "Thumbnail": {
          "__metadata": {
            "type": "Bing.Thumbnail"
          },
          "MediaUrl": "http://ts4.mm.bing.net/th?id=OIF.kp797m6Trdvz9qg%2bnLvskQ&pid=15.1",
          "ContentType": "jpg",
          "Width": "300",
          "Height": "198",
          "FileSize": "0"
        }
      },
      {
        "__metadata": {
          "uri": "https://api.datamarket.azure.com/Data.ashx/Bing/Search/Image?Query='saden photo car'&$skip=12&$top=1",
          "type": "ImageResult"
        },
        "ID": "919c1c75-1084-4a8d-9c5c-02fdbd92ada8",
        "Title": "... Benz CLA Class Sedan Base CLA250 4dr Front wheel Drive Sedan Photo 11",
        "MediaUrl": "http://images.newcars.com/images/car-pictures/original/2016-Mercedes-Benz-CLA-Class-Sedan-Base-CLA250-4dr-Front-wheel-Drive-Sedan-Photo-11.png",
        "SourceUrl": "http://www.newcars.com/mercedes-benz/cla250/2016",
        "DisplayUrl": "www.newcars.com/mercedes-benz/cla250/2016",
        "Width": "2100",
        "Height": "1386",
        "FileSize": "336494",
        "ContentType": "jpeg",
        "Thumbnail": {
          "__metadata": {
            "type": "Bing.Thumbnail"
          },
          "MediaUrl": "http://ts1.mm.bing.net/th?id=OIF.nvsSKIwvmb6Wyln8yyfM%2fA&pid=15.1",
          "ContentType": "jpg",
          "Width": "300",
          "Height": "198",
          "FileSize": "0"
        }
      },
      {
        "__metadata": {
          "uri": "https://api.datamarket.azure.com/Data.ashx/Bing/Search/Image?Query='saden photo car'&$skip=13&$top=1",
          "type": "ImageResult"
        },
        "ID": "2bb6de76-b785-44ef-bd84-04891cb67429",
        "Title": "... wallpaper 2012 Ford Focus sedan newfocus ford wallpaper auto cars foto",
        "MediaUrl": "http://www.arabamoto.com/var/albums/FORD/2012-Ford-Focus-wallpaper/2012_Ford_Focus_sedan_newfocus_ford_wallpaper_auto_cars_foto.jpg",
        "SourceUrl": "http://www.arabamoto.com/index.php/FORD/2012-Ford-Focus-wallpaper/2012_Ford_Focus_sedan_newfocus_ford_wallpaper_auto_cars_foto",
        "DisplayUrl": "www.arabamoto.com/index.php/FORD/2012-Ford-Focus-wallpaper/2012...",
        "Width": "1280",
        "Height": "850",
        "FileSize": "131459",
        "ContentType": "jpeg",
        "Thumbnail": {
          "__metadata": {
            "type": "Bing.Thumbnail"
          },
          "MediaUrl": "http://ts4.mm.bing.net/th?id=OIP.Mf21687403ec1b9407bfde56b1bb801beH0&pid=15.1",
          "ContentType": "jpg",
          "Width": "300",
          "Height": "199",
          "FileSize": "7895"
        }
      },
      {
        "__metadata": {
          "uri": "https://api.datamarket.azure.com/Data.ashx/Bing/Search/Image?Query='saden photo car'&$skip=14&$top=1",
          "type": "ImageResult"
        },
        "ID": "5afff523-3389-4427-82d2-2642f6f3d596",
        "Title": "Tops Cars: sedan cars nice cars",
        "MediaUrl": "http://www.arabamoto.com/var/albums/MERCEDES-BENZ/2010-Mercedes-Benz-E-Class-Sedan-photo-gallery/2010_wallpaper_autoMercedes-Benz_E350_Sedan_picture_photo_cars_wallpaper_photo.jpg",
        "SourceUrl": "http://tops-cars2011.blogspot.com/2011/07/sedan-cars-nice-cars.html",
        "DisplayUrl": "tops-cars2011.blogspot.com/2011/07/sedan-cars-nice-cars.html",
        "Width": "1280",
        "Height": "850",
        "FileSize": "223806",
        "ContentType": "jpeg",
        "Thumbnail": {
          "__metadata": {
            "type": "Bing.Thumbnail"
          },
          "MediaUrl": "http://ts2.mm.bing.net/th?id=OIP.M26b3e26d73d0848d033914ea03e6f525o0&pid=15.1",
          "ContentType": "jpg",
          "Width": "300",
          "Height": "199",
          "FileSize": "12233"
        }
      },
      {
        "__metadata": {
          "uri": "https://api.datamarket.azure.com/Data.ashx/Bing/Search/Image?Query='saden photo car'&$skip=15&$top=1",
          "type": "ImageResult"
        },
        "ID": "f6637984-1e2d-4958-b280-44bcf0f09e4d",
        "Title": "... Benz CLA Class Sedan Base CLA250 4dr Front wheel Drive Sedan Photo 3",
        "MediaUrl": "http://images.newcars.com/images/car-pictures/original/2016-Mercedes-Benz-CLA-Class-Sedan-Base-CLA250-4dr-Front-wheel-Drive-Sedan-Photo-3.png",
        "SourceUrl": "http://www.newcars.com/mercedes-benz/cla250/2016",
        "DisplayUrl": "www.newcars.com/mercedes-benz/cla250/2016",
        "Width": "2100",
        "Height": "1575",
        "FileSize": "262445",
        "ContentType": "jpeg",
        "Thumbnail": {
          "__metadata": {
            "type": "Bing.Thumbnail"
          },
          "MediaUrl": "http://ts3.mm.bing.net/th?id=OIF.rU6MYQErbTBUHFB6jMOfhQ&pid=15.1",
          "ContentType": "jpg",
          "Width": "300",
          "Height": "225",
          "FileSize": "0"
        }
      },
      {
        "__metadata": {
          "uri": "https://api.datamarket.azure.com/Data.ashx/Bing/Search/Image?Query='saden photo car'&$skip=16&$top=1",
          "type": "ImageResult"
        },
        "ID": "9a653ac7-f2d0-43d5-9619-f6de2257c2a8",
        "Title": "2010 Porsche Panamera Wallpaper #1 | Car Walls",
        "MediaUrl": "http://www.carwalls.org/wp-content/uploads/2011/07/2010-Porsche-Panamera.jpg",
        "SourceUrl": "http://www.carwalls.org/2010-porsche-panamera-wallpaper-1.html",
        "DisplayUrl": "www.carwalls.org/2010-porsche-panamera-wallpaper-1.html",
        "Width": "1400",
        "Height": "930",
        "FileSize": "86297",
        "ContentType": "jpeg",
        "Thumbnail": {
          "__metadata": {
            "type": "Bing.Thumbnail"
          },
          "MediaUrl": "http://ts2.mm.bing.net/th?id=OIP.M31ccd18f46559f16acae92e39b66cfe3o0&pid=15.1",
          "ContentType": "jpg",
          "Width": "300",
          "Height": "199",
          "FileSize": "6308"
        }
      },
      {
        "__metadata": {
          "uri": "https://api.datamarket.azure.com/Data.ashx/Bing/Search/Image?Query='saden photo car'&$skip=17&$top=1",
          "type": "ImageResult"
        },
        "ID": "b0d22ce8-d4d8-409f-b4d6-c49c92a5852c",
        "Title": "2017-Nissan-Versa-Sedan-1.6-S-4dr-Sedan-Photo-6",
        "MediaUrl": "http://images.newcars.com/images/car-pictures/original/2017-Nissan-Versa-Sedan-1.6-S-4dr-Sedan-Photo-6.png",
        "SourceUrl": "http://www.newcars.com/nissan/versa/2017",
        "DisplayUrl": "www.newcars.com/nissan/versa/2017",
        "Width": "2100",
        "Height": "1386",
        "FileSize": "197280",
        "ContentType": "jpeg",
        "Thumbnail": {
          "__metadata": {
            "type": "Bing.Thumbnail"
          },
          "MediaUrl": "http://ts2.mm.bing.net/th?id=OIF.c11MvFq88j8xX7YOsO2bKg&pid=15.1",
          "ContentType": "jpg",
          "Width": "300",
          "Height": "198",
          "FileSize": "0"
        }
      },
      {
        "__metadata": {
          "uri": "https://api.datamarket.azure.com/Data.ashx/Bing/Search/Image?Query='saden photo car'&$skip=18&$top=1",
          "type": "ImageResult"
        },
        "ID": "ff80a330-b19d-4e60-8554-5b6f97a33784",
        "Title": "... Benz CLA Class Sedan Base CLA250 4dr Front wheel Drive Sedan Photo 10",
        "MediaUrl": "http://images.newcars.com/images/car-pictures/original/2016-Mercedes-Benz-CLA-Class-Sedan-Base-CLA250-4dr-Front-wheel-Drive-Sedan-Photo-10.png",
        "SourceUrl": "http://www.newcars.com/mercedes-benz/cla250/2016",
        "DisplayUrl": "www.newcars.com/mercedes-benz/cla250/2016",
        "Width": "2100",
        "Height": "1386",
        "FileSize": "163610",
        "ContentType": "jpeg",
        "Thumbnail": {
          "__metadata": {
            "type": "Bing.Thumbnail"
          },
          "MediaUrl": "http://ts1.mm.bing.net/th?id=OIF.TEvl5yP6rTv7Oo2W4MF44w&pid=15.1",
          "ContentType": "jpg",
          "Width": "300",
          "Height": "198",
          "FileSize": "0"
        }
      },
      {
        "__metadata": {
          "uri": "https://api.datamarket.azure.com/Data.ashx/Bing/Search/Image?Query='saden photo car'&$skip=19&$top=1",
          "type": "ImageResult"
        },
        "ID": "57303607-6a04-4940-b117-936cd3506a10",
        "Title": "2007 Toyota Yaris Sedan S Photos Car Photos Car Pictures",
        "MediaUrl": "http://www.carphotosite.com/data/media/304/1024/2007_Toyota_Yaris_Sedan_S_002.jpg",
        "SourceUrl": "http://www.carphotosite.com/2007-toyota-yaris-sedan-s-002-img-5866.htm",
        "DisplayUrl": "www.carphotosite.com/2007-toyota-yaris-sedan-s-002-img-5866.htm",
        "Width": "1024",
        "Height": "768",
        "FileSize": "72798",
        "ContentType": "jpeg",
        "Thumbnail": {
          "__metadata": {
            "type": "Bing.Thumbnail"
          },
          "MediaUrl": "http://ts2.mm.bing.net/th?id=OIP.M9b443da1207864910a96d91d14073bf5H0&pid=15.1",
          "ContentType": "jpg",
          "Width": "300",
          "Height": "225",
          "FileSize": "6641"
        }
      },
      {
        "__metadata": {
          "uri": "https://api.datamarket.azure.com/Data.ashx/Bing/Search/Image?Query='saden photo car'&$skip=20&$top=1",
          "type": "ImageResult"
        },
        "ID": "b4a3da37-afdc-4c1c-a6f1-7f5f850bc9f4",
        "Title": "2017 Acura TLX Sedan Base 4dr Front wheel Drive Sedan Photo 2",
        "MediaUrl": "http://images.newcars.com/images/car-pictures/original/2017-Acura-TLX-Sedan-Base-4dr-Front-wheel-Drive-Sedan-Photo-2.png",
        "SourceUrl": "http://www.newcars.com/acura/tlx/2017",
        "DisplayUrl": "www.newcars.com/acura/tlx/2017",
        "Width": "2100",
        "Height": "1575",
        "FileSize": "302504",
        "ContentType": "jpeg",
        "Thumbnail": {
          "__metadata": {
            "type": "Bing.Thumbnail"
          },
          "MediaUrl": "http://ts2.mm.bing.net/th?id=OIF.Zu1wwVcIif%2f%2bJ8bodFH3oQ&pid=15.1",
          "ContentType": "jpg",
          "Width": "300",
          "Height": "225",
          "FileSize": "0"
        }
      },
      {
        "__metadata": {
          "uri": "https://api.datamarket.azure.com/Data.ashx/Bing/Search/Image?Query='saden photo car'&$skip=21&$top=1",
          "type": "ImageResult"
        },
        "ID": "6f8c6703-c552-4a1c-8470-a8e481f1239e",
        "Title": "Filed Under: Honda Tagged With: honda accord , honda accord sedan",
        "MediaUrl": "http://www.carwalls.org/wp-content/uploads/2011/12/2012-Honda-Accord-Sedan.jpg",
        "SourceUrl": "http://www.carwalls.org/2012-honda-accord-sedan.html",
        "DisplayUrl": "www.carwalls.org/2012-honda-accord-sedan.html",
        "Width": "1200",
        "Height": "800",
        "FileSize": "221137",
        "ContentType": "jpeg",
        "Thumbnail": {
          "__metadata": {
            "type": "Bing.Thumbnail"
          },
          "MediaUrl": "http://ts2.mm.bing.net/th?id=OIP.Mc8dbf498346c637478caf79e146d2b6bH0&pid=15.1",
          "ContentType": "jpg",
          "Width": "300",
          "Height": "200",
          "FileSize": "5716"
        }
      },
      {
        "__metadata": {
          "uri": "https://api.datamarket.azure.com/Data.ashx/Bing/Search/Image?Query='saden photo car'&$skip=22&$top=1",
          "type": "ImageResult"
        },
        "ID": "dbad4a40-8b8a-4972-9f87-fc7f9b395aa7",
        "Title": "... Benz CLA Class Sedan Base CLA250 4dr Front wheel Drive Sedan Photo 14",
        "MediaUrl": "http://images.newcars.com/images/car-pictures/original/2016-Mercedes-Benz-CLA-Class-Sedan-Base-CLA250-4dr-Front-wheel-Drive-Sedan-Photo-14.png",
        "SourceUrl": "http://www.newcars.com/mercedes-benz/cla250/2016",
        "DisplayUrl": "www.newcars.com/mercedes-benz/cla250/2016",
        "Width": "2100",
        "Height": "1386",
        "FileSize": "380234",
        "ContentType": "jpeg",
        "Thumbnail": {
          "__metadata": {
            "type": "Bing.Thumbnail"
          },
          "MediaUrl": "http://ts4.mm.bing.net/th?id=OIF.NJEHi1h29DwmlWAp%2fClBQQ&pid=15.1",
          "ContentType": "jpg",
          "Width": "300",
          "Height": "198",
          "FileSize": "0"
        }
      },
      {
        "__metadata": {
          "uri": "https://api.datamarket.azure.com/Data.ashx/Bing/Search/Image?Query='saden photo car'&$skip=23&$top=1",
          "type": "ImageResult"
        },
        "ID": "f6c4bf60-5f74-41c9-a137-582670b2e37b",
        "Title": "... Benz CLA Class Sedan Base CLA250 4dr Front wheel Drive Sedan Photo 8",
        "MediaUrl": "http://images.newcars.com/images/car-pictures/original/2016-Mercedes-Benz-CLA-Class-Sedan-Base-CLA250-4dr-Front-wheel-Drive-Sedan-Photo-8.png",
        "SourceUrl": "http://www.newcars.com/mercedes-benz/cla250/2016",
        "DisplayUrl": "www.newcars.com/mercedes-benz/cla250/2016",
        "Width": "2100",
        "Height": "1386",
        "FileSize": "267065",
        "ContentType": "jpeg",
        "Thumbnail": {
          "__metadata": {
            "type": "Bing.Thumbnail"
          },
          "MediaUrl": "http://ts2.mm.bing.net/th?id=OIF.gvdLgjKp4bd0cDXCQrlFHA&pid=15.1",
          "ContentType": "jpg",
          "Width": "300",
          "Height": "198",
          "FileSize": "0"
        }
      },
      {
        "__metadata": {
          "uri": "https://api.datamarket.azure.com/Data.ashx/Bing/Search/Image?Query='saden photo car'&$skip=24&$top=1",
          "type": "ImageResult"
        },
        "ID": "69e38fc7-f1a5-4746-815b-3f549100996f",
        "Title": "... Benz CLA Class Sedan Base CLA250 4dr Front wheel Drive Sedan Photo 2",
        "MediaUrl": "http://images.newcars.com/images/car-pictures/original/2016-Mercedes-Benz-CLA-Class-Sedan-Base-CLA250-4dr-Front-wheel-Drive-Sedan-Photo-2.png",
        "SourceUrl": "http://www.newcars.com/mercedes-benz/cla250/2016",
        "DisplayUrl": "www.newcars.com/mercedes-benz/cla250/2016",
        "Width": "2100",
        "Height": "1386",
        "FileSize": "288048",
        "ContentType": "jpeg",
        "Thumbnail": {
          "__metadata": {
            "type": "Bing.Thumbnail"
          },
          "MediaUrl": "http://ts4.mm.bing.net/th?id=OIF.SESp1ItpBgRm5%2fddYnNQbQ&pid=15.1",
          "ContentType": "jpg",
          "Width": "300",
          "Height": "198",
          "FileSize": "0"
        }
      },
      {
        "__metadata": {
          "uri": "https://api.datamarket.azure.com/Data.ashx/Bing/Search/Image?Query='saden photo car'&$skip=25&$top=1",
          "type": "ImageResult"
        },
        "ID": "15603d94-17b8-472d-8ad3-18c3b4f761ee",
        "Title": "... revealed the new Hyundai i40 sedan car at the Barcelona motor show",
        "MediaUrl": "http://4.bp.blogspot.com/-XM5HF4JCFWU/TeTzSj7h8bI/AAAAAAAACJY/auCLBnEphGA/s1600/Hyundai-i40-sedan-car.jpg",
        "SourceUrl": "http://automover.blogspot.com/2011/05/hyundai-revealed-new-hyundai-i40-sedan.html",
        "DisplayUrl": "automover.blogspot.com/2011/05/hyundai-revealed-new-hyundai-i40...",
        "Width": "677",
        "Height": "536",
        "FileSize": "37761",
        "ContentType": "jpeg",
        "Thumbnail": {
          "__metadata": {
            "type": "Bing.Thumbnail"
          },
          "MediaUrl": "http://ts4.mm.bing.net/th?id=OIP.M53a9e70ced3890e8734ec08e2373659aH0&pid=15.1",
          "ContentType": "jpg",
          "Width": "300",
          "Height": "237",
          "FileSize": "7885"
        }
      },
      {
        "__metadata": {
          "uri": "https://api.datamarket.azure.com/Data.ashx/Bing/Search/Image?Query='saden photo car'&$skip=26&$top=1",
          "type": "ImageResult"
        },
        "ID": "16e3f3ee-2526-4d3a-b882-4576349baab7",
        "Title": "2017-Nissan-Versa-Sedan-1.6-S-4dr-Sedan-Photo-10",
        "MediaUrl": "http://images.newcars.com/images/car-pictures/original/2017-Nissan-Versa-Sedan-1.6-S-4dr-Sedan-Photo-10.png",
        "SourceUrl": "http://www.newcars.com/nissan/versa/2017",
        "DisplayUrl": "www.newcars.com/nissan/versa/2017",
        "Width": "2100",
        "Height": "1386",
        "FileSize": "317875",
        "ContentType": "jpeg",
        "Thumbnail": {
          "__metadata": {
            "type": "Bing.Thumbnail"
          },
          "MediaUrl": "http://ts2.mm.bing.net/th?id=OIF.9GjovR1uw2kZY4IxCEcOyQ&pid=15.1",
          "ContentType": "jpg",
          "Width": "300",
          "Height": "198",
          "FileSize": "0"
        }
      },
      {
        "__metadata": {
          "uri": "https://api.datamarket.azure.com/Data.ashx/Bing/Search/Image?Query='saden photo car'&$skip=27&$top=1",
          "type": "ImageResult"
        },
        "ID": "708c51b6-3ef0-4577-b483-fb7f175a548e",
        "Title": "... Benz CLA Class Sedan Base CLA250 4dr Front wheel Drive Sedan Photo 9",
        "MediaUrl": "http://images.newcars.com/images/car-pictures/original/2016-Mercedes-Benz-CLA-Class-Sedan-Base-CLA250-4dr-Front-wheel-Drive-Sedan-Photo-9.png",
        "SourceUrl": "http://www.newcars.com/mercedes-benz/cla250/2016",
        "DisplayUrl": "www.newcars.com/mercedes-benz/cla250/2016",
        "Width": "2100",
        "Height": "1386",
        "FileSize": "218009",
        "ContentType": "jpeg",
        "Thumbnail": {
          "__metadata": {
            "type": "Bing.Thumbnail"
          },
          "MediaUrl": "http://ts4.mm.bing.net/th?id=OIF.5FePOE%2f7oOwJaGM%2bh2Ipow&pid=15.1",
          "ContentType": "jpg",
          "Width": "300",
          "Height": "198",
          "FileSize": "0"
        }
      },
      {
        "__metadata": {
          "uri": "https://api.datamarket.azure.com/Data.ashx/Bing/Search/Image?Query='saden photo car'&$skip=28&$top=1",
          "type": "ImageResult"
        },
        "ID": "2d13e6f9-5e48-4083-ac78-be04678c717f",
        "Title": "Foto 7 de 24 – Nuevo Mazda 3 Sedan, vídeo y primeras imágenes ...",
        "MediaUrl": "http://www.diariomotor.com/imagenes/2008/11/mazda-3-sedan-2010-11.jpg",
        "SourceUrl": "http://www.diariomotor.com/2008/10/10/nuevo-mazda-3-sedan-video-y-primeras-imagenes-oficiales/mme-2/",
        "DisplayUrl": "www.diariomotor.com/2008/10/10/nuevo-mazda-3-sedan-video-y-primeras...",
        "Width": "1280",
        "Height": "853",
        "FileSize": "266919",
        "ContentType": "jpeg",
        "Thumbnail": {
          "__metadata": {
            "type": "Bing.Thumbnail"
          },
          "MediaUrl": "http://ts4.mm.bing.net/th?id=OIP.M9c54b929efb8500f027fa87583be87e4H0&pid=15.1",
          "ContentType": "jpg",
          "Width": "300",
          "Height": "199",
          "FileSize": "10953"
        }
      },
      {
        "__metadata": {
          "uri": "https://api.datamarket.azure.com/Data.ashx/Bing/Search/Image?Query='saden photo car'&$skip=29&$top=1",
          "type": "ImageResult"
        },
        "ID": "881c798d-61b7-4b9d-8a4b-006a655df399",
        "Title": "2017 Acura TLX Sedan Base 4dr Front wheel Drive Sedan Photo 3",
        "MediaUrl": "http://images.newcars.com/images/car-pictures/original/2017-Acura-TLX-Sedan-Base-4dr-Front-wheel-Drive-Sedan-Photo-3.png",
        "SourceUrl": "http://www.newcars.com/acura/tlx/2017",
        "DisplayUrl": "www.newcars.com/acura/tlx/2017",
        "Width": "2100",
        "Height": "1386",
        "FileSize": "243333",
        "ContentType": "jpeg",
        "Thumbnail": {
          "__metadata": {
            "type": "Bing.Thumbnail"
          },
          "MediaUrl": "http://ts1.mm.bing.net/th?id=OIF.pyqD39z3OX4g07iXc7B%2f5A&pid=15.1",
          "ContentType": "jpg",
          "Width": "300",
          "Height": "198",
          "FileSize": "0"
        }
      },
      {
        "__metadata": {
          "uri": "https://api.datamarket.azure.com/Data.ashx/Bing/Search/Image?Query='saden photo car'&$skip=30&$top=1",
          "type": "ImageResult"
        },
        "ID": "622daff8-2414-4c32-b897-2a8a6bfde69c",
        "Title": "2017-Nissan-Versa-Sedan-1.6-S-4dr-Sedan-Photo-5",
        "MediaUrl": "http://images.newcars.com/images/car-pictures/original/2017-Nissan-Versa-Sedan-1.6-S-4dr-Sedan-Photo-5.png",
        "SourceUrl": "http://www.newcars.com/nissan/versa/2017",
        "DisplayUrl": "www.newcars.com/nissan/versa/2017",
        "Width": "2100",
        "Height": "1386",
        "FileSize": "203299",
        "ContentType": "jpeg",
        "Thumbnail": {
          "__metadata": {
            "type": "Bing.Thumbnail"
          },
          "MediaUrl": "http://ts3.mm.bing.net/th?id=OIF.rrpXpeCDshRKpWUj4%2b%2fYsg&pid=15.1",
          "ContentType": "jpg",
          "Width": "300",
          "Height": "198",
          "FileSize": "0"
        }
      },
      {
        "__metadata": {
          "uri": "https://api.datamarket.azure.com/Data.ashx/Bing/Search/Image?Query='saden photo car'&$skip=31&$top=1",
          "type": "ImageResult"
        },
        "ID": "68ca1ce7-de29-4ce7-bd11-bd3ff572d786",
        "Title": "... Avensis Sedan 2011 Photo 09 – Car in pictures - car photo gallery",
        "MediaUrl": "http://carinpicture.com/wp-content/uploads/2012/02/Toyota-Avensis-Sedan-2011-Photo-09.jpg",
        "SourceUrl": "http://carinpicture.com/2012/02/toyota-avensis-sedan-2011/toyota-avensis-sedan-2011-photo-09/",
        "DisplayUrl": "carinpicture.com/2012/02/toyota-avensis-sedan-2011/toyota-avensis...",
        "Width": "2048",
        "Height": "1536",
        "FileSize": "289020",
        "ContentType": "jpeg",
        "Thumbnail": {
          "__metadata": {
            "type": "Bing.Thumbnail"
          },
          "MediaUrl": "http://ts4.mm.bing.net/th?id=OIP.M0bb18beac028e392c563ebbe2ee7931eo0&pid=15.1",
          "ContentType": "jpg",
          "Width": "300",
          "Height": "225",
          "FileSize": "7654"
        }
      },
      {
        "__metadata": {
          "uri": "https://api.datamarket.azure.com/Data.ashx/Bing/Search/Image?Query='saden photo car'&$skip=32&$top=1",
          "type": "ImageResult"
        },
        "ID": "60758c29-cbb1-4c5c-8200-43ef0d2fb9e6",
        "Title": "Car and Driver",
        "MediaUrl": "http://media.caranddriver.com/images/14q2/584476/2014-honda-civic-si-sedan-test-review-car-and-driver-photo-597226-s-450x274.jpg",
        "SourceUrl": "http://www.caranddriver.com/photos-14q2/597227/2014-honda-civic-si-sedan-grille-and-badges-photo-604081",
        "DisplayUrl": "www.caranddriver.com/photos-14q2/597227/2014-honda-civic-si-sedan...",
        "Width": "450",
        "Height": "274",
        "FileSize": "17294",
        "ContentType": "jpeg",
        "Thumbnail": {
          "__metadata": {
            "type": "Bing.Thumbnail"
          },
          "MediaUrl": "http://ts2.mm.bing.net/th?id=OIP.M882bdf283d904edf3a1e28082ef74cbeo0&pid=15.1",
          "ContentType": "jpg",
          "Width": "300",
          "Height": "182",
          "FileSize": "6093"
        }
      },
      {
        "__metadata": {
          "uri": "https://api.datamarket.azure.com/Data.ashx/Bing/Search/Image?Query='saden photo car'&$skip=33&$top=1",
          "type": "ImageResult"
        },
        "ID": "c98fcd7b-4b7b-40df-bade-05cc151a26b0",
        "Title": "Mazda 3 2015 specification, Price, Release Date, Review",
        "MediaUrl": "http://allinallnews.com/wp-content/uploads/2014/12/M3_i-Activsense_Sedan.png",
        "SourceUrl": "http://allinallnews.com/vehicles/mazda-3-2015",
        "DisplayUrl": "allinallnews.com/vehicles/mazda-3-2015",
        "Width": "1600",
        "Height": "900",
        "FileSize": "2502349",
        "ContentType": "png",
        "Thumbnail": {
          "__metadata": {
            "type": "Bing.Thumbnail"
          },
          "MediaUrl": "http://ts1.mm.bing.net/th?id=OIP.Medd46c8906de4f1ee55fcebccaac025do0&pid=15.1",
          "ContentType": "jpg",
          "Width": "300",
          "Height": "168",
          "FileSize": "8382"
        }
      },
      {
        "__metadata": {
          "uri": "https://api.datamarket.azure.com/Data.ashx/Bing/Search/Image?Query='saden photo car'&$skip=34&$top=1",
          "type": "ImageResult"
        },
        "ID": "a907f9fa-850d-452c-a305-66230dc02d07",
        "Title": "OLD PARKED CARS.: 1962 Cadillac Sedan de Ville.",
        "MediaUrl": "http://4.bp.blogspot.com/-A20pJwa1mQs/TyDvhu7btNI/AAAAAAAAKAY/XK0wRYXIUys/s1600/1962-Cadillac-Sedan-de-Ville.%2B-%2B01.jpg",
        "SourceUrl": "http://www.oldparkedcars.com/2012/01/1962-cadillac-sedan-de-ville.html",
        "DisplayUrl": "www.oldparkedcars.com/2012/01/1962-cadillac-sedan-de-ville.html",
        "Width": "1200",
        "Height": "797",
        "FileSize": "493604",
        "ContentType": "jpeg",
        "Thumbnail": {
          "__metadata": {
            "type": "Bing.Thumbnail"
          },
          "MediaUrl": "http://ts2.mm.bing.net/th?id=OIP.M7e4afc63b3c5e4067b8a0a03fee696a5o0&pid=15.1",
          "ContentType": "jpg",
          "Width": "300",
          "Height": "199",
          "FileSize": "12313"
        }
      },
      {
        "__metadata": {
          "uri": "https://api.datamarket.azure.com/Data.ashx/Bing/Search/Image?Query='saden photo car'&$skip=35&$top=1",
          "type": "ImageResult"
        },
        "ID": "54293ae6-9bca-4acb-864a-54f410ee1c35",
        "Title": "are bumpers on old cars sturdy and reinforced, and bumpers on new cars ...",
        "MediaUrl": "http://images.newcars.com/images/car-pictures/original/2014-Nissan-Altima-Sedan-2.5-4dr-Sedan-Photo-3.png",
        "SourceUrl": "http://www.reddit.com/r/NoStupidQuestions/comments/2hh1xm/why_are_bumpers_on_old_cars_sturdy_and_reinforced/",
        "DisplayUrl": "www.reddit.com/r/NoStupidQuestions/comments/2hh1xm/why_are_bumpers...",
        "Width": "2100",
        "Height": "1386",
        "FileSize": "167667",
        "ContentType": "jpeg",
        "Thumbnail": {
          "__metadata": {
            "type": "Bing.Thumbnail"
          },
          "MediaUrl": "http://ts2.mm.bing.net/th?id=OIP.M033a44b242b85faed3907a0f9679c564H0&pid=15.1",
          "ContentType": "jpg",
          "Width": "300",
          "Height": "198",
          "FileSize": "6137"
        }
      },
      {
        "__metadata": {
          "uri": "https://api.datamarket.azure.com/Data.ashx/Bing/Search/Image?Query='saden photo car'&$skip=36&$top=1",
          "type": "ImageResult"
        },
        "ID": "ed1ab5a7-6dd3-43a0-abd4-f90cb96da5c0",
        "Title": "2015 Audi A3 Sedan Specs and Concept - Future Cars Models",
        "MediaUrl": "http://www.futurecarmodel.com/wp-content/uploads/2014/04/2015-Audi-A3-sedan-white-color-wallpapers.jpg",
        "SourceUrl": "http://www.futurecarmodel.com/2015-audi-a3-sedan-specs-concept/",
        "DisplayUrl": "www.futurecarmodel.com/2015-audi-a3-sedan-specs-concept",
        "Width": "2048",
        "Height": "1360",
        "FileSize": "317274",
        "ContentType": "jpeg",
        "Thumbnail": {
          "__metadata": {
            "type": "Bing.Thumbnail"
          },
          "MediaUrl": "http://ts3.mm.bing.net/th?id=OIP.M2f9f0deb15be4a4ddf2fd263c5764159o0&pid=15.1",
          "ContentType": "jpg",
          "Width": "300",
          "Height": "199",
          "FileSize": "9838"
        }
      },
      {
        "__metadata": {
          "uri": "https://api.datamarket.azure.com/Data.ashx/Bing/Search/Image?Query='saden photo car'&$skip=37&$top=1",
          "type": "ImageResult"
        },
        "ID": "aacbd058-d3d3-49f5-b87c-ef6d284157ea",
        "Title": "2014 Mazda Mazda3 Sedan i SV 4dr Sedan Photo",
        "MediaUrl": "http://images.newcars.com/images/car-pictures/original/2014-Mazda-Mazda3-Sedan-i-SV-4dr-Sedan-Photo.png",
        "SourceUrl": "http://appsdirectories.com/2014/2014-mazda-3-cars-reviews-2013-2014.html",
        "DisplayUrl": "appsdirectories.com/2014/2014-mazda-3-cars-reviews-2013-2014.html",
        "Width": "2100",
        "Height": "1575",
        "FileSize": "203092",
        "ContentType": "jpeg",
        "Thumbnail": {
          "__metadata": {
            "type": "Bing.Thumbnail"
          },
          "MediaUrl": "http://ts3.mm.bing.net/th?id=OIP.Mcfd836809952a095856be82c5c4195b7H0&pid=15.1",
          "ContentType": "jpg",
          "Width": "300",
          "Height": "225",
          "FileSize": "8585"
        }
      },
      {
        "__metadata": {
          "uri": "https://api.datamarket.azure.com/Data.ashx/Bing/Search/Image?Query='saden photo car'&$skip=38&$top=1",
          "type": "ImageResult"
        },
        "ID": "04d54495-d4a1-41c3-90ee-753ddb9f0839",
        "Title": "2015 Ford Fiesta Sedan S 4dr Sedan Photo 2",
        "MediaUrl": "http://images.newcars.com/images/car-pictures/original/2015-Ford-Fiesta-Sedan-S-4dr-Sedan-Photo-2.png",
        "SourceUrl": "http://funny-quotes.picphotos.net/2014-ford-fiesta-s-sedan-ratings-prices-trims-summary-jd-power/imageonthefly.autodatadirect.com*imagesquestionmarkwidth=380ampersandheight=287ampersandimg=cac40foc221b021001.jpg",
        "DisplayUrl": "funny-quotes.picphotos.net/2014-ford-fiesta-s-sedan-ratings-prices...",
        "Width": "2100",
        "Height": "1386",
        "FileSize": "223814",
        "ContentType": "jpeg",
        "Thumbnail": {
          "__metadata": {
            "type": "Bing.Thumbnail"
          },
          "MediaUrl": "http://ts4.mm.bing.net/th?id=OIP.M728b92836bc17bcbf111b0dcd06c1b64o0&pid=15.1",
          "ContentType": "jpg",
          "Width": "300",
          "Height": "198",
          "FileSize": "7325"
        }
      },
      {
        "__metadata": {
          "uri": "https://api.datamarket.azure.com/Data.ashx/Bing/Search/Image?Query='saden photo car'&$skip=39&$top=1",
          "type": "ImageResult"
        },
        "ID": "40969750-8302-439a-b19e-58e95a853bdb",
        "Title": "Honda Concept S And Concept C Cars- Pictures and Details",
        "MediaUrl": "http://www.carblogindia.com/wp-content/uploads/2012/04/Honda-C-Concept-Sedan-Rear-Side.jpg",
        "SourceUrl": "http://www.carblogindia.com/honda-concept-s-and-concept-c/",
        "DisplayUrl": "www.carblogindia.com/honda-concept-s-and-concept-c",
        "Width": "640",
        "Height": "330",
        "FileSize": "39139",
        "ContentType": "jpeg",
        "Thumbnail": {
          "__metadata": {
            "type": "Bing.Thumbnail"
          },
          "MediaUrl": "http://ts3.mm.bing.net/th?id=OIP.Me8da74cb4415c25f2c056886939221d3o0&pid=15.1",
          "ContentType": "jpg",
          "Width": "300",
          "Height": "154",
          "FileSize": "5410"
        }
      },
      {
        "__metadata": {
          "uri": "https://api.datamarket.azure.com/Data.ashx/Bing/Search/Image?Query='saden photo car'&$skip=40&$top=1",
          "type": "ImageResult"
        },
        "ID": "2aaeae0e-120c-4f4c-af29-8015d6044a5b",
        "Title": "2016 Honda Civic Sedan LX 4dr Sedan Photo 14",
        "MediaUrl": "http://images.newcars.com/images/car-pictures/original/2016-Honda-Civic-Sedan-LX-4dr-Sedan-Photo-14.png",
        "SourceUrl": "http://nsautoblog.com/read/2016-honda-civic-sedan-photo-honda.html",
        "DisplayUrl": "nsautoblog.com/read/2016-honda-civic-sedan-photo-honda.html",
        "Width": "2100",
        "Height": "1386",
        "FileSize": "215066",
        "ContentType": "jpeg",
        "Thumbnail": {
          "__metadata": {
            "type": "Bing.Thumbnail"
          },
          "MediaUrl": "http://ts3.mm.bing.net/th?id=OIP.M5d5ca74074868a13f8fa220adc21df92o0&pid=15.1",
          "ContentType": "jpg",
          "Width": "300",
          "Height": "198",
          "FileSize": "7219"
        }
      },
      {
        "__metadata": {
          "uri": "https://api.datamarket.azure.com/Data.ashx/Bing/Search/Image?Query='saden photo car'&$skip=41&$top=1",
          "type": "ImageResult"
        },
        "ID": "f2ad6b27-9b57-479b-98c9-4edadba42383",
        "Title": "Hyundai i40 sedan officially revealed! | BenAutobahn",
        "MediaUrl": "https://benautobahn.files.wordpress.com/2011/05/hyundai-i40-sedan-2.jpg",
        "SourceUrl": "http://benautobahn.com/2011/05/15/hyundai-i40-sedan-officially-revealed/",
        "DisplayUrl": "benautobahn.com/2011/05/15/hyundai-i40-sedan-officially-revealed",
        "Width": "1600",
        "Height": "1067",
        "FileSize": "289649",
        "ContentType": "jpeg",
        "Thumbnail": {
          "__metadata": {
            "type": "Bing.Thumbnail"
          },
          "MediaUrl": "http://ts1.mm.bing.net/th?id=OIP.M73d53737edc5807ad5e380610d6766e9o0&pid=15.1",
          "ContentType": "jpg",
          "Width": "300",
          "Height": "200",
          "FileSize": "5890"
        }
      },
      {
        "__metadata": {
          "uri": "https://api.datamarket.azure.com/Data.ashx/Bing/Search/Image?Query='saden photo car'&$skip=42&$top=1",
          "type": "ImageResult"
        },
        "ID": "a0f233a1-186f-4bb5-af26-0fa39f8b2175",
        "Title": "2016 Toyota Corolla Sedan L 4dr Sedan Photo 3",
        "MediaUrl": "http://images.newcars.com/images/car-pictures/original/2016-Toyota-Corolla-Sedan-L-4dr-Sedan-Photo-3.png",
        "SourceUrl": "http://www.newcars.com/toyota/corolla/2016",
        "DisplayUrl": "www.newcars.com/toyota/corolla/2016",
        "Width": "2100",
        "Height": "1386",
        "FileSize": "217298",
        "ContentType": "jpeg",
        "Thumbnail": {
          "__metadata": {
            "type": "Bing.Thumbnail"
          },
          "MediaUrl": "http://ts1.mm.bing.net/th?id=OIP.M56e81845664c17fd1dc2050490f642b4o0&pid=15.1",
          "ContentType": "jpg",
          "Width": "300",
          "Height": "198",
          "FileSize": "7403"
        }
      },
      {
        "__metadata": {
          "uri": "https://api.datamarket.azure.com/Data.ashx/Bing/Search/Image?Query='saden photo car'&$skip=43&$top=1",
          "type": "ImageResult"
        },
        "ID": "6f0e1ad0-f069-4505-91ae-7be23abf6704",
        "Title": "2011-Nissan-Versa-Sedan-1.6-Base-4dr-Sedan-Photo-7.png",
        "MediaUrl": "http://images.newcars.com/images/car-pictures/original/2011-Nissan-Versa-Sedan-1.6-Base-4dr-Sedan-Photo-7.png",
        "SourceUrl": "http://www.thoughtyoumayask.com/picsbtqq/2011-nissan-versa-sedan-interior/2",
        "DisplayUrl": "www.thoughtyoumayask.com/picsbtqq/2011-nissan-versa-sedan-interior/2",
        "Width": "2100",
        "Height": "1386",
        "FileSize": "125497",
        "ContentType": "jpeg",
        "Thumbnail": {
          "__metadata": {
            "type": "Bing.Thumbnail"
          },
          "MediaUrl": "http://ts4.mm.bing.net/th?id=OIP.M4ce5bcf42c8daa1625075c0cf624aca4H0&pid=15.1",
          "ContentType": "jpg",
          "Width": "300",
          "Height": "198",
          "FileSize": "4398"
        }
      },
      {
        "__metadata": {
          "uri": "https://api.datamarket.azure.com/Data.ashx/Bing/Search/Image?Query='saden photo car'&$skip=44&$top=1",
          "type": "ImageResult"
        },
        "ID": "781c6881-c838-44f9-9fee-0d394f631733",
        "Title": "Top Ten Sedan Cars – Sedan Room with A view",
        "MediaUrl": "http://cardekhi.com/wp-content/uploads/2012/07/Nissan-Altima-Sedan-Cars.jpg",
        "SourceUrl": "http://cardekhi.com/top-ten-sedan-cars/",
        "DisplayUrl": "cardekhi.com/top-ten-sedan-cars",
        "Width": "1589",
        "Height": "852",
        "FileSize": "166804",
        "ContentType": "jpeg",
        "Thumbnail": {
          "__metadata": {
            "type": "Bing.Thumbnail"
          },
          "MediaUrl": "http://ts3.mm.bing.net/th?id=OIP.M0b74efd8f21d0b8ca3e990f5a052da1fH0&pid=15.1",
          "ContentType": "jpg",
          "Width": "300",
          "Height": "160",
          "FileSize": "10921"
        }
      },
      {
        "__metadata": {
          "uri": "https://api.datamarket.azure.com/Data.ashx/Bing/Search/Image?Query='saden photo car'&$skip=45&$top=1",
          "type": "ImageResult"
        },
        "ID": "5af2ecf8-2fc7-47c5-9b9d-aae1608d874b",
        "Title": "... Sedan 2009 (ABD) Toyota Corolla Sedan (ABD)-car photo and picture",
        "MediaUrl": "http://arabamoto.com/var/albums/Toyota/Toyota-Corolla-Sedan-2009-%28ABD%29/Toyota_Corolla_Sedan_%28ABD%29-car_photo_and_picture_gallery.jpg",
        "SourceUrl": "http://arabamoto.com/index.php/toyota/toyota-corolla-sedan-2009-abd/toyota_corolla_sedan_-abd--car_photo_and_picture_gallery",
        "DisplayUrl": "arabamoto.com/index.php/toyota/toyota-corolla-sedan-2009-abd/toyota...",
        "Width": "1024",
        "Height": "768",
        "FileSize": "114556",
        "ContentType": "jpeg",
        "Thumbnail": {
          "__metadata": {
            "type": "Bing.Thumbnail"
          },
          "MediaUrl": "http://ts1.mm.bing.net/th?id=OIP.M41a3dee72d4f4deda2c4ebe501aaa8cbo0&pid=15.1",
          "ContentType": "jpg",
          "Width": "300",
          "Height": "225",
          "FileSize": "7559"
        }
      },
      {
        "__metadata": {
          "uri": "https://api.datamarket.azure.com/Data.ashx/Bing/Search/Image?Query='saden photo car'&$skip=46&$top=1",
          "type": "ImageResult"
        },
        "ID": "9df6d812-7721-4931-b7b0-a2c263866665",
        "Title": "Audi A3 Sedan 2015 ~ Black and Silver",
        "MediaUrl": "http://media.caranddriver.com/images/13q1/508800/2015-audi-s3-sedan-photo-509628-s-1280x782.jpg",
        "SourceUrl": "http://adityasuryaworld.blogspot.com/2014/01/audi-a3-sedan-2015.html",
        "DisplayUrl": "adityasuryaworld.blogspot.com/2014/01/audi-a3-sedan-2015.html",
        "Width": "1280",
        "Height": "782",
        "FileSize": "136809",
        "ContentType": "jpeg",
        "Thumbnail": {
          "__metadata": {
            "type": "Bing.Thumbnail"
          },
          "MediaUrl": "http://ts2.mm.bing.net/th?id=OIP.Mb71590da6db758e5cb16586c7025842eH0&pid=15.1",
          "ContentType": "jpg",
          "Width": "300",
          "Height": "183",
          "FileSize": "10213"
        }
      },
      {
        "__metadata": {
          "uri": "https://api.datamarket.azure.com/Data.ashx/Bing/Search/Image?Query='saden photo car'&$skip=47&$top=1",
          "type": "ImageResult"
        },
        "ID": "16ba40ce-41f3-4d12-b81d-6e3f7089accf",
        "Title": "Sedan Car | Most Wanted Cars",
        "MediaUrl": "http://3.bp.blogspot.com/-Og5c9pKVku0/Te6VjdSCgPI/AAAAAAAAAIo/XMuAZv8IO1Q/s1600/Dongfeng-S30-Sedan-Car.jpg",
        "SourceUrl": "http://mostwantcars.blogspot.com/2011/06/sedan-car.html",
        "DisplayUrl": "mostwantcars.blogspot.com/2011/06/sedan-car.html",
        "Width": "800",
        "Height": "600",
        "FileSize": "147311",
        "ContentType": "jpeg",
        "Thumbnail": {
          "__metadata": {
            "type": "Bing.Thumbnail"
          },
          "MediaUrl": "http://ts4.mm.bing.net/th?id=OIP.Mc50393dcf39d0d3e517340429f148205H0&pid=15.1",
          "ContentType": "jpg",
          "Width": "300",
          "Height": "225",
          "FileSize": "11764"
        }
      },
      {
        "__metadata": {
          "uri": "https://api.datamarket.azure.com/Data.ashx/Bing/Search/Image?Query='saden photo car'&$skip=48&$top=1",
          "type": "ImageResult"
        },
        "ID": "864b7d96-2747-4021-954c-05e216c334b1",
        "Title": "2015 Lexus IS 250 Sedan Base 4dr Rear wheel Drive Sedan Photo 1",
        "MediaUrl": "http://images.newcars.com/images/car-pictures/original/2015-Lexus-IS-250-Sedan-Base-4dr-Rear-wheel-Drive-Sedan-Photo-1.png",
        "SourceUrl": "http://www.newcars.com/lexus/is-250/2015",
        "DisplayUrl": "www.newcars.com/lexus/is-250/2015",
        "Width": "2100",
        "Height": "1575",
        "FileSize": "367838",
        "ContentType": "jpeg",
        "Thumbnail": {
          "__metadata": {
            "type": "Bing.Thumbnail"
          },
          "MediaUrl": "http://ts1.mm.bing.net/th?id=OIP.Ma84b65d9d4acf5dd549e4f908bd252f6H0&pid=15.1",
          "ContentType": "jpg",
          "Width": "300",
          "Height": "225",
          "FileSize": "9574"
        }
      },
      {
        "__metadata": {
          "uri": "https://api.datamarket.azure.com/Data.ashx/Bing/Search/Image?Query='saden photo car'&$skip=49&$top=1",
          "type": "ImageResult"
        },
        "ID": "408085f4-b26a-470d-be05-801efc0ec03c",
        "Title": "2008 BMW M3 Sedan Preview | Roadfly.com: Car Reviews & Road Tests",
        "MediaUrl": "http://www.roadfly.com/new-cars/wp-content/uploads/gallery/2008-bmw-m3-sedan/2008-bmw-m3-sedan.jpg",
        "SourceUrl": "http://www.roadfly.com/2008-bmw-m3-sedan.html",
        "DisplayUrl": "www.roadfly.com/2008-bmw-m3-sedan.html",
        "Width": "1600",
        "Height": "1200",
        "FileSize": "580676",
        "ContentType": "jpeg",
        "Thumbnail": {
          "__metadata": {
            "type": "Bing.Thumbnail"
          },
          "MediaUrl": "http://ts1.mm.bing.net/th?id=OIP.M2ec88a1ea56cb17eecf2bb9ba43955d1o0&pid=15.1",
          "ContentType": "jpg",
          "Width": "300",
          "Height": "225",
          "FileSize": "8410"
        }
      }
    ],
    "__next": "https://api.datamarket.azure.com/Data.ashx/Bing/Search/Image?Query='saden%20photo%20car'&$skip=50&$top=50"
  }
}