{
  "d": {
    "results": [
      {
        "__metadata": {
          "uri": "https://api.datamarket.azure.com/Data.ashx/Bing/Search/Image?Query='train photo'&$skip=0&$top=1",
          "type": "ImageResult"
        },
        "ID": "c6666dc7-c810-400e-9906-17ac7a9388c7",
        "Title": "Description GM43 train.JPG",
        "MediaUrl": "http://upload.wikimedia.org/wikipedia/commons/4/43/GM43_train.JPG",
        "SourceUrl": "http://commons.wikimedia.org/wiki/File:GM43_train.JPG",
        "DisplayUrl": "commons.wikimedia.org/wiki/File:GM43_train.JPG",
        "Width": "3608",
        "Height": "2430",
        "FileSize": "4166825",
        "ContentType": "jpeg",
        "Thumbnail": {
          "__metadata": {
            "type": "Bing.Thumbnail"
          },
          "MediaUrl": "http://ts1.mm.bing.net/th?id=OIP.M7d676f30a1dbbe8ee8d93bcfefb44894H0&pid=15.1",
          "ContentType": "jpg",
          "Width": "300",
          "Height": "202",
          "FileSize": "18594"
        }
      },
      {
        "__metadata": {
          "uri": "https://api.datamarket.azure.com/Data.ashx/Bing/Search/Image?Query='train photo'&$skip=1&$top=1",
          "type": "ImageResult"
        },
        "ID": "7875e205-4557-4865-89de-cac0683ff48e",
        "Title": "trains, railway, locomotives",
        "MediaUrl": "http://www.blirk.net/wallpapers/1920x1080/train-wallpaper-11.jpg",
        "SourceUrl": "http://www.blirk.net/train-wallpaper/11/1920x1080/",
        "DisplayUrl": "www.blirk.net/train-wallpaper/11/1920x1080",
        "Width": "1920",
        "Height": "1080",
        "FileSize": "368215",
        "ContentType": "jpeg",
        "Thumbnail": {
          "__metadata": {
            "type": "Bing.Thumbnail"
          },
          "MediaUrl": "http://ts4.mm.bing.net/th?id=OIP.Mabf05d0dc267279821af60fdde7c74b9H0&pid=15.1",
          "ContentType": "jpg",
          "Width": "300",
          "Height": "168",
          "FileSize": "13332"
        }
      },
      {
        "__metadata": {
          "uri": "https://api.datamarket.azure.com/Data.ashx/Bing/Search/Image?Query='train photo'&$skip=2&$top=1",
          "type": "ImageResult"
        },
        "ID": "65f9db34-e5ba-425c-9424-e99c3af7f315",
        "Title": "Description Class 83 KTM Komuter train, Kuala Lumpur.jpg",
        "MediaUrl": "http://upload.wikimedia.org/wikipedia/commons/3/33/Class_83_KTM_Komuter_train,_Kuala_Lumpur.jpg",
        "SourceUrl": "http://commons.wikimedia.org/wiki/File:Class_83_KTM_Komuter_train,_Kuala_Lumpur.jpg",
        "DisplayUrl": "commons.wikimedia.org/wiki/File:Class_83_KTM_Komuter_train,_Kuala...",
        "Width": "2186",
        "Height": "1226",
        "FileSize": "1150832",
        "ContentType": "jpeg",
        "Thumbnail": {
          "__metadata": {
            "type": "Bing.Thumbnail"
          },
          "MediaUrl": "http://ts3.mm.bing.net/th?id=OIP.M170de72de20fcecb7d0f1298294ec0abH0&pid=15.1",
          "ContentType": "jpg",
          "Width": "300",
          "Height": "168",
          "FileSize": "14799"
        }
      },
      {
        "__metadata": {
          "uri": "https://api.datamarket.azure.com/Data.ashx/Bing/Search/Image?Query='train photo'&$skip=3&$top=1",
          "type": "ImageResult"
        },
        "ID": "fe469f2c-9a34-4fa7-b779-d26343123d1e",
        "Title": "Description Freight train at Dunedin.jpg",
        "MediaUrl": "http://upload.wikimedia.org/wikipedia/commons/8/82/Freight_train_at_Dunedin.jpg",
        "SourceUrl": "http://commons.wikimedia.org/wiki/File:Freight_train_at_Dunedin.jpg",
        "DisplayUrl": "commons.wikimedia.org/wiki/File:Freight_train_at_Dunedin.jpg",
        "Width": "1024",
        "Height": "683",
        "FileSize": "137522",
        "ContentType": "jpeg",
        "Thumbnail": {
          "__metadata": {
            "type": "Bing.Thumbnail"
          },
          "MediaUrl": "http://ts2.mm.bing.net/th?id=OIP.Mc506cd53e23baff2dd9a1bdd91950ffeo0&pid=15.1",
          "ContentType": "jpg",
          "Width": "300",
          "Height": "200",
          "FileSize": "9042"
        }
      },
      {
        "__metadata": {
          "uri": "https://api.datamarket.azure.com/Data.ashx/Bing/Search/Image?Query='train photo'&$skip=4&$top=1",
          "type": "ImageResult"
        },
        "ID": "d66028e0-9f1c-4fcb-965d-aa0d5f7a0874",
        "Title": "Day Out With Thomas The Train in Grapevine Texas | Grapevine Texas ...",
        "MediaUrl": "http://www.grapevinetxonline.com/wp-content/uploads/2010/03/Thomas-the-Train-Grapevine-Texas.jpg",
        "SourceUrl": "http://www.grapevinetxonline.com/2010/03/day-out-with-thomas-the-train-in-grapevine-texas/",
        "DisplayUrl": "www.grapevinetxonline.com/2010/03/day-out-with-thomas-the-train-in...",
        "Width": "1000",
        "Height": "665",
        "FileSize": "92985",
        "ContentType": "jpeg",
        "Thumbnail": {
          "__metadata": {
            "type": "Bing.Thumbnail"
          },
          "MediaUrl": "http://ts1.mm.bing.net/th?id=OIP.Mdfc83c08679adde14e7fc42c0eac37d5H0&pid=15.1",
          "ContentType": "jpg",
          "Width": "300",
          "Height": "199",
          "FileSize": "14788"
        }
      },
      {
        "__metadata": {
          "uri": "https://api.datamarket.azure.com/Data.ashx/Bing/Search/Image?Query='train photo'&$skip=5&$top=1",
          "type": "ImageResult"
        },
        "ID": "3ace2390-1f7d-4198-a0c4-3b0591415a8f",
        "Title": "wallpaper, originals, original, train, trains, old, wallpapers",
        "MediaUrl": "http://www.wallpapersdb.org/wallpapers/trains/old_train_1920x1200.jpg",
        "SourceUrl": "http://hdw.eweb4.com/out/744373.html",
        "DisplayUrl": "hdw.eweb4.com/out/744373.html",
        "Width": "1920",
        "Height": "1200",
        "FileSize": "1308725",
        "ContentType": "jpeg",
        "Thumbnail": {
          "__metadata": {
            "type": "Bing.Thumbnail"
          },
          "MediaUrl": "http://ts2.mm.bing.net/th?id=OIP.Mb1c7624044667502581072d3f7b62c38H0&pid=15.1",
          "ContentType": "jpg",
          "Width": "300",
          "Height": "187",
          "FileSize": "12881"
        }
      },
      {
        "__metadata": {
          "uri": "https://api.datamarket.azure.com/Data.ashx/Bing/Search/Image?Query='train photo'&$skip=6&$top=1",
          "type": "ImageResult"
        },
        "ID": "9a1032af-d378-4647-b553-57f9e5a4b7f4",
        "Title": "Train Wallpapers and Backgrounds",
        "MediaUrl": "http://www.picgifs.com/wallpapers/wallpapers/train/animaatjes-trein-60773.jpg",
        "SourceUrl": "http://www.picgifs.com/wallpapers/train/",
        "DisplayUrl": "www.picgifs.com/wallpapers/train",
        "Width": "1920",
        "Height": "1200",
        "FileSize": "444444",
        "ContentType": "jpeg",
        "Thumbnail": {
          "__metadata": {
            "type": "Bing.Thumbnail"
          },
          "MediaUrl": "http://ts3.mm.bing.net/th?id=OIP.Ma9b7a11d6f9b5bb8054a37ceedb60786H0&pid=15.1",
          "ContentType": "jpg",
          "Width": "480",
          "Height": "300",
          "FileSize": "29089"
        }
      },
      {
        "__metadata": {
          "uri": "https://api.datamarket.azure.com/Data.ashx/Bing/Search/Image?Query='train photo'&$skip=7&$top=1",
          "type": "ImageResult"
        },
        "ID": "2b9c1ffa-8cea-42cf-b2ea-025bd905de13",
        "Title": "NOTHING STOPS THE BENGHAZI TRAIN!!! | The Post Turtle",
        "MediaUrl": "http://www.thepostturtle.com/wp-content/uploads/2015/10/Train.jpg",
        "SourceUrl": "http://www.thepostturtle.com/2015/10/nothing-stops-the-benghazi-train/",
        "DisplayUrl": "www.thepostturtle.com/2015/10/nothing-stops-the-benghazi-train",
        "Width": "620",
        "Height": "412",
        "FileSize": "73909",
        "ContentType": "jpeg",
        "Thumbnail": {
          "__metadata": {
            "type": "Bing.Thumbnail"
          },
          "MediaUrl": "http://ts4.mm.bing.net/th?id=OIP.M4b387c4e4789a52ad9e9e276cf4f95e9o0&pid=15.1",
          "ContentType": "jpg",
          "Width": "300",
          "Height": "199",
          "FileSize": "11526"
        }
      },
      {
        "__metadata": {
          "uri": "https://api.datamarket.azure.com/Data.ashx/Bing/Search/Image?Query='train photo'&$skip=8&$top=1",
          "type": "ImageResult"
        },
        "ID": "0a7d6c64-f75f-41b2-9ad3-e59c422df793",
        "Title": "Smoky Coal Train",
        "MediaUrl": "http://www.thewallpapers.org/photo/26486/smoky-coal-train.jpg",
        "SourceUrl": "http://www.thewallpapers.org/1798/transport/train",
        "DisplayUrl": "www.thewallpapers.org/1798/transport/train",
        "Width": "2560",
        "Height": "1920",
        "FileSize": "2839632",
        "ContentType": "jpeg",
        "Thumbnail": {
          "__metadata": {
            "type": "Bing.Thumbnail"
          },
          "MediaUrl": "http://ts3.mm.bing.net/th?id=OIP.M3747b070654c4b2a17023c29b0afb63dH0&pid=15.1",
          "ContentType": "jpg",
          "Width": "300",
          "Height": "225",
          "FileSize": "13305"
        }
      },
      {
        "__metadata": {
          "uri": "https://api.datamarket.azure.com/Data.ashx/Bing/Search/Image?Query='train photo'&$skip=9&$top=1",
          "type": "ImageResult"
        },
        "ID": "eb102c1f-a40f-4e7a-a2f0-bd88cd7f0aca",
        "Title": "Culture Fail: How Corvallis Led Me to Despise Trains | The Corvallis ...",
        "MediaUrl": "http://www.corvallisadvocate.com/wp-content/uploads/2013/09/train.jpg",
        "SourceUrl": "http://www.corvallisadvocate.com/2013/0905-culture-fail-how-corvallis-led-me-to-despise-trains/",
        "DisplayUrl": "www.corvallisadvocate.com/2013/0905-culture-fail-how-corvallis-led...",
        "Width": "1920",
        "Height": "1080",
        "FileSize": "331558",
        "ContentType": "jpeg",
        "Thumbnail": {
          "__metadata": {
            "type": "Bing.Thumbnail"
          },
          "MediaUrl": "http://ts2.mm.bing.net/th?id=OIP.M8783ee05fd787c35ca68c83bcda7cb0bo0&pid=15.1",
          "ContentType": "jpg",
          "Width": "300",
          "Height": "168",
          "FileSize": "10170"
        }
      },
      {
        "__metadata": {
          "uri": "https://api.datamarket.azure.com/Data.ashx/Bing/Search/Image?Query='train photo'&$skip=10&$top=1",
          "type": "ImageResult"
        },
        "ID": "ae94d2a6-8ab1-4e0a-a7ff-21f4a7de5bf7",
        "Title": "Memoirs of a Downward Facing Dog",
        "MediaUrl": "http://memoirsofadownwarddog.files.wordpress.com/2011/12/steam-train-ja1271.jpeg",
        "SourceUrl": "http://memoirsofadownwarddog.wordpress.com/2011/12/17/downdog-diaper-rash/",
        "DisplayUrl": "memoirsofadownwarddog.wordpress.com/2011/12/17/downdog-diaper-rash",
        "Width": "1000",
        "Height": "669",
        "FileSize": "602581",
        "ContentType": "jpeg",
        "Thumbnail": {
          "__metadata": {
            "type": "Bing.Thumbnail"
          },
          "MediaUrl": "http://ts2.mm.bing.net/th?id=OIP.M5b58a5adb16daa8f05d4d5f6d474e03eH0&pid=15.1",
          "ContentType": "jpg",
          "Width": "300",
          "Height": "200",
          "FileSize": "10625"
        }
      },
      {
        "__metadata": {
          "uri": "https://api.datamarket.azure.com/Data.ashx/Bing/Search/Image?Query='train photo'&$skip=11&$top=1",
          "type": "ImageResult"
        },
        "ID": "2923917b-fd32-40f4-8baf-243296bc13bb",
        "Title": "File Name: #907440 Wide HD Train Wallpaper | FLGX HD | 553.13 KB",
        "MediaUrl": "http://feelgrafix.com/data_images/out/16/907440-train-wallpapers.jpg",
        "SourceUrl": "http://feelgrafix.com/907440-train-wallpapers.html",
        "DisplayUrl": "feelgrafix.com/907440-train-wallpapers.html",
        "Width": "1920",
        "Height": "1200",
        "FileSize": "566402",
        "ContentType": "jpeg",
        "Thumbnail": {
          "__metadata": {
            "type": "Bing.Thumbnail"
          },
          "MediaUrl": "http://ts1.mm.bing.net/th?id=OIP.M5845ee002235415f540748c1c477df99o0&pid=15.1",
          "ContentType": "jpg",
          "Width": "300",
          "Height": "187",
          "FileSize": "17896"
        }
      },
      {
        "__metadata": {
          "uri": "https://api.datamarket.azure.com/Data.ashx/Bing/Search/Image?Query='train photo'&$skip=12&$top=1",
          "type": "ImageResult"
        },
        "ID": "ad2c1bf3-040b-4103-ae37-de855942b6b3",
        "Title": "Indian Train",
        "MediaUrl": "http://educatesquare.com/wp-content/uploads/2012/06/indian-train.jpg",
        "SourceUrl": "http://educatesquare.com/now-you-can-surf-seamlessly-on-internet-while-in-train/indian-train/",
        "DisplayUrl": "educatesquare.com/now-you-can-surf-seamlessly-on-internet-while-in...",
        "Width": "894",
        "Height": "582",
        "FileSize": "144995",
        "ContentType": "jpeg",
        "Thumbnail": {
          "__metadata": {
            "type": "Bing.Thumbnail"
          },
          "MediaUrl": "http://ts1.mm.bing.net/th?id=OIP.Me46abfd83c0b65166817b8083b373925H0&pid=15.1",
          "ContentType": "jpg",
          "Width": "300",
          "Height": "195",
          "FileSize": "18519"
        }
      },
      {
        "__metadata": {
          "uri": "https://api.datamarket.azure.com/Data.ashx/Bing/Search/Image?Query='train photo'&$skip=13&$top=1",
          "type": "ImageResult"
        },
        "ID": "47323845-a74f-45a9-8c51-faa6cfd9b756",
        "Title": "New train service begins between Tatanagar and Chakulia | Jharkhand ...",
        "MediaUrl": "http://www.jharkhandstatenews.com/wp-content/uploads/2015/01/Train.jpg",
        "SourceUrl": "http://www.jharkhandstatenews.com/new-train-service-begins-between-tatanagar-and-chakulia/",
        "DisplayUrl": "www.jharkhandstatenews.com/new-train-service-begins-between...",
        "Width": "660",
        "Height": "330",
        "FileSize": "268582",
        "ContentType": "jpeg",
        "Thumbnail": {
          "__metadata": {
            "type": "Bing.Thumbnail"
          },
          "MediaUrl": "http://ts4.mm.bing.net/th?id=OIP.M551dbdebc570774db0139a86611a382co0&pid=15.1",
          "ContentType": "jpg",
          "Width": "300",
          "Height": "150",
          "FileSize": "15821"
        }
      },
      {
        "__metadata": {
          "uri": "https://api.datamarket.azure.com/Data.ashx/Bing/Search/Image?Query='train photo'&$skip=14&$top=1",
          "type": "ImageResult"
        },
        "ID": "27ff1aeb-d39e-4b89-b572-3120123b7f13",
        "Title": "File:New Jersey Transit train 1165.jpg - Wikipedia, the free ...",
        "MediaUrl": "http://upload.wikimedia.org/wikipedia/commons/3/36/New_Jersey_Transit_train_1165.jpg",
        "SourceUrl": "http://en.wikipedia.org/wiki/File:New_Jersey_Transit_train_1165.jpg",
        "DisplayUrl": "en.wikipedia.org/wiki/File:New_Jersey_Transit_train_1165.jpg",
        "Width": "1024",
        "Height": "768",
        "FileSize": "187889",
        "ContentType": "jpeg",
        "Thumbnail": {
          "__metadata": {
            "type": "Bing.Thumbnail"
          },
          "MediaUrl": "http://ts1.mm.bing.net/th?id=OIP.M6c8908117859c60f3d69c6291f41393co0&pid=15.1",
          "ContentType": "jpg",
          "Width": "300",
          "Height": "225",
          "FileSize": "12239"
        }
      },
      {
        "__metadata": {
          "uri": "https://api.datamarket.azure.com/Data.ashx/Bing/Search/Image?Query='train photo'&$skip=15&$top=1",
          "type": "ImageResult"
        },
        "ID": "d3c65b20-6280-45db-ba1e-c8ed8e9597ae",
        "Title": "Amazing Black Train Wallpaper PC Wallpaper with 1920x1280 Resolution",
        "MediaUrl": "http://wallpaperlepi.com/wp-content/uploads/2014/10/Amazing-Black-Train-Wallpaper-PC.jpeg",
        "SourceUrl": "http://wallpaperlepi.com/downloadsites/amazing-black-train-wallpaper-pc.html",
        "DisplayUrl": "wallpaperlepi.com/downloadsites/amazing-black-train-wallpaper-pc.html",
        "Width": "1920",
        "Height": "1280",
        "FileSize": "1433760",
        "ContentType": "jpeg",
        "Thumbnail": {
          "__metadata": {
            "type": "Bing.Thumbnail"
          },
          "MediaUrl": "http://ts4.mm.bing.net/th?id=OIP.M62eecf2a3fb7277a39c8547c01cd8cebo0&pid=15.1",
          "ContentType": "jpg",
          "Width": "300",
          "Height": "200",
          "FileSize": "11062"
        }
      },
      {
        "__metadata": {
          "uri": "https://api.datamarket.azure.com/Data.ashx/Bing/Search/Image?Query='train photo'&$skip=16&$top=1",
          "type": "ImageResult"
        },
        "ID": "26bc960c-0c84-4832-b8b1-62e52ad94342",
        "Title": "Download Classic Trains wallpaper, 'express train wallpaper'.",
        "MediaUrl": "http://www.trainwallpapers.com/bulkupload/wallpapers/Classic%20Trains/express-train-wallpaper.jpg",
        "SourceUrl": "http://www.trainwallpapers.com/Classic-Trains/express-train-wallpaper/",
        "DisplayUrl": "www.trainwallpapers.com/Classic-Trains/express-train-wallpaper",
        "Width": "2272",
        "Height": "1704",
        "FileSize": "880987",
        "ContentType": "jpeg",
        "Thumbnail": {
          "__metadata": {
            "type": "Bing.Thumbnail"
          },
          "MediaUrl": "http://ts2.mm.bing.net/th?id=OIP.M7f9524f7ddd5546ff46cde937bf9ecd4H0&pid=15.1",
          "ContentType": "jpg",
          "Width": "300",
          "Height": "225",
          "FileSize": "14669"
        }
      },
      {
        "__metadata": {
          "uri": "https://api.datamarket.azure.com/Data.ashx/Bing/Search/Image?Query='train photo'&$skip=17&$top=1",
          "type": "ImageResult"
        },
        "ID": "3926a9c3-8239-44d5-ba57-64034aa53500",
        "Title": "Description AMT Train Vaudreuil.jpg",
        "MediaUrl": "http://upload.wikimedia.org/wikipedia/commons/4/4d/AMT_Train_Vaudreuil.jpg",
        "SourceUrl": "http://commons.wikimedia.org/wiki/File:AMT_Train_Vaudreuil.jpg",
        "DisplayUrl": "commons.wikimedia.org/wiki/File:AMT_Train_Vaudreuil.jpg",
        "Width": "2227",
        "Height": "1666",
        "FileSize": "1214866",
        "ContentType": "jpeg",
        "Thumbnail": {
          "__metadata": {
            "type": "Bing.Thumbnail"
          },
          "MediaUrl": "http://ts1.mm.bing.net/th?id=OIP.Me2116ce1a666eb34b17376c9cf0d04c3H0&pid=15.1",
          "ContentType": "jpg",
          "Width": "300",
          "Height": "224",
          "FileSize": "12115"
        }
      },
      {
        "__metadata": {
          "uri": "https://api.datamarket.azure.com/Data.ashx/Bing/Search/Image?Query='train photo'&$skip=18&$top=1",
          "type": "ImageResult"
        },
        "ID": "d2044350-d97c-49b8-9bd8-aeed3b16f815",
        "Title": "File:Subway train 125th.jpg - Wikipedia, the free encyclopedia",
        "MediaUrl": "http://upload.wikimedia.org/wikipedia/commons/d/d6/Subway_train_125th.jpg",
        "SourceUrl": "http://en.wikipedia.org/wiki/File:Subway_train_125th.jpg",
        "DisplayUrl": "en.wikipedia.org/wiki/File:Subway_train_125th.jpg",
        "Width": "1590",
        "Height": "1193",
        "FileSize": "497957",
        "ContentType": "jpeg",
        "Thumbnail": {
          "__metadata": {
            "type": "Bing.Thumbnail"
          },
          "MediaUrl": "http://ts2.mm.bing.net/th?id=OIP.Maedea2fedcd637f105e23eb3085db994H0&pid=15.1",
          "ContentType": "jpg",
          "Width": "300",
          "Height": "225",
          "FileSize": "13924"
        }
      },
      {
        "__metadata": {
          "uri": "https://api.datamarket.azure.com/Data.ashx/Bing/Search/Image?Query='train photo'&$skip=19&$top=1",
          "type": "ImageResult"
        },
        "ID": "b8a86316-66c5-4e38-af16-47fa4e78801b",
        "Title": "Description Train des Pignes.JPG",
        "MediaUrl": "http://upload.wikimedia.org/wikipedia/commons/c/ce/Train_des_Pignes.JPG",
        "SourceUrl": "http://commons.wikimedia.org/wiki/File:Train_des_Pignes.JPG",
        "DisplayUrl": "commons.wikimedia.org/wiki/File:Train_des_Pignes.JPG",
        "Width": "3216",
        "Height": "2136",
        "FileSize": "1958282",
        "ContentType": "jpeg",
        "Thumbnail": {
          "__metadata": {
            "type": "Bing.Thumbnail"
          },
          "MediaUrl": "http://ts3.mm.bing.net/th?id=OIP.Me2710d876327202d4b7d2a50d17eb5bdo0&pid=15.1",
          "ContentType": "jpg",
          "Width": "300",
          "Height": "199",
          "FileSize": "20391"
        }
      },
      {
        "__metadata": {
          "uri": "https://api.datamarket.azure.com/Data.ashx/Bing/Search/Image?Query='train photo'&$skip=20&$top=1",
          "type": "ImageResult"
        },
        "ID": "b6f31872-4036-4906-a28e-de2fc7c06ed3",
        "Title": "Train",
        "MediaUrl": "http://www.thewallpapers.org/photo/30967/train.jpg",
        "SourceUrl": "http://www.thewallpapers.org/1798/transport/train",
        "DisplayUrl": "www.thewallpapers.org/1798/transport/train",
        "Width": "2560",
        "Height": "1440",
        "FileSize": "820595",
        "ContentType": "jpeg",
        "Thumbnail": {
          "__metadata": {
            "type": "Bing.Thumbnail"
          },
          "MediaUrl": "http://ts2.mm.bing.net/th?id=OIP.M5913dc87e69a7ec4b7fa7d6985100367o0&pid=15.1",
          "ContentType": "jpg",
          "Width": "300",
          "Height": "168",
          "FileSize": "9910"
        }
      },
      {
        "__metadata": {
          "uri": "https://api.datamarket.azure.com/Data.ashx/Bing/Search/Image?Query='train photo'&$skip=21&$top=1",
          "type": "ImageResult"
        },
        "ID": "8acc5fbd-fe7a-408b-9cc1-3d4bda39c7a7",
        "Title": "File:Leviathan 63 Train Festival 2009.jpg - Wikipedia, the free ...",
        "MediaUrl": "http://upload.wikimedia.org/wikipedia/commons/7/7c/Leviathan_63_Train_Festival_2009.jpg",
        "SourceUrl": "http://en.wikipedia.org/wiki/file:leviathan_63_train_festival_2009.jpg",
        "DisplayUrl": "en.wikipedia.org/wiki/file:leviathan_63_train_festival_2009.jpg",
        "Width": "3785",
        "Height": "2690",
        "FileSize": "5266758",
        "ContentType": "jpeg",
        "Thumbnail": {
          "__metadata": {
            "type": "Bing.Thumbnail"
          },
          "MediaUrl": "http://ts1.mm.bing.net/th?id=OIP.Meff95135a328e31e3115ab612bfe9805o0&pid=15.1",
          "ContentType": "jpg",
          "Width": "300",
          "Height": "213",
          "FileSize": "16359"
        }
      },
      {
        "__metadata": {
          "uri": "https://api.datamarket.azure.com/Data.ashx/Bing/Search/Image?Query='train photo'&$skip=22&$top=1",
          "type": "ImageResult"
        },
        "ID": "5d9d41e3-c0e4-4fac-9141-0bf0d88e7266",
        "Title": "Description Siemens train in Metro Trains Melbourne Livery.jpg",
        "MediaUrl": "http://upload.wikimedia.org/wikipedia/commons/a/a7/Siemens_train_in_Metro_Trains_Melbourne_Livery.jpg",
        "SourceUrl": "http://commons.wikimedia.org/wiki/File:Siemens_train_in_Metro_Trains_Melbourne_Livery.jpg",
        "DisplayUrl": "commons.wikimedia.org/wiki/File:Siemens_train_in_Metro_Trains...",
        "Width": "3213",
        "Height": "2161",
        "FileSize": "5405792",
        "ContentType": "jpeg",
        "Thumbnail": {
          "__metadata": {
            "type": "Bing.Thumbnail"
          },
          "MediaUrl": "http://ts1.mm.bing.net/th?id=OIP.M3b3d2085a24df10b3757d26e0a95b536H0&pid=15.1",
          "ContentType": "jpg",
          "Width": "300",
          "Height": "201",
          "FileSize": "18790"
        }
      },
      {
        "__metadata": {
          "uri": "https://api.datamarket.azure.com/Data.ashx/Bing/Search/Image?Query='train photo'&$skip=23&$top=1",
          "type": "ImageResult"
        },
        "ID": "b65e38de-6df7-447d-afb4-d8b42c3eb1e4",
        "Title": "Description Blackgang Chine Frontierland steam train.JPG",
        "MediaUrl": "http://upload.wikimedia.org/wikipedia/commons/9/95/Blackgang_Chine_Frontierland_steam_train.JPG",
        "SourceUrl": "http://commons.wikimedia.org/wiki/File:Blackgang_Chine_Frontierland_steam_train.JPG",
        "DisplayUrl": "commons.wikimedia.org/wiki/File:Blackgang_Chine_Frontierland_steam...",
        "Width": "3072",
        "Height": "2304",
        "FileSize": "3348736",
        "ContentType": "jpeg",
        "Thumbnail": {
          "__metadata": {
            "type": "Bing.Thumbnail"
          },
          "MediaUrl": "http://ts2.mm.bing.net/th?id=OIP.M42dee56e68c9706b83e215afeec95cb6o0&pid=15.1",
          "ContentType": "jpg",
          "Width": "300",
          "Height": "225",
          "FileSize": "17119"
        }
      },
      {
        "__metadata": {
          "uri": "https://api.datamarket.azure.com/Data.ashx/Bing/Search/Image?Query='train photo'&$skip=24&$top=1",
          "type": "ImageResult"
        },
        "ID": "6d1e6b19-6626-48db-bb8c-d40bf7b97bc3",
        "Title": "Download Classic Trains wallpaper, 'old erie train'.",
        "MediaUrl": "http://www.trainwallpapers.com/bulkupload/wallpapers/Classic%20Trains/old-erie-train.jpg",
        "SourceUrl": "http://www.trainwallpapers.com/Classic-Trains/old-erie-train/",
        "DisplayUrl": "www.trainwallpapers.com/Classic-Trains/old-erie-train",
        "Width": "1600",
        "Height": "1200",
        "FileSize": "488651",
        "ContentType": "jpeg",
        "Thumbnail": {
          "__metadata": {
            "type": "Bing.Thumbnail"
          },
          "MediaUrl": "http://ts2.mm.bing.net/th?id=OIP.M4babd042fd887ff8f6a39a3838f04ca8H0&pid=15.1",
          "ContentType": "jpg",
          "Width": "300",
          "Height": "225",
          "FileSize": "11633"
        }
      },
      {
        "__metadata": {
          "uri": "https://api.datamarket.azure.com/Data.ashx/Bing/Search/Image?Query='train photo'&$skip=25&$top=1",
          "type": "ImageResult"
        },
        "ID": "3243bfb1-8dd8-4eb9-82d7-bdc4dcb994fd",
        "Title": "File:Walton with Leicester - Peterborough East train geograph-2791492 ...",
        "MediaUrl": "http://upload.wikimedia.org/wikipedia/commons/6/60/Walton_with_Leicester_-_Peterborough_East_train_geograph-2791492-by-Ben-Brooksbank.jpg",
        "SourceUrl": "http://en.m.wikipedia.org/wiki/File:Walton_with_Leicester_-_Peterborough_East_train_geograph-2791492-by-Ben-Brooksbank.jpg",
        "DisplayUrl": "en.m.wikipedia.org/wiki/File:Walton_with_Leicester_-_Peterborough...",
        "Width": "2394",
        "Height": "1392",
        "FileSize": "1161307",
        "ContentType": "jpeg",
        "Thumbnail": {
          "__metadata": {
            "type": "Bing.Thumbnail"
          },
          "MediaUrl": "http://ts2.mm.bing.net/th?id=OIP.M9ea89e720220746f3b2c181385834f7dH0&pid=15.1",
          "ContentType": "jpg",
          "Width": "300",
          "Height": "174",
          "FileSize": "8407"
        }
      },
      {
        "__metadata": {
          "uri": "https://api.datamarket.azure.com/Data.ashx/Bing/Search/Image?Query='train photo'&$skip=26&$top=1",
          "type": "ImageResult"
        },
        "ID": "f26b0f11-18ca-4cc9-bffd-c5e489aab8ca",
        "Title": "Amazing Train Pictures From Around The World",
        "MediaUrl": "http://cdn.wonderfulengineering.com/wp-content/uploads/2014/05/train-pictures-28.jpg",
        "SourceUrl": "http://wonderfulengineering.com/amazing-train-pictures-from-around-the-world/",
        "DisplayUrl": "wonderfulengineering.com/amazing-train-pictures-from-around-the-world",
        "Width": "1920",
        "Height": "1080",
        "FileSize": "245613",
        "ContentType": "jpeg",
        "Thumbnail": {
          "__metadata": {
            "type": "Bing.Thumbnail"
          },
          "MediaUrl": "http://ts1.mm.bing.net/th?id=OIP.M2666fdd1e172deac4c69e1a0580830ebo0&pid=15.1",
          "ContentType": "jpg",
          "Width": "300",
          "Height": "168",
          "FileSize": "8933"
        }
      },
      {
        "__metadata": {
          "uri": "https://api.datamarket.azure.com/Data.ashx/Bing/Search/Image?Query='train photo'&$skip=27&$top=1",
          "type": "ImageResult"
        },
        "ID": "11a0b35d-6b41-455a-9d3e-dd9e60226f08",
        "Title": "Travel Like James Bond: Fly in High-Speed Trains",
        "MediaUrl": "http://www.combatreform.org/Image701.jpg",
        "SourceUrl": "http://www.combatreform.org/jamesbondfliesbytrain.htm",
        "DisplayUrl": "www.combatreform.org/jamesbondfliesbytrain.htm",
        "Width": "620",
        "Height": "413",
        "FileSize": "44943",
        "ContentType": "jpeg",
        "Thumbnail": {
          "__metadata": {
            "type": "Bing.Thumbnail"
          },
          "MediaUrl": "http://ts3.mm.bing.net/th?id=OIP.M44e9626cd7689dbdc0ef79ef1bc6f213o0&pid=15.1",
          "ContentType": "jpg",
          "Width": "300",
          "Height": "199",
          "FileSize": "9279"
        }
      },
      {
        "__metadata": {
          "uri": "https://api.datamarket.azure.com/Data.ashx/Bing/Search/Image?Query='train photo'&$skip=28&$top=1",
          "type": "ImageResult"
        },
        "ID": "b34b02b7-d959-4050-bc21-63a5df1d16a2",
        "Title": "Winter Train - 1920x1200 - 16:10",
        "MediaUrl": "http://www.wallpapersdb.org/wallpapers/trains/winter_train_1920x1200.jpg",
        "SourceUrl": "http://www.wallpapersdb.org/original/1332/",
        "DisplayUrl": "www.wallpapersdb.org/original/1332",
        "Width": "1920",
        "Height": "1200",
        "FileSize": "1288113",
        "ContentType": "jpeg",
        "Thumbnail": {
          "__metadata": {
            "type": "Bing.Thumbnail"
          },
          "MediaUrl": "http://ts3.mm.bing.net/th?id=OIP.M460ae6b659fe2100cd2beb9bf020c039H0&pid=15.1",
          "ContentType": "jpg",
          "Width": "300",
          "Height": "187",
          "FileSize": "11180"
        }
      },
      {
        "__metadata": {
          "uri": "https://api.datamarket.azure.com/Data.ashx/Bing/Search/Image?Query='train photo'&$skip=29&$top=1",
          "type": "ImageResult"
        },
        "ID": "2f8e0f05-1732-4845-b985-0b4b16f509d0",
        "Title": "Railway transport much like schools",
        "MediaUrl": "http://geoffallemand.files.wordpress.com/2010/11/steam-train.jpg",
        "SourceUrl": "http://geoffallemand.wordpress.com/2010/11/09/railway-transport-much-like-schools/",
        "DisplayUrl": "geoffallemand.wordpress.com/2010/11/09/railway-transport-much-like...",
        "Width": "1024",
        "Height": "787",
        "FileSize": "686382",
        "ContentType": "jpeg",
        "Thumbnail": {
          "__metadata": {
            "type": "Bing.Thumbnail"
          },
          "MediaUrl": "http://ts3.mm.bing.net/th?id=OIP.Mbc083199d1ee9479c29414c68672551fH0&pid=15.1",
          "ContentType": "jpg",
          "Width": "300",
          "Height": "230",
          "FileSize": "11949"
        }
      },
      {
        "__metadata": {
          "uri": "https://api.datamarket.azure.com/Data.ashx/Bing/Search/Image?Query='train photo'&$skip=30&$top=1",
          "type": "ImageResult"
        },
        "ID": "6f2b8b3f-ab4e-476d-b5c2-d03bcf1f9447",
        "Title": "Description Freight Train in Hershey, Nebraska.JPG",
        "MediaUrl": "http://upload.wikimedia.org/wikipedia/commons/c/c4/Freight_Train_in_Hershey%2C_Nebraska.JPG",
        "SourceUrl": "http://commons.wikimedia.org/wiki/File:Freight_Train_in_Hershey,_Nebraska.JPG",
        "DisplayUrl": "commons.wikimedia.org/wiki/File:Freight_Train_in_Hershey,_Nebraska.JPG",
        "Width": "4288",
        "Height": "2848",
        "FileSize": "5271784",
        "ContentType": "jpeg",
        "Thumbnail": {
          "__metadata": {
            "type": "Bing.Thumbnail"
          },
          "MediaUrl": "http://ts4.mm.bing.net/th?id=OIP.M19d24f772716602ab29d1564e4acb60bH0&pid=15.1",
          "ContentType": "jpg",
          "Width": "300",
          "Height": "199",
          "FileSize": "10418"
        }
      },
      {
        "__metadata": {
          "uri": "https://api.datamarket.azure.com/Data.ashx/Bing/Search/Image?Query='train photo'&$skip=31&$top=1",
          "type": "ImageResult"
        },
        "ID": "32b30ba5-9a5d-48fb-86b3-fc55f2c8f765",
        "Title": "Description Ruislip Lido Railway train.jpg",
        "MediaUrl": "http://upload.wikimedia.org/wikipedia/commons/7/7d/Ruislip_Lido_Railway_train.jpg",
        "SourceUrl": "http://commons.wikimedia.org/wiki/File:Ruislip_Lido_Railway_train.jpg",
        "DisplayUrl": "commons.wikimedia.org/wiki/File:Ruislip_Lido_Railway_train.jpg",
        "Width": "1280",
        "Height": "960",
        "FileSize": "346542",
        "ContentType": "jpeg",
        "Thumbnail": {
          "__metadata": {
            "type": "Bing.Thumbnail"
          },
          "MediaUrl": "http://ts2.mm.bing.net/th?id=OIP.M8d3b5c74e663bbd8f0691755d9f8d97bo0&pid=15.1",
          "ContentType": "jpg",
          "Width": "300",
          "Height": "225",
          "FileSize": "18698"
        }
      },
      {
        "__metadata": {
          "uri": "https://api.datamarket.azure.com/Data.ashx/Bing/Search/Image?Query='train photo'&$skip=32&$top=1",
          "type": "ImageResult"
        },
        "ID": "cd4d348b-396e-4cc2-bf24-b785c886c805",
        "Title": "Train | Free Desktop Wallpapers for HD, Widescreen and Mobile",
        "MediaUrl": "http://www.thewallpapers.org/photo/26437/heritage_train.jpg",
        "SourceUrl": "http://www.thewallpapers.org/1798/transport/train",
        "DisplayUrl": "www.thewallpapers.org/1798/transport/train",
        "Width": "1600",
        "Height": "1200",
        "FileSize": "747382",
        "ContentType": "jpeg",
        "Thumbnail": {
          "__metadata": {
            "type": "Bing.Thumbnail"
          },
          "MediaUrl": "http://ts3.mm.bing.net/th?id=OIP.M7d0e45d79891334dbe65666a543c4cf6o0&pid=15.1",
          "ContentType": "jpg",
          "Width": "300",
          "Height": "225",
          "FileSize": "24041"
        }
      },
      {
        "__metadata": {
          "uri": "https://api.datamarket.azure.com/Data.ashx/Bing/Search/Image?Query='train photo'&$skip=33&$top=1",
          "type": "ImageResult"
        },
        "ID": "d024797c-b5bf-4ffe-9aa7-4d27d9967d8f",
        "Title": "house, paper, original, train, trains, really, wallpapers",
        "MediaUrl": "http://www.wallpapersdb.org/wallpapers/trains/really_long_train_1920x1200.jpg",
        "SourceUrl": "http://hdw.eweb4.com/out/759649.html",
        "DisplayUrl": "hdw.eweb4.com/out/759649.html",
        "Width": "1920",
        "Height": "1200",
        "FileSize": "1893829",
        "ContentType": "jpeg",
        "Thumbnail": {
          "__metadata": {
            "type": "Bing.Thumbnail"
          },
          "MediaUrl": "http://ts4.mm.bing.net/th?id=OIP.Me7c51c980148db33aa280eefbffb0e00H0&pid=15.1",
          "ContentType": "jpg",
          "Width": "300",
          "Height": "187",
          "FileSize": "15984"
        }
      },
      {
        "__metadata": {
          "uri": "https://api.datamarket.azure.com/Data.ashx/Bing/Search/Image?Query='train photo'&$skip=34&$top=1",
          "type": "ImageResult"
        },
        "ID": "7e7ef2b1-17bc-4cff-ad04-dcb0560e9ce8",
        "Title": "MY FATEFUL TRAIN JOURNEY | Whackopedia!!",
        "MediaUrl": "http://pratikdas.files.wordpress.com/2012/03/india_train_big.jpg",
        "SourceUrl": "http://pratikdas.wordpress.com/2012/03/11/my-fateful-train-journey/",
        "DisplayUrl": "pratikdas.wordpress.com/2012/03/11/my-fateful-train-journey",
        "Width": "1000",
        "Height": "727",
        "FileSize": "973464",
        "ContentType": "jpeg",
        "Thumbnail": {
          "__metadata": {
            "type": "Bing.Thumbnail"
          },
          "MediaUrl": "http://ts1.mm.bing.net/th?id=OIP.M0d60d64d941b0dd12afba84214fdc051H0&pid=15.1",
          "ContentType": "jpg",
          "Width": "300",
          "Height": "218",
          "FileSize": "22329"
        }
      },
      {
        "__metadata": {
          "uri": "https://api.datamarket.azure.com/Data.ashx/Bing/Search/Image?Query='train photo'&$skip=35&$top=1",
          "type": "ImageResult"
        },
        "ID": "b5a69d02-440e-4dbe-92d2-b4c28cfbe992",
        "Title": "Description Express train of Kiev 2011 G1.jpg",
        "MediaUrl": "http://upload.wikimedia.org/wikipedia/commons/7/7f/Express_train_of_Kiev_2011_G1.jpg",
        "SourceUrl": "http://commons.wikimedia.org/wiki/File:Express_train_of_Kiev_2011_G1.jpg",
        "DisplayUrl": "commons.wikimedia.org/wiki/File:Express_train_of_Kiev_2011_G1.jpg",
        "Width": "4500",
        "Height": "3300",
        "FileSize": "4313692",
        "ContentType": "jpeg",
        "Thumbnail": {
          "__metadata": {
            "type": "Bing.Thumbnail"
          },
          "MediaUrl": "http://ts2.mm.bing.net/th?id=OIP.M2453af887bedf1defdcd04cb44463b4bo0&pid=15.1",
          "ContentType": "jpg",
          "Width": "300",
          "Height": "220",
          "FileSize": "14524"
        }
      },
      {
        "__metadata": {
          "uri": "https://api.datamarket.azure.com/Data.ashx/Bing/Search/Image?Query='train photo'&$skip=36&$top=1",
          "type": "ImageResult"
        },
        "ID": "0fa74d87-7c23-456c-89ca-7846b9769c7d",
        "Title": "back to parks home things to do miniature trains miniature trains",
        "MediaUrl": "http://www.montgomeryparks.org/enterprise/park_facilities/trains/images/MiniatureTrain.jpg",
        "SourceUrl": "http://www.montgomeryparks.org/enterprise/park_facilities/trains/miniature_trains.shtm",
        "DisplayUrl": "www.montgomeryparks.org/enterprise/park_facilities/trains/miniature...",
        "Width": "500",
        "Height": "259",
        "FileSize": "40085",
        "ContentType": "jpeg",
        "Thumbnail": {
          "__metadata": {
            "type": "Bing.Thumbnail"
          },
          "MediaUrl": "http://ts2.mm.bing.net/th?id=OIP.M58c7abd1ca8dcc530e8c03f386682055o0&pid=15.1",
          "ContentType": "jpg",
          "Width": "300",
          "Height": "155",
          "FileSize": "11619"
        }
      },
      {
        "__metadata": {
          "uri": "https://api.datamarket.azure.com/Data.ashx/Bing/Search/Image?Query='train photo'&$skip=37&$top=1",
          "type": "ImageResult"
        },
        "ID": "29b37f76-e8f6-4d4c-91c5-89b3d082adf9",
        "Title": "Description A-train at Adventureland, Iowa.jpg",
        "MediaUrl": "http://upload.wikimedia.org/wikipedia/commons/1/1b/A-train_at_Adventureland,_Iowa.jpg",
        "SourceUrl": "http://commons.wikimedia.org/wiki/File:A-train_at_Adventureland,_Iowa.jpg",
        "DisplayUrl": "commons.wikimedia.org/wiki/File:A-train_at_Adventureland,_Iowa.jpg",
        "Width": "2000",
        "Height": "1189",
        "FileSize": "611917",
        "ContentType": "jpeg",
        "Thumbnail": {
          "__metadata": {
            "type": "Bing.Thumbnail"
          },
          "MediaUrl": "http://ts4.mm.bing.net/th?id=OIP.M47c4a8d65461dabcd0abb1529caf1496o0&pid=15.1",
          "ContentType": "jpg",
          "Width": "300",
          "Height": "178",
          "FileSize": "20092"
        }
      },
      {
        "__metadata": {
          "uri": "https://api.datamarket.azure.com/Data.ashx/Bing/Search/Image?Query='train photo'&$skip=38&$top=1",
          "type": "ImageResult"
        },
        "ID": "c7ea2415-3483-485c-b7be-4ba71e465fc5",
        "Title": "Train Coloring Pages",
        "MediaUrl": "http://picturesforcoloring.com/wp-content/uploads/2012/03/Train-switzerland.jpg",
        "SourceUrl": "http://picturesforcoloring.com/2012/03/train-coloring-pages/",
        "DisplayUrl": "picturesforcoloring.com/2012/03/train-coloring-pages",
        "Width": "950",
        "Height": "635",
        "FileSize": "143479",
        "ContentType": "jpeg",
        "Thumbnail": {
          "__metadata": {
            "type": "Bing.Thumbnail"
          },
          "MediaUrl": "http://ts2.mm.bing.net/th?id=OIP.M99d0ae574d4a5888eb46bc5d18f5bc3aH0&pid=15.1",
          "ContentType": "jpg",
          "Width": "300",
          "Height": "200",
          "FileSize": "10507"
        }
      },
      {
        "__metadata": {
          "uri": "https://api.datamarket.azure.com/Data.ashx/Bing/Search/Image?Query='train photo'&$skip=39&$top=1",
          "type": "ImageResult"
        },
        "ID": "4f4536ea-9847-48e8-b242-b3ba83a70ac7",
        "Title": "Facebook Twitter Google+ StumbleUpon Digg Pinterest LinkedIn",
        "MediaUrl": "http://1.bp.blogspot.com/-yOw0caUcEPM/T-XuhNLGi-I/AAAAAAAAAVU/wtOHITpl-QQ/s1600/Old_Train_2_1024X768.jpg",
        "SourceUrl": "http://lovelydesktops.blogspot.com/2012/06/old-train.html",
        "DisplayUrl": "lovelydesktops.blogspot.com/2012/06/old-train.html",
        "Width": "1024",
        "Height": "768",
        "FileSize": "285446",
        "ContentType": "jpeg",
        "Thumbnail": {
          "__metadata": {
            "type": "Bing.Thumbnail"
          },
          "MediaUrl": "http://ts4.mm.bing.net/th?id=OIP.Mece937387f8d9c5f20df70f819569fffo0&pid=15.1",
          "ContentType": "jpg",
          "Width": "300",
          "Height": "225",
          "FileSize": "11331"
        }
      },
      {
        "__metadata": {
          "uri": "https://api.datamarket.azure.com/Data.ashx/Bing/Search/Image?Query='train photo'&$skip=40&$top=1",
          "type": "ImageResult"
        },
        "ID": "526f7ce5-f4d9-485c-ad12-d0f899c93f10",
        "Title": "4rail.net - Reference - Super Fast Trains - Sokol",
        "MediaUrl": "http://4rail.net/4rail_pics_2008/rus_sokol_train_testrink_L.jpg",
        "SourceUrl": "http://4rail.net/ref_fast_sokol.html",
        "DisplayUrl": "4rail.net/ref_fast_sokol.html",
        "Width": "1600",
        "Height": "901",
        "FileSize": "653741",
        "ContentType": "jpeg",
        "Thumbnail": {
          "__metadata": {
            "type": "Bing.Thumbnail"
          },
          "MediaUrl": "http://ts3.mm.bing.net/th?id=OIP.M6d30d0db819abec57d096b729ab0ff26o0&pid=15.1",
          "ContentType": "jpg",
          "Width": "300",
          "Height": "168",
          "FileSize": "12246"
        }
      },
      {
        "__metadata": {
          "uri": "https://api.datamarket.azure.com/Data.ashx/Bing/Search/Image?Query='train photo'&$skip=41&$top=1",
          "type": "ImageResult"
        },
        "ID": "a417ab8b-8eaa-4315-aea7-f4a2fb7fa5aa",
        "Title": "South West Trains",
        "MediaUrl": "http://i3.getsurrey.co.uk/incoming/article4805324.ece/ALTERNATES/s615/south_west_trains_1.jpg",
        "SourceUrl": "http://www.getsurrey.co.uk/news/surrey-news/man-hit-killed-rush-hour-10213320",
        "DisplayUrl": "www.getsurrey.co.uk/news/surrey-news/man-hit-killed-rush-hour-10213320",
        "Width": "615",
        "Height": "409",
        "FileSize": "60765",
        "ContentType": "jpeg",
        "Thumbnail": {
          "__metadata": {
            "type": "Bing.Thumbnail"
          },
          "MediaUrl": "http://ts1.mm.bing.net/th?id=OIP.M6aedace33bb87ab084d35ba1d5a6e620o0&pid=15.1",
          "ContentType": "jpg",
          "Width": "300",
          "Height": "199",
          "FileSize": "12204"
        }
      },
      {
        "__metadata": {
          "uri": "https://api.datamarket.azure.com/Data.ashx/Bing/Search/Image?Query='train photo'&$skip=42&$top=1",
          "type": "ImageResult"
        },
        "ID": "0e5a78a5-a055-47f5-a2d2-c2b0835eb08f",
        "Title": "Amazing Train Pictures From Around The World",
        "MediaUrl": "http://cdn.wonderfulengineering.com/wp-content/uploads/2014/05/train-pictures-4.jpg",
        "SourceUrl": "http://wonderfulengineering.com/amazing-train-pictures-from-around-the-world/",
        "DisplayUrl": "wonderfulengineering.com/amazing-train-pictures-from-around-the-world",
        "Width": "1920",
        "Height": "1200",
        "FileSize": "540186",
        "ContentType": "jpeg",
        "Thumbnail": {
          "__metadata": {
            "type": "Bing.Thumbnail"
          },
          "MediaUrl": "http://ts3.mm.bing.net/th?id=OIP.M315c6d9f8f7288e892e1f4f23893059aH0&pid=15.1",
          "ContentType": "jpg",
          "Width": "300",
          "Height": "187",
          "FileSize": "10784"
        }
      },
      {
        "__metadata": {
          "uri": "https://api.datamarket.azure.com/Data.ashx/Bing/Search/Image?Query='train photo'&$skip=43&$top=1",
          "type": "ImageResult"
        },
        "ID": "0c1d6a63-05fd-42a5-a307-fd8eed34c160",
        "Title": "File:Railroad-Gyula-b.jpg - Wikipedia, the free encyclopedia",
        "MediaUrl": "http://upload.wikimedia.org/wikipedia/commons/4/40/Railroad-Gyula-b.jpg",
        "SourceUrl": "http://en.wikipedia.org/wiki/file:railroad-gyula-b.jpg",
        "DisplayUrl": "en.wikipedia.org/wiki/file:railroad-gyula-b.jpg",
        "Width": "2851",
        "Height": "1800",
        "FileSize": "2022884",
        "ContentType": "jpeg",
        "Thumbnail": {
          "__metadata": {
            "type": "Bing.Thumbnail"
          },
          "MediaUrl": "http://ts3.mm.bing.net/th?id=OIP.Mbf13801922eab6d0fce4b81dcfac477aH0&pid=15.1",
          "ContentType": "jpg",
          "Width": "300",
          "Height": "189",
          "FileSize": "16249"
        }
      },
      {
        "__metadata": {
          "uri": "https://api.datamarket.azure.com/Data.ashx/Bing/Search/Image?Query='train photo'&$skip=44&$top=1",
          "type": "ImageResult"
        },
        "ID": "36ccb6bc-637d-411c-abb4-c9efc80a78f4",
        "Title": "To download click on Canada Vacation Train HD Wallpaper then choose ...",
        "MediaUrl": "http://www.123mobilewallpapers.com/wp-content/uploads/2014/07/canada_vacation_train_HD_wallpaper.jpg",
        "SourceUrl": "http://www.123mobilewallpapers.com/canada-vacation-train-hd-wallpapers.html",
        "DisplayUrl": "www.123mobilewallpapers.com/canada-vacation-train-hd-wallpapers.html",
        "Width": "1920",
        "Height": "1200",
        "FileSize": "524792",
        "ContentType": "jpeg",
        "Thumbnail": {
          "__metadata": {
            "type": "Bing.Thumbnail"
          },
          "MediaUrl": "http://ts3.mm.bing.net/th?id=OIP.M3ad87510b83654f8495de0c36d687205H0&pid=15.1",
          "ContentType": "jpg",
          "Width": "300",
          "Height": "187",
          "FileSize": "12935"
        }
      },
      {
        "__metadata": {
          "uri": "https://api.datamarket.azure.com/Data.ashx/Bing/Search/Image?Query='train photo'&$skip=45&$top=1",
          "type": "ImageResult"
        },
        "ID": "444385fa-a4fa-4480-89f2-4586cb52b2fe",
        "Title": "File:Airport Express Train.jpg - Wikipedia, the free encyclopedia",
        "MediaUrl": "http://upload.wikimedia.org/wikipedia/commons/8/81/Airport_Express_Train.jpg",
        "SourceUrl": "http://en.wikipedia.org/wiki/File:Airport_Express_Train.jpg",
        "DisplayUrl": "en.wikipedia.org/wiki/File:Airport_Express_Train.jpg",
        "Width": "1600",
        "Height": "1200",
        "FileSize": "324047",
        "ContentType": "jpeg",
        "Thumbnail": {
          "__metadata": {
            "type": "Bing.Thumbnail"
          },
          "MediaUrl": "http://ts3.mm.bing.net/th?id=OIP.M7f55d753a0f378c152a3acfcbc5b5c12o0&pid=15.1",
          "ContentType": "jpg",
          "Width": "300",
          "Height": "225",
          "FileSize": "16174"
        }
      },
      {
        "__metadata": {
          "uri": "https://api.datamarket.azure.com/Data.ashx/Bing/Search/Image?Query='train photo'&$skip=46&$top=1",
          "type": "ImageResult"
        },
        "ID": "1213d981-ebc4-4ae6-a4bf-fc9fa4f2a6a1",
        "Title": "File:The Alaska Railroad.jpg - Wikipedia, the free encyclopedia",
        "MediaUrl": "http://upload.wikimedia.org/wikipedia/commons/d/d8/The_Alaska_Railroad.jpg",
        "SourceUrl": "http://en.wikipedia.org/wiki/file:the_alaska_railroad.jpg",
        "DisplayUrl": "en.wikipedia.org/wiki/file:the_alaska_railroad.jpg",
        "Width": "2427",
        "Height": "1293",
        "FileSize": "534446",
        "ContentType": "jpeg",
        "Thumbnail": {
          "__metadata": {
            "type": "Bing.Thumbnail"
          },
          "MediaUrl": "http://ts3.mm.bing.net/th?id=OIP.M6057637b097cf03c2ddec2f17eb46500o0&pid=15.1",
          "ContentType": "jpg",
          "Width": "300",
          "Height": "159",
          "FileSize": "13590"
        }
      },
      {
        "__metadata": {
          "uri": "https://api.datamarket.azure.com/Data.ashx/Bing/Search/Image?Query='train photo'&$skip=47&$top=1",
          "type": "ImageResult"
        },
        "ID": "2a642a16-0ea7-4654-bb4c-062ed993762a",
        "Title": "Railroad - 1920x1200 - 16:10",
        "MediaUrl": "http://www.wallpapersdb.org/wallpapers/nature/railroad_1920x1200.jpg",
        "SourceUrl": "http://www.wallpapersdb.org/original/2406/",
        "DisplayUrl": "www.wallpapersdb.org/original/2406",
        "Width": "1920",
        "Height": "1200",
        "FileSize": "759064",
        "ContentType": "jpeg",
        "Thumbnail": {
          "__metadata": {
            "type": "Bing.Thumbnail"
          },
          "MediaUrl": "http://ts4.mm.bing.net/th?id=OIP.M734709b0bb59782467ba3083cec77b6cH0&pid=15.1",
          "ContentType": "jpg",
          "Width": "300",
          "Height": "187",
          "FileSize": "18627"
        }
      },
      {
        "__metadata": {
          "uri": "https://api.datamarket.azure.com/Data.ashx/Bing/Search/Image?Query='train photo'&$skip=48&$top=1",
          "type": "ImageResult"
        },
        "ID": "6250386b-c378-4ca3-9e50-f12e4d18efc2",
        "Title": "File:Train transilien04.jpg - Wikimedia Commons",
        "MediaUrl": "http://upload.wikimedia.org/wikipedia/commons/3/3d/Train_transilien04.jpg",
        "SourceUrl": "http://commons.wikimedia.org/wiki/File:Train_transilien04.jpg",
        "DisplayUrl": "commons.wikimedia.org/wiki/File:Train_transilien04.jpg",
        "Width": "1024",
        "Height": "768",
        "FileSize": "86767",
        "ContentType": "jpeg",
        "Thumbnail": {
          "__metadata": {
            "type": "Bing.Thumbnail"
          },
          "MediaUrl": "http://ts2.mm.bing.net/th?id=OIP.Ma729e0f724d16242c2a7b085be062466o0&pid=15.1",
          "ContentType": "jpg",
          "Width": "300",
          "Height": "225",
          "FileSize": "13321"
        }
      },
      {
        "__metadata": {
          "uri": "https://api.datamarket.azure.com/Data.ashx/Bing/Search/Image?Query='train photo'&$skip=49&$top=1",
          "type": "ImageResult"
        },
        "ID": "83930410-b93c-40d8-9f42-3282bdfae3a5",
        "Title": "File:Metra Electric train.jpg - Wikimedia Commons",
        "MediaUrl": "http://upload.wikimedia.org/wikipedia/commons/1/19/Metra_Electric_train.jpg",
        "SourceUrl": "http://commons.wikimedia.org/wiki/File:Metra_Electric_train.jpg",
        "DisplayUrl": "commons.wikimedia.org/wiki/File:Metra_Electric_train.jpg",
        "Width": "1800",
        "Height": "1200",
        "FileSize": "466409",
        "ContentType": "jpeg",
        "Thumbnail": {
          "__metadata": {
            "type": "Bing.Thumbnail"
          },
          "MediaUrl": "http://ts2.mm.bing.net/th?id=OIP.M23769c45eb3403d80907d8788a3e9987H0&pid=15.1",
          "ContentType": "jpg",
          "Width": "300",
          "Height": "200",
          "FileSize": "12707"
        }
      }
    ],
    "__next": "https://api.datamarket.azure.com/Data.ashx/Bing/Search/Image?Query='train%20photo'&$skip=50&$top=50"
  }
}