{
  "d": {
    "results": [
      {
        "__metadata": {
          "uri": "https://api.datamarket.azure.com/Data.ashx/Bing/Search/Image?Query='grand canyon'&$skip=0&$top=1",
          "type": "ImageResult"
        },
        "ID": "f04daa44-e35f-4e7b-a2d8-c09e1e220f21",
        "Title": "Grand Canyon national parks",
        "MediaUrl": "http://2.bp.blogspot.com/-ew_DBz9ueHI/T0PSPsHJmXI/AAAAAAAAFOc/hkg40bh8aQ4/s1600/grand_canyon30.jpg",
        "SourceUrl": "http://world-visits.blogspot.com/2012/02/the-grand-canyon-in-united-states.html",
        "DisplayUrl": "world-visits.blogspot.com/2012/02/the-grand-canyon-in-united-states...",
        "Width": "1600",
        "Height": "1200",
        "FileSize": "538015",
        "ContentType": "jpeg",
        "Thumbnail": {
          "__metadata": {
            "type": "Bing.Thumbnail"
          },
          "MediaUrl": "http://ts2.mm.bing.net/th?id=OIP.M604d5d9565b47d8244815cc4d58e2e1dH0&pid=15.1",
          "ContentType": "jpg",
          "Width": "300",
          "Height": "225",
          "FileSize": "15413"
        }
      },
      {
        "__metadata": {
          "uri": "https://api.datamarket.azure.com/Data.ashx/Bing/Search/Image?Query='grand canyon'&$skip=1&$top=1",
          "type": "ImageResult"
        },
        "ID": "fa748d68-b8fc-4627-9663-18d492477195",
        "Title": "Grand Canyon | Grand Canyon National Park | Travelwest",
        "MediaUrl": "http://www.travelwest.net/files/large/the-grand-canyon.jpg",
        "SourceUrl": "http://www.travelwest.net/grand-canyon",
        "DisplayUrl": "www.travelwest.net/grand-canyon",
        "Width": "900",
        "Height": "602",
        "FileSize": "646254",
        "ContentType": "jpeg",
        "Thumbnail": {
          "__metadata": {
            "type": "Bing.Thumbnail"
          },
          "MediaUrl": "http://ts4.mm.bing.net/th?id=OIP.M53a87f744284dfd7994a7c15ab0d35e3o0&pid=15.1",
          "ContentType": "jpg",
          "Width": "300",
          "Height": "200",
          "FileSize": "14737"
        }
      },
      {
        "__metadata": {
          "uri": "https://api.datamarket.azure.com/Data.ashx/Bing/Search/Image?Query='grand canyon'&$skip=2&$top=1",
          "type": "ImageResult"
        },
        "ID": "474f1b5c-13c1-40e1-811a-d736754db6eb",
        "Title": "Grand Canyon: More Myths of Evolution | Across the Fruited Plain",
        "MediaUrl": "http://sepetjian.files.wordpress.com/2011/10/grand-canyon.jpg",
        "SourceUrl": "http://sepetjian.wordpress.com/2011/10/10/grand-canyon-more-myths-of-evolution/",
        "DisplayUrl": "sepetjian.wordpress.com/2011/10/10/grand-canyon-more-myths-of...",
        "Width": "900",
        "Height": "599",
        "FileSize": "219296",
        "ContentType": "jpeg",
        "Thumbnail": {
          "__metadata": {
            "type": "Bing.Thumbnail"
          },
          "MediaUrl": "http://ts3.mm.bing.net/th?id=OIP.Mc1d777a80575b4bcbad6a6794d16a1d9H0&pid=15.1",
          "ContentType": "jpg",
          "Width": "300",
          "Height": "199",
          "FileSize": "20561"
        }
      },
      {
        "__metadata": {
          "uri": "https://api.datamarket.azure.com/Data.ashx/Bing/Search/Image?Query='grand canyon'&$skip=3&$top=1",
          "type": "ImageResult"
        },
        "ID": "295ed431-8bed-445e-bac0-d57da4a6afa8",
        "Title": "Grand Canyon Natural Wonder Of World Arizona USA - Found The World",
        "MediaUrl": "http://foundtheworld.com/wp-content/uploads/2016/01/Grand-Canyon-4.jpg",
        "SourceUrl": "http://foundtheworld.com/grand-canyon-national-park/",
        "DisplayUrl": "foundtheworld.com/grand-canyon-national-park",
        "Width": "2000",
        "Height": "1333",
        "FileSize": "579851",
        "ContentType": "jpeg",
        "Thumbnail": {
          "__metadata": {
            "type": "Bing.Thumbnail"
          },
          "MediaUrl": "http://ts2.mm.bing.net/th?id=OIP.Md3827f0423809d22dadafc4c27fcba2eo0&pid=15.1",
          "ContentType": "jpg",
          "Width": "300",
          "Height": "199",
          "FileSize": "18909"
        }
      },
      {
        "__metadata": {
          "uri": "https://api.datamarket.azure.com/Data.ashx/Bing/Search/Image?Query='grand canyon'&$skip=4&$top=1",
          "type": "ImageResult"
        },
        "ID": "9b92c173-249d-4ffb-9698-46190d59a05d",
        "Title": "Grand Canyon | Zion Mountain Ranch",
        "MediaUrl": "http://www.zmr.com/wp-content/uploads/2014/10/grand-canyon-sunset.jpg",
        "SourceUrl": "http://www.zmr.com/national-parks/grand-canyon/",
        "DisplayUrl": "www.zmr.com/national-parks/grand-canyon",
        "Width": "1400",
        "Height": "932",
        "FileSize": "888542",
        "ContentType": "jpeg",
        "Thumbnail": {
          "__metadata": {
            "type": "Bing.Thumbnail"
          },
          "MediaUrl": "http://ts1.mm.bing.net/th?id=OIP.Mda94c3443a86b61d7415104feea11325o0&pid=15.1",
          "ContentType": "jpg",
          "Width": "300",
          "Height": "199",
          "FileSize": "19207"
        }
      },
      {
        "__metadata": {
          "uri": "https://api.datamarket.azure.com/Data.ashx/Bing/Search/Image?Query='grand canyon'&$skip=5&$top=1",
          "type": "ImageResult"
        },
        "ID": "96199ede-657d-4f08-82d5-9204d5c5c2d9",
        "Title": "Grand Canyon and Detroit",
        "MediaUrl": "http://upload.wikimedia.org/wikipedia/commons/f/f9/USA_09847_Grand_Canyon_Luca_Galuzzi_2007.jpg",
        "SourceUrl": "http://www.freeourfreemarkets.org/2014/12/grand-canyon-and-detroit.html",
        "DisplayUrl": "www.freeourfreemarkets.org/2014/12/grand-canyon-and-detroit.html",
        "Width": "2000",
        "Height": "1333",
        "FileSize": "2267217",
        "ContentType": "jpeg",
        "Thumbnail": {
          "__metadata": {
            "type": "Bing.Thumbnail"
          },
          "MediaUrl": "http://ts1.mm.bing.net/th?id=OIP.Mb608132493f5b4dc82d78070da2292a4o0&pid=15.1",
          "ContentType": "jpg",
          "Width": "300",
          "Height": "199",
          "FileSize": "13107"
        }
      },
      {
        "__metadata": {
          "uri": "https://api.datamarket.azure.com/Data.ashx/Bing/Search/Image?Query='grand canyon'&$skip=6&$top=1",
          "type": "ImageResult"
        },
        "ID": "ce0d0924-0ebe-4eda-a077-4a8826c8d3a7",
        "Title": "Grand Canyon South Rim Motor Coach Tour & Helicopter Ride",
        "MediaUrl": "http://a30de2edae0c4b0bc6ba-a8477a60b1c5d9e290ed2e4c0d53743c.r24.cf1.rackcdn.com/4/5/large.jpg",
        "SourceUrl": "http://www.grayline.com/tours/las-vegas/grand-canyon-south-rim-motor-coach-tour-helicopter-ride-5862_4/",
        "DisplayUrl": "www.grayline.com/tours/las-vegas/grand-canyon-south-rim-motor-coach...",
        "Width": "1500",
        "Height": "1000",
        "FileSize": "253086",
        "ContentType": "jpeg",
        "Thumbnail": {
          "__metadata": {
            "type": "Bing.Thumbnail"
          },
          "MediaUrl": "http://ts2.mm.bing.net/th?id=OIP.Mb49030e8741a7965df09f610e3aae650o0&pid=15.1",
          "ContentType": "jpg",
          "Width": "300",
          "Height": "200",
          "FileSize": "12370"
        }
      },
      {
        "__metadata": {
          "uri": "https://api.datamarket.azure.com/Data.ashx/Bing/Search/Image?Query='grand canyon'&$skip=7&$top=1",
          "type": "ImageResult"
        },
        "ID": "81bac849-c8e6-4c68-bc02-ffbaf84b8cdf",
        "Title": "Grand Canyon",
        "MediaUrl": "http://images.boomsbeat.com/data/images/full/653/26-jpg.jpg",
        "SourceUrl": "http://www.boomsbeat.com/articles/31/20140109/37-amazing-photos-that-capture-the-beauty-of-the-grand-canyon.htm",
        "DisplayUrl": "www.boomsbeat.com/articles/31/20140109/37-amazing-photos-that...",
        "Width": "1920",
        "Height": "1200",
        "FileSize": "578925",
        "ContentType": "jpeg",
        "Thumbnail": {
          "__metadata": {
            "type": "Bing.Thumbnail"
          },
          "MediaUrl": "http://ts4.mm.bing.net/th?id=OIP.M1ac9bcf4f1660b5ed6e158bb54ce56a1o0&pid=15.1",
          "ContentType": "jpg",
          "Width": "300",
          "Height": "187",
          "FileSize": "10412"
        }
      },
      {
        "__metadata": {
          "uri": "https://api.datamarket.azure.com/Data.ashx/Bing/Search/Image?Query='grand canyon'&$skip=8&$top=1",
          "type": "ImageResult"
        },
        "ID": "b27c655b-d793-460b-8829-e6dce694ac5b",
        "Title": "Hidden Paradise in Grand Canyon National Park | Tourism Places",
        "MediaUrl": "http://thewayofmantra.com/wp-content/uploads/2013/10/grand-canyon-colorado-river.jpg",
        "SourceUrl": "http://www.e-perpustakaan.com/hidden-paradise-in-grand-canyon-national-park/",
        "DisplayUrl": "www.e-perpustakaan.com/hidden-paradise-in-grand-canyon-national-park",
        "Width": "1024",
        "Height": "768",
        "FileSize": "179406",
        "ContentType": "jpeg",
        "Thumbnail": {
          "__metadata": {
            "type": "Bing.Thumbnail"
          },
          "MediaUrl": "http://ts1.mm.bing.net/th?id=OIP.M7c77712610872f191290b42537dec7f6H0&pid=15.1",
          "ContentType": "jpg",
          "Width": "300",
          "Height": "225",
          "FileSize": "15934"
        }
      },
      {
        "__metadata": {
          "uri": "https://api.datamarket.azure.com/Data.ashx/Bing/Search/Image?Query='grand canyon'&$skip=9&$top=1",
          "type": "ImageResult"
        },
        "ID": "3fdfbde9-19ac-4729-b8bd-c03ed003d4f2",
        "Title": "Court Upholds Grand Canyon Uranium Mining Ban | Earthjustice",
        "MediaUrl": "http://earthjustice.org/sites/default/files/grandcanyon_kojihirano_shutterstock.jpg",
        "SourceUrl": "http://earthjustice.org/news/press/2014/court-upholds-grand-canyon-uranium-mining-ban",
        "DisplayUrl": "earthjustice.org/news/press/2014/court-upholds-grand-canyon-uranium...",
        "Width": "4257",
        "Height": "2823",
        "FileSize": "7650410",
        "ContentType": "jpeg",
        "Thumbnail": {
          "__metadata": {
            "type": "Bing.Thumbnail"
          },
          "MediaUrl": "http://ts3.mm.bing.net/th?id=OIP.Me3df6106cf6a4883fadaaa4217552a48o0&pid=15.1",
          "ContentType": "jpg",
          "Width": "300",
          "Height": "198",
          "FileSize": "9687"
        }
      },
      {
        "__metadata": {
          "uri": "https://api.datamarket.azure.com/Data.ashx/Bing/Search/Image?Query='grand canyon'&$skip=10&$top=1",
          "type": "ImageResult"
        },
        "ID": "ea8c5f33-0bce-4669-b6e0-514c757fa9b6",
        "Title": "Grand Canyon Floor Landing Helicopter Tour - Canyon Tours",
        "MediaUrl": "http://www.canyontours.com/wp-content/uploads/2013/09/West-Rim.jpg",
        "SourceUrl": "http://www.canyontours.com/grand-canyon-floor-landing-helicopter-tour/",
        "DisplayUrl": "www.canyontours.com/grand-canyon-floor-landing-helicopter-tour",
        "Width": "1280",
        "Height": "853",
        "FileSize": "180242",
        "ContentType": "jpeg",
        "Thumbnail": {
          "__metadata": {
            "type": "Bing.Thumbnail"
          },
          "MediaUrl": "http://ts4.mm.bing.net/th?id=OIP.M1374cdf98c76365bf8b0372ea40c1ea5H0&pid=15.1",
          "ContentType": "jpg",
          "Width": "300",
          "Height": "199",
          "FileSize": "13782"
        }
      },
      {
        "__metadata": {
          "uri": "https://api.datamarket.azure.com/Data.ashx/Bing/Search/Image?Query='grand canyon'&$skip=11&$top=1",
          "type": "ImageResult"
        },
        "ID": "5c2243cd-54d8-4a06-bbac-7c22639c83c4",
        "Title": "Grand Canyon Best Place to Visit in American Southwest 2012, The River ...",
        "MediaUrl": "http://3.bp.blogspot.com/-h2bFA954Itk/TgC3KjL70dI/AAAAAAAAAG4/Rzf4vCkOCpc/s1600/Grand-Canyon.jpg",
        "SourceUrl": "http://20best.blogspot.com/2011/06/visit-to-grand-canyon-in-10-days.html",
        "DisplayUrl": "20best.blogspot.com/2011/06/visit-to-grand-canyon-in-10-days.html",
        "Width": "1280",
        "Height": "856",
        "FileSize": "266007",
        "ContentType": "jpeg",
        "Thumbnail": {
          "__metadata": {
            "type": "Bing.Thumbnail"
          },
          "MediaUrl": "http://ts1.mm.bing.net/th?id=OIP.M51ec5edbb1d01c7bb51beda92f35f45aH0&pid=15.1",
          "ContentType": "jpg",
          "Width": "300",
          "Height": "200",
          "FileSize": "12807"
        }
      },
      {
        "__metadata": {
          "uri": "https://api.datamarket.azure.com/Data.ashx/Bing/Search/Image?Query='grand canyon'&$skip=12&$top=1",
          "type": "ImageResult"
        },
        "ID": "9212caa6-cf6a-4e9c-9e86-b5b81e7c8e8d",
        "Title": "Grand Canyon - Arizo..> 17-Jun-2010 05:07 353K",
        "MediaUrl": "http://bergoiata.org/fe/grand-canyon-arizona/Grand%20Canyon%20-%20Arizona%20008.jpg",
        "SourceUrl": "http://www.bergoiata.org/fe/grand-canyon-arizona/",
        "DisplayUrl": "www.bergoiata.org/fe/grand-canyon-arizona",
        "Width": "1024",
        "Height": "768",
        "FileSize": "361965",
        "ContentType": "jpeg",
        "Thumbnail": {
          "__metadata": {
            "type": "Bing.Thumbnail"
          },
          "MediaUrl": "http://ts3.mm.bing.net/th?id=OIP.M4378fd1d04fa283c44bd6bed8f6cae78o0&pid=15.1",
          "ContentType": "jpg",
          "Width": "300",
          "Height": "225",
          "FileSize": "10957"
        }
      },
      {
        "__metadata": {
          "uri": "https://api.datamarket.azure.com/Data.ashx/Bing/Search/Image?Query='grand canyon'&$skip=13&$top=1",
          "type": "ImageResult"
        },
        "ID": "408831aa-eaa6-4e98-8aba-9162a4ad0260",
        "Title": "... of nature, Grand Canyon National Park, Grand Canyon, National Park",
        "MediaUrl": "http://1.bp.blogspot.com/-_HNHvRSpSfE/Tm612B27LZI/AAAAAAAAAUg/2Vh3DMCKmZI/s1600/4.jpg",
        "SourceUrl": "http://azamtourism.blogspot.com/2011/12/grand-canyon-national-park-arizona.html",
        "DisplayUrl": "azamtourism.blogspot.com/2011/12/grand-canyon-national-park-arizona...",
        "Width": "1600",
        "Height": "903",
        "FileSize": "484363",
        "ContentType": "jpeg",
        "Thumbnail": {
          "__metadata": {
            "type": "Bing.Thumbnail"
          },
          "MediaUrl": "http://ts4.mm.bing.net/th?id=OIP.Mbd6069e18811c9f17f07b70fd060443ao0&pid=15.1",
          "ContentType": "jpg",
          "Width": "300",
          "Height": "169",
          "FileSize": "13502"
        }
      },
      {
        "__metadata": {
          "uri": "https://api.datamarket.azure.com/Data.ashx/Bing/Search/Image?Query='grand canyon'&$skip=14&$top=1",
          "type": "ImageResult"
        },
        "ID": "92ce43cd-99e4-42eb-9c9a-d18225d8b1cd",
        "Title": "The Grand Canyon | Animal Photo",
        "MediaUrl": "http://1.bp.blogspot.com/-gHquet1VLB8/T3NWGM4mwDI/AAAAAAAACzQ/0ZnhHv3aQAE/s1600/grand_canyon_pictures_wallpaper_1.jpg",
        "SourceUrl": "http://lettersfromladygodiva.blogspot.com/2012/03/the-grand-canyon.html",
        "DisplayUrl": "lettersfromladygodiva.blogspot.com/2012/03/the-grand-canyon.html",
        "Width": "1200",
        "Height": "802",
        "FileSize": "532583",
        "ContentType": "jpeg",
        "Thumbnail": {
          "__metadata": {
            "type": "Bing.Thumbnail"
          },
          "MediaUrl": "http://ts3.mm.bing.net/th?id=OIP.Mb24dda6970d109956997219942106546H0&pid=15.1",
          "ContentType": "jpg",
          "Width": "300",
          "Height": "200",
          "FileSize": "21725"
        }
      },
      {
        "__metadata": {
          "uri": "https://api.datamarket.azure.com/Data.ashx/Bing/Search/Image?Query='grand canyon'&$skip=15&$top=1",
          "type": "ImageResult"
        },
        "ID": "a9697317-a1db-4839-ae1d-0c4eb7088c86",
        "Title": "Grand Canyon South Rim Motor Coach Tour & Helicopter Ride",
        "MediaUrl": "http://a30de2edae0c4b0bc6ba-a8477a60b1c5d9e290ed2e4c0d53743c.r24.cf1.rackcdn.com/4/4/large.jpg",
        "SourceUrl": "http://www.grayline.com/tours/las-vegas/grand-canyon-south-rim-motor-coach-tour-helicopter-ride-5862_4/",
        "DisplayUrl": "www.grayline.com/tours/las-vegas/grand-canyon-south-rim-motor-coach...",
        "Width": "1500",
        "Height": "1000",
        "FileSize": "373372",
        "ContentType": "jpeg",
        "Thumbnail": {
          "__metadata": {
            "type": "Bing.Thumbnail"
          },
          "MediaUrl": "http://ts3.mm.bing.net/th?id=OIP.M104e00e81abde33333c5b50948c4317co0&pid=15.1",
          "ContentType": "jpg",
          "Width": "300",
          "Height": "200",
          "FileSize": "21290"
        }
      },
      {
        "__metadata": {
          "uri": "https://api.datamarket.azure.com/Data.ashx/Bing/Search/Image?Query='grand canyon'&$skip=16&$top=1",
          "type": "ImageResult"
        },
        "ID": "eff3ddf5-6d86-49a6-a366-582e4238ae67",
        "Title": "Grand Canyon National Park | Beautiful Places to Visit",
        "MediaUrl": "http://beautifulplacestovisit.com/wp-content/uploads/2011/12/Grand_Canyon_Arizona_07.jpg",
        "SourceUrl": "http://beautifulplacestovisit.com/tag/grand-canyon-national-park/",
        "DisplayUrl": "beautifulplacestovisit.com/tag/grand-canyon-national-park",
        "Width": "1280",
        "Height": "960",
        "FileSize": "367062",
        "ContentType": "jpeg",
        "Thumbnail": {
          "__metadata": {
            "type": "Bing.Thumbnail"
          },
          "MediaUrl": "http://ts4.mm.bing.net/th?id=OIP.Mcdefd7bad6396a7767a5608a6262649bH0&pid=15.1",
          "ContentType": "jpg",
          "Width": "300",
          "Height": "225",
          "FileSize": "14365"
        }
      },
      {
        "__metadata": {
          "uri": "https://api.datamarket.azure.com/Data.ashx/Bing/Search/Image?Query='grand canyon'&$skip=17&$top=1",
          "type": "ImageResult"
        },
        "ID": "4d8aa0a1-a659-4bfa-8865-a1e3f7d18dc1",
        "Title": "... facts you didn’t know about the Grand Canyon | Yabbedoo Travel",
        "MediaUrl": "http://yabbedoo.files.wordpress.com/2012/05/grand-canyon2-yabbedoo.jpg",
        "SourceUrl": "http://yabbedoo.wordpress.com/2012/05/04/interesting-facts-you-didnt-know-about-the-grand-canyon/",
        "DisplayUrl": "yabbedoo.wordpress.com/2012/05/04/interesting-facts-you-didnt-know...",
        "Width": "1024",
        "Height": "768",
        "FileSize": "425811",
        "ContentType": "jpeg",
        "Thumbnail": {
          "__metadata": {
            "type": "Bing.Thumbnail"
          },
          "MediaUrl": "http://ts2.mm.bing.net/th?id=OIP.Mc2f3a77eb46dfd766cd69cc2c6be6a47o0&pid=15.1",
          "ContentType": "jpg",
          "Width": "300",
          "Height": "225",
          "FileSize": "14815"
        }
      },
      {
        "__metadata": {
          "uri": "https://api.datamarket.azure.com/Data.ashx/Bing/Search/Image?Query='grand canyon'&$skip=18&$top=1",
          "type": "ImageResult"
        },
        "ID": "37917994-1a46-429b-abd0-54f0c29a9817",
        "Title": "grand canyon pictures grand canyon pictures grand canyon hd wallpapers",
        "MediaUrl": "http://www.firsthdwallpapers.com/uploads/2013/08/Horseshoe-Bend-Grand-Canyon-USA.jpg",
        "SourceUrl": "http://www.firsthdwallpapers.com/grand-canyon-wallpapers.html",
        "DisplayUrl": "www.firsthdwallpapers.com/grand-canyon-wallpapers.html",
        "Width": "1920",
        "Height": "1200",
        "FileSize": "952831",
        "ContentType": "jpeg",
        "Thumbnail": {
          "__metadata": {
            "type": "Bing.Thumbnail"
          },
          "MediaUrl": "http://ts1.mm.bing.net/th?id=OIP.Mdcfe15ad3cb828b552e4e65ffb5ec120H0&pid=15.1",
          "ContentType": "jpg",
          "Width": "300",
          "Height": "187",
          "FileSize": "17867"
        }
      },
      {
        "__metadata": {
          "uri": "https://api.datamarket.azure.com/Data.ashx/Bing/Search/Image?Query='grand canyon'&$skip=19&$top=1",
          "type": "ImageResult"
        },
        "ID": "ec44f14e-d523-42b1-b35b-2c8547586aa7",
        "Title": "File:Grand Canyon colors.jpg - Wikipedia, the free encyclopedia",
        "MediaUrl": "https://upload.wikimedia.org/wikipedia/commons/7/7b/Grand_Canyon_colors.jpg",
        "SourceUrl": "https://en.wikipedia.org/wiki/File:Grand_Canyon_colors.jpg",
        "DisplayUrl": "https://en.wikipedia.org/wiki/File:Grand_Canyon_colors.jpg",
        "Width": "2434",
        "Height": "2434",
        "FileSize": "1198864",
        "ContentType": "jpeg",
        "Thumbnail": {
          "__metadata": {
            "type": "Bing.Thumbnail"
          },
          "MediaUrl": "http://ts1.mm.bing.net/th?id=OIP.M47446f97c770d3092c4f87a1e2f7c551o0&pid=15.1",
          "ContentType": "jpg",
          "Width": "300",
          "Height": "300",
          "FileSize": "24045"
        }
      },
      {
        "__metadata": {
          "uri": "https://api.datamarket.azure.com/Data.ashx/Bing/Search/Image?Query='grand canyon'&$skip=20&$top=1",
          "type": "ImageResult"
        },
        "ID": "0f18ff36-5922-4009-85e5-5f2fe3ccb881",
        "Title": "about 600 deaths have occurred in the grand canyon since the 1870s ...",
        "MediaUrl": "http://1.bp.blogspot.com/-vIpokbgHKe8/T3NYIF6KPTI/AAAAAAAACz4/yKNZFtw2jfE/s1600/grand_canyon_pictures_wallpaper_6.jpg",
        "SourceUrl": "http://naturesmightypictures.blogspot.com/2012/03/grand-canyon.html",
        "DisplayUrl": "naturesmightypictures.blogspot.com/2012/03/grand-canyon.html",
        "Width": "1600",
        "Height": "1067",
        "FileSize": "323716",
        "ContentType": "jpeg",
        "Thumbnail": {
          "__metadata": {
            "type": "Bing.Thumbnail"
          },
          "MediaUrl": "http://ts2.mm.bing.net/th?id=OIP.Mad171a9011665369066a4f29ab7f6c19o0&pid=15.1",
          "ContentType": "jpg",
          "Width": "300",
          "Height": "200",
          "FileSize": "12732"
        }
      },
      {
        "__metadata": {
          "uri": "https://api.datamarket.azure.com/Data.ashx/Bing/Search/Image?Query='grand canyon'&$skip=21&$top=1",
          "type": "ImageResult"
        },
        "ID": "1d467ba3-01c3-41b2-a520-9e3875a8d02c",
        "Title": "Grand Canyon: Proof that Nature Rocks! (35 Pics)",
        "MediaUrl": "http://upload.wikimedia.org/wikipedia/commons/c/c9/Grand_Canyon_%283%29.jpg",
        "SourceUrl": "http://www.lovethesepics.com/2011/03/grand-canyon-proof-that-nature-rocks-35-pics/",
        "DisplayUrl": "www.lovethesepics.com/2011/03/grand-canyon-proof-that-nature-rocks...",
        "Width": "2000",
        "Height": "3000",
        "FileSize": "2847696",
        "ContentType": "jpeg",
        "Thumbnail": {
          "__metadata": {
            "type": "Bing.Thumbnail"
          },
          "MediaUrl": "http://ts3.mm.bing.net/th?id=OIP.M9f8da1036852c1ea62422d2b2d33b45bo0&pid=15.1",
          "ContentType": "jpg",
          "Width": "200",
          "Height": "300",
          "FileSize": "17709"
        }
      },
      {
        "__metadata": {
          "uri": "https://api.datamarket.azure.com/Data.ashx/Bing/Search/Image?Query='grand canyon'&$skip=22&$top=1",
          "type": "ImageResult"
        },
        "ID": "df11b452-8a06-4c33-9f86-39cc788d200c",
        "Title": "The Grand Canyon is approximately 400 kilometers long, 28 kilometers ...",
        "MediaUrl": "http://upload.wikimedia.org/wikipedia/commons/0/03/USA_June1997c_Grand-Canyon_Arizona.jpg",
        "SourceUrl": "http://thunderbolts.info/tpod/2008/arch08/080929grandcanyon.htm",
        "DisplayUrl": "thunderbolts.info/tpod/2008/arch08/080929grandcanyon.htm",
        "Width": "1536",
        "Height": "1024",
        "FileSize": "149882",
        "ContentType": "jpeg",
        "Thumbnail": {
          "__metadata": {
            "type": "Bing.Thumbnail"
          },
          "MediaUrl": "http://ts3.mm.bing.net/th?id=OIP.M801f1fd6bdbc7bdb766c763ea0ca8e20o0&pid=15.1",
          "ContentType": "jpg",
          "Width": "300",
          "Height": "200",
          "FileSize": "16313"
        }
      },
      {
        "__metadata": {
          "uri": "https://api.datamarket.azure.com/Data.ashx/Bing/Search/Image?Query='grand canyon'&$skip=23&$top=1",
          "type": "ImageResult"
        },
        "ID": "ce41ddbd-f7ce-483c-8376-c880980f03bc",
        "Title": "Grand Canyon National Park - National Park Series | Eureka! Tent Blog",
        "MediaUrl": "http://blog.eurekatent.com/wp-content/uploads/2013/04/Grand-Canyon-National-Park1-1024x682.jpg",
        "SourceUrl": "http://blog.eurekatent.com/grand-canyon-national-park/",
        "DisplayUrl": "blog.eurekatent.com/grand-canyon-national-park",
        "Width": "1024",
        "Height": "682",
        "FileSize": "253998",
        "ContentType": "jpeg",
        "Thumbnail": {
          "__metadata": {
            "type": "Bing.Thumbnail"
          },
          "MediaUrl": "http://ts1.mm.bing.net/th?id=OIP.Mf0d3594c1cba0d009fac53222cf5c968o0&pid=15.1",
          "ContentType": "jpg",
          "Width": "300",
          "Height": "199",
          "FileSize": "16096"
        }
      },
      {
        "__metadata": {
          "uri": "https://api.datamarket.azure.com/Data.ashx/Bing/Search/Image?Query='grand canyon'&$skip=24&$top=1",
          "type": "ImageResult"
        },
        "ID": "e7a68d05-e6f9-422b-934b-6c1e77f1b28f",
        "Title": "Debate Over Grand Canyon's Age May Finally Be Over | Huffington Post",
        "MediaUrl": "http://i.huffpost.com/gen/1585786/images/o-GRAND-CANYON-RIVER-facebook.jpg",
        "SourceUrl": "http://www.huffingtonpost.com/2014/01/27/grand-canyon-age_n_4674286.html",
        "DisplayUrl": "www.huffingtonpost.com/2014/01/27/grand-canyon-age_n_4674286.html",
        "Width": "2000",
        "Height": "1000",
        "FileSize": "443930",
        "ContentType": "jpeg",
        "Thumbnail": {
          "__metadata": {
            "type": "Bing.Thumbnail"
          },
          "MediaUrl": "http://ts4.mm.bing.net/th?id=OIP.M4324e82ad26493e539692143f8afcd41o0&pid=15.1",
          "ContentType": "jpg",
          "Width": "300",
          "Height": "150",
          "FileSize": "13480"
        }
      },
      {
        "__metadata": {
          "uri": "https://api.datamarket.azure.com/Data.ashx/Bing/Search/Image?Query='grand canyon'&$skip=25&$top=1",
          "type": "ImageResult"
        },
        "ID": "4463560e-17d8-4ad5-8795-e3768a512b65",
        "Title": "Grand Canyon: Proof that Nature Rocks! (35 Pics)",
        "MediaUrl": "http://www.lovethesepics.com/wp-content/uploads/2011/03/Grand-Canyon-39.jpg",
        "SourceUrl": "http://www.lovethesepics.com/2011/03/grand-canyon-proof-that-nature-rocks-35-pics/",
        "DisplayUrl": "www.lovethesepics.com/2011/03/grand-canyon-proof-that-nature-rocks...",
        "Width": "990",
        "Height": "657",
        "FileSize": "180506",
        "ContentType": "jpeg",
        "Thumbnail": {
          "__metadata": {
            "type": "Bing.Thumbnail"
          },
          "MediaUrl": "http://ts1.mm.bing.net/th?id=OIP.Ma8efdf6f70bf83a2e8b8c8f4791f9925H0&pid=15.1",
          "ContentType": "jpg",
          "Width": "300",
          "Height": "199",
          "FileSize": "11457"
        }
      },
      {
        "__metadata": {
          "uri": "https://api.datamarket.azure.com/Data.ashx/Bing/Search/Image?Query='grand canyon'&$skip=26&$top=1",
          "type": "ImageResult"
        },
        "ID": "230da53e-2035-41af-b8f7-9cd5445dabd9",
        "Title": "Grand Canyon",
        "MediaUrl": "http://4.bp.blogspot.com/-bgEOGpW3lr4/T1LJZRb8muI/AAAAAAAAHUM/mv7s_I_mHdo/s1600/Grand_Canyon_Arizona_09.jpg",
        "SourceUrl": "http://world-visits.blogspot.com/2012/03/grand-canyon-in-united-states.html",
        "DisplayUrl": "world-visits.blogspot.com/2012/03/grand-canyon-in-united-states.html",
        "Width": "1152",
        "Height": "864",
        "FileSize": "352534",
        "ContentType": "jpeg",
        "Thumbnail": {
          "__metadata": {
            "type": "Bing.Thumbnail"
          },
          "MediaUrl": "http://ts4.mm.bing.net/th?id=OIP.Mb876d385a38f89a28a5d3ad623a2f34eH0&pid=15.1",
          "ContentType": "jpg",
          "Width": "300",
          "Height": "225",
          "FileSize": "11483"
        }
      },
      {
        "__metadata": {
          "uri": "https://api.datamarket.azure.com/Data.ashx/Bing/Search/Image?Query='grand canyon'&$skip=27&$top=1",
          "type": "ImageResult"
        },
        "ID": "ee6ad7b0-4ffa-43e0-94a3-75917262af2e",
        "Title": "National Geographic - Amazing Flight Over The Grand Canyon - YouTube",
        "MediaUrl": "https://i.ytimg.com/vi/p2X4U1mQzoE/maxresdefault.jpg",
        "SourceUrl": "http://www.youtube.com/watch?v=p2X4U1mQzoE",
        "DisplayUrl": "www.youtube.com/watch?v=p2X4U1mQzoE",
        "Width": "2560",
        "Height": "1600",
        "FileSize": "932301",
        "ContentType": "jpeg",
        "Thumbnail": {
          "__metadata": {
            "type": "Bing.Thumbnail"
          },
          "MediaUrl": "http://ts2.mm.bing.net/th?id=OIP.Md1e4af5c2c9da5c041efe0a61b94143fo0&pid=15.1",
          "ContentType": "jpg",
          "Width": "300",
          "Height": "187",
          "FileSize": "15508"
        }
      },
      {
        "__metadata": {
          "uri": "https://api.datamarket.azure.com/Data.ashx/Bing/Search/Image?Query='grand canyon'&$skip=28&$top=1",
          "type": "ImageResult"
        },
        "ID": "d4b8bc46-0caa-4aaa-bcba-da93b662ceb9",
        "Title": "Day Las Vegas, Grand Canyon South Rim Tour from Los Angeles",
        "MediaUrl": "http://www.taketours.com/images/destination/USA%20Grand%20Canyon%20South%20Rim.jpg",
        "SourceUrl": "http://www.taketours.com/los-angeles-ca/la-to-las-vegas-grand-canyon-south-rim-3-day-tour-373-178.html",
        "DisplayUrl": "www.taketours.com/los-angeles-ca/la-to-las-vegas-grand-canyon-south...",
        "Width": "1424",
        "Height": "1068",
        "FileSize": "390549",
        "ContentType": "jpeg",
        "Thumbnail": {
          "__metadata": {
            "type": "Bing.Thumbnail"
          },
          "MediaUrl": "http://ts3.mm.bing.net/th?id=OIP.Mc890d1e8ce9beb0a495057a70bd3f546H0&pid=15.1",
          "ContentType": "jpg",
          "Width": "300",
          "Height": "225",
          "FileSize": "17098"
        }
      },
      {
        "__metadata": {
          "uri": "https://api.datamarket.azure.com/Data.ashx/Bing/Search/Image?Query='grand canyon'&$skip=29&$top=1",
          "type": "ImageResult"
        },
        "ID": "f947c3d4-969d-4f64-92b2-36f52b54b95c",
        "Title": "grand canyon river",
        "MediaUrl": "http://2.bp.blogspot.com/-t69UQVTBjoY/ULdXyq65U8I/AAAAAAAACm4/yF6jHNjiO6M/s1600/Grand-Canyon-river.jpg",
        "SourceUrl": "http://world-hotelandtourism.blogspot.com/2012/11/grand-canyon-river.html",
        "DisplayUrl": "world-hotelandtourism.blogspot.com/2012/11/grand-canyon-river.html",
        "Width": "800",
        "Height": "600",
        "FileSize": "597125",
        "ContentType": "jpeg",
        "Thumbnail": {
          "__metadata": {
            "type": "Bing.Thumbnail"
          },
          "MediaUrl": "http://ts2.mm.bing.net/th?id=OIP.M9899d2c553058c581d282587bdc075fdH0&pid=15.1",
          "ContentType": "jpg",
          "Width": "300",
          "Height": "225",
          "FileSize": "17841"
        }
      },
      {
        "__metadata": {
          "uri": "https://api.datamarket.azure.com/Data.ashx/Bing/Search/Image?Query='grand canyon'&$skip=30&$top=1",
          "type": "ImageResult"
        },
        "ID": "2232e514-6afd-43b5-bc91-5e5a5f27e61f",
        "Title": "Grand Canyon, USA",
        "MediaUrl": "http://impressivemagazine.com/wp-content/uploads/2013/06/grand_canyon_usa.jpg",
        "SourceUrl": "http://impressivemagazine.com/2013/06/01/the-grand-canyon-a-miracle-of-the-nature/",
        "DisplayUrl": "impressivemagazine.com/2013/06/01/the-grand-canyon-a-miracle-of-the...",
        "Width": "4288",
        "Height": "2848",
        "FileSize": "5372234",
        "ContentType": "jpeg",
        "Thumbnail": {
          "__metadata": {
            "type": "Bing.Thumbnail"
          },
          "MediaUrl": "http://ts3.mm.bing.net/th?id=OIP.M2235d339520f68fa47d0dbd8658480caH0&pid=15.1",
          "ContentType": "jpg",
          "Width": "300",
          "Height": "199",
          "FileSize": "17466"
        }
      },
      {
        "__metadata": {
          "uri": "https://api.datamarket.azure.com/Data.ashx/Bing/Search/Image?Query='grand canyon'&$skip=31&$top=1",
          "type": "ImageResult"
        },
        "ID": "56347038-fcf1-4ed7-b9ac-6ff60649ecd7",
        "Title": "grand canyon",
        "MediaUrl": "http://www.pachd.com/free-images/grand-canyon/grand-canyon-08.jpg",
        "SourceUrl": "http://www.pachd.com/free-images/grand-canyon.html",
        "DisplayUrl": "www.pachd.com/free-images/grand-canyon.html",
        "Width": "1024",
        "Height": "768",
        "FileSize": "380925",
        "ContentType": "jpeg",
        "Thumbnail": {
          "__metadata": {
            "type": "Bing.Thumbnail"
          },
          "MediaUrl": "http://ts3.mm.bing.net/th?id=OIP.Mcdf962696d95ad45f28745d224a152caH0&pid=15.1",
          "ContentType": "jpg",
          "Width": "300",
          "Height": "225",
          "FileSize": "14128"
        }
      },
      {
        "__metadata": {
          "uri": "https://api.datamarket.azure.com/Data.ashx/Bing/Search/Image?Query='grand canyon'&$skip=32&$top=1",
          "type": "ImageResult"
        },
        "ID": "fade324a-65bf-47fd-a0dc-81865a2222ae",
        "Title": "The Grand Canyon - Grand Canyon National Park, P.O. Box 129, Grand",
        "MediaUrl": "http://www.itsnature.org/travel/wp-content/uploads/2010/10/grand-canyon1.jpg",
        "SourceUrl": "http://www.itsnature.org/travel/national-parks/the-grand-canyon/",
        "DisplayUrl": "www.itsnature.org/travel/national-parks/the-grand-canyon",
        "Width": "1024",
        "Height": "768",
        "FileSize": "244382",
        "ContentType": "jpeg",
        "Thumbnail": {
          "__metadata": {
            "type": "Bing.Thumbnail"
          },
          "MediaUrl": "http://ts3.mm.bing.net/th?id=OIP.M65716df9bbfb50c53218241f049d1b3do0&pid=15.1",
          "ContentType": "jpg",
          "Width": "300",
          "Height": "225",
          "FileSize": "14651"
        }
      },
      {
        "__metadata": {
          "uri": "https://api.datamarket.azure.com/Data.ashx/Bing/Search/Image?Query='grand canyon'&$skip=33&$top=1",
          "type": "ImageResult"
        },
        "ID": "773ccdfc-2854-4770-aa4a-67e09584f4c1",
        "Title": "grand canyon the national park arizona usa grand canyon the",
        "MediaUrl": "http://2.bp.blogspot.com/-hu0srwFsUoc/T8WyX4UE0GI/AAAAAAAAEas/RiB9DOE0ynQ/s1600/grand_canyon_pictures_wallpaper_4.jpg",
        "SourceUrl": "http://infowahyudi.blogspot.com/2012/10/grand-canyon-national-park-arizona-usa.html",
        "DisplayUrl": "infowahyudi.blogspot.com/2012/10/grand-canyon-national-park-arizona...",
        "Width": "1024",
        "Height": "768",
        "FileSize": "259494",
        "ContentType": "jpeg",
        "Thumbnail": {
          "__metadata": {
            "type": "Bing.Thumbnail"
          },
          "MediaUrl": "http://ts3.mm.bing.net/th?id=OIP.M20f78907d5c9fdd18f0b8a2d58e85403o0&pid=15.1",
          "ContentType": "jpg",
          "Width": "300",
          "Height": "225",
          "FileSize": "16148"
        }
      },
      {
        "__metadata": {
          "uri": "https://api.datamarket.azure.com/Data.ashx/Bing/Search/Image?Query='grand canyon'&$skip=34&$top=1",
          "type": "ImageResult"
        },
        "ID": "abc0c64a-0198-497a-ad53-1be8292eff6a",
        "Title": "Grand Canyon",
        "MediaUrl": "http://www.oldearth.org/curriculum/history/Grand_Canyon_NP-Arizona-USA.jpg",
        "SourceUrl": "http://www.oldearth.org/curriculum/history/earth_history_c13_neogene_grand_canyon.htm",
        "DisplayUrl": "www.oldearth.org/curriculum/history/earth_history_c13_neogene_grand...",
        "Width": "5171",
        "Height": "3688",
        "FileSize": "2739559",
        "ContentType": "jpeg",
        "Thumbnail": {
          "__metadata": {
            "type": "Bing.Thumbnail"
          },
          "MediaUrl": "http://ts3.mm.bing.net/th?id=OIP.M8b36b8dd56b0bb82eb501600d6777817H0&pid=15.1",
          "ContentType": "jpg",
          "Width": "300",
          "Height": "213",
          "FileSize": "12006"
        }
      },
      {
        "__metadata": {
          "uri": "https://api.datamarket.azure.com/Data.ashx/Bing/Search/Image?Query='grand canyon'&$skip=35&$top=1",
          "type": "ImageResult"
        },
        "ID": "2dd3ab9a-e508-4595-887b-87aa98c9243e",
        "Title": "Grand Canyon Photos",
        "MediaUrl": "http://www.soultones.com/canyon/canyon5_LG.jpg",
        "SourceUrl": "http://www.soultones.com/canyon.html",
        "DisplayUrl": "www.soultones.com/canyon.html",
        "Width": "800",
        "Height": "563",
        "FileSize": "118890",
        "ContentType": "jpeg",
        "Thumbnail": {
          "__metadata": {
            "type": "Bing.Thumbnail"
          },
          "MediaUrl": "http://ts1.mm.bing.net/th?id=OIP.Ma20278df89589dcb72023c293636b50cH0&pid=15.1",
          "ContentType": "jpg",
          "Width": "300",
          "Height": "211",
          "FileSize": "18649"
        }
      },
      {
        "__metadata": {
          "uri": "https://api.datamarket.azure.com/Data.ashx/Bing/Search/Image?Query='grand canyon'&$skip=36&$top=1",
          "type": "ImageResult"
        },
        "ID": "0c89a2a6-d1c2-4a34-b363-cda2b242af7a",
        "Title": "The Grand Canyon - Grand Canyon National Park, P.O. Box 129, Grand",
        "MediaUrl": "http://www.itsnature.org/travel/wp-content/uploads/2010/10/grand-canyon-3.jpg",
        "SourceUrl": "http://www.itsnature.org/travel/national-parks/the-grand-canyon/",
        "DisplayUrl": "www.itsnature.org/travel/national-parks/the-grand-canyon",
        "Width": "1024",
        "Height": "768",
        "FileSize": "153012",
        "ContentType": "jpeg",
        "Thumbnail": {
          "__metadata": {
            "type": "Bing.Thumbnail"
          },
          "MediaUrl": "http://ts3.mm.bing.net/th?id=OIP.Med98c5c4e7170c37428fbce1b58d8657H0&pid=15.1",
          "ContentType": "jpg",
          "Width": "300",
          "Height": "225",
          "FileSize": "15865"
        }
      },
      {
        "__metadata": {
          "uri": "https://api.datamarket.azure.com/Data.ashx/Bing/Search/Image?Query='grand canyon'&$skip=37&$top=1",
          "type": "ImageResult"
        },
        "ID": "2dc65bf2-be33-4415-a508-4f0d87dbf102",
        "Title": "... Grand Canyon to Spice Up a Proposal - People Magazine - Canyon news",
        "MediaUrl": "http://img2-2.timeinc.net/people/i/2014/sandbox/news/141020/grand-canyon-800.jpg",
        "SourceUrl": "http://www.newslocker.com/en-ca/region/canyon/nothing-like-a-prank-at-the-grand-canyon-to-spice-up-a-proposal-people-magazine/",
        "DisplayUrl": "www.newslocker.com/en-ca/region/canyon/nothing-like-a-prank-at-the...",
        "Width": "800",
        "Height": "600",
        "FileSize": "195990",
        "ContentType": "jpeg",
        "Thumbnail": {
          "__metadata": {
            "type": "Bing.Thumbnail"
          },
          "MediaUrl": "http://ts1.mm.bing.net/th?id=OIP.Me55848811d20055fd83984e8d2992659H0&pid=15.1",
          "ContentType": "jpg",
          "Width": "300",
          "Height": "225",
          "FileSize": "18355"
        }
      },
      {
        "__metadata": {
          "uri": "https://api.datamarket.azure.com/Data.ashx/Bing/Search/Image?Query='grand canyon'&$skip=38&$top=1",
          "type": "ImageResult"
        },
        "ID": "520403bd-342b-4c66-8cef-9725bacdcab0",
        "Title": "Grand Canyon | Zion Mountain Ranch",
        "MediaUrl": "http://www.zmr.com/wp-content/uploads/2014/10/grand-canyon-snow.jpg",
        "SourceUrl": "http://www.zmr.com/national-parks/grand-canyon/",
        "DisplayUrl": "www.zmr.com/national-parks/grand-canyon",
        "Width": "1400",
        "Height": "932",
        "FileSize": "807607",
        "ContentType": "jpeg",
        "Thumbnail": {
          "__metadata": {
            "type": "Bing.Thumbnail"
          },
          "MediaUrl": "http://ts2.mm.bing.net/th?id=OIP.M667638edd896d008dd497acbfa922feeo0&pid=15.1",
          "ContentType": "jpg",
          "Width": "300",
          "Height": "199",
          "FileSize": "18527"
        }
      },
      {
        "__metadata": {
          "uri": "https://api.datamarket.azure.com/Data.ashx/Bing/Search/Image?Query='grand canyon'&$skip=39&$top=1",
          "type": "ImageResult"
        },
        "ID": "a5da8935-571f-45d5-8178-86d65dcdbc77",
        "Title": "Grand Canyon Arizona (United States) – THE WORLD TOUR SITE",
        "MediaUrl": "https://theworldtoursite.files.wordpress.com/2014/04/grandcanyon1.jpg",
        "SourceUrl": "https://theworldtoursite.wordpress.com/2014/04/06/grand-canyon-arizona-united-states/",
        "DisplayUrl": "https://theworldtoursite.wordpress.com/2014/04/06/grand-canyon...",
        "Width": "1923",
        "Height": "1082",
        "FileSize": "1037291",
        "ContentType": "jpeg",
        "Thumbnail": {
          "__metadata": {
            "type": "Bing.Thumbnail"
          },
          "MediaUrl": "http://ts4.mm.bing.net/th?id=OIP.M1e2430495764b887e6d87af06f5621bao0&pid=15.1",
          "ContentType": "jpg",
          "Width": "300",
          "Height": "168",
          "FileSize": "14005"
        }
      },
      {
        "__metadata": {
          "uri": "https://api.datamarket.azure.com/Data.ashx/Bing/Search/Image?Query='grand canyon'&$skip=40&$top=1",
          "type": "ImageResult"
        },
        "ID": "06b9c206-799d-4854-81ba-b6a2ee86c9a2",
        "Title": "Grand Canyon landscape. Photo #31 by High Contrast",
        "MediaUrl": "http://upload.wikimedia.org/wikipedia/commons/4/40/GrandCanyonWinter2008.JPG",
        "SourceUrl": "http://www.lovethesepics.com/2011/03/grand-canyon-proof-that-nature-rocks-35-pics/",
        "DisplayUrl": "www.lovethesepics.com/2011/03/grand-canyon-proof-that-nature-rocks...",
        "Width": "1600",
        "Height": "1067",
        "FileSize": "871856",
        "ContentType": "jpeg",
        "Thumbnail": {
          "__metadata": {
            "type": "Bing.Thumbnail"
          },
          "MediaUrl": "http://ts2.mm.bing.net/th?id=OIP.Ma6ab1c87a657f03f7dd9f9bf249529f7o0&pid=15.1",
          "ContentType": "jpg",
          "Width": "300",
          "Height": "200",
          "FileSize": "10673"
        }
      },
      {
        "__metadata": {
          "uri": "https://api.datamarket.azure.com/Data.ashx/Bing/Search/Image?Query='grand canyon'&$skip=41&$top=1",
          "type": "ImageResult"
        },
        "ID": "6a4e8127-3098-4720-b443-3b0cffd57513",
        "Title": "grand canyon the national park arizona usa grand canyon the",
        "MediaUrl": "http://4.bp.blogspot.com/-rX-tPaC9umM/T8WyTcmDRlI/AAAAAAAAEaI/eb9W6VLuQ6c/s1600/grand-canyon+(2).jpg",
        "SourceUrl": "http://lifeblog79.blogspot.com/2012/05/grand-canyon-national-park-arizona-usa.html",
        "DisplayUrl": "lifeblog79.blogspot.com/2012/05/grand-canyon-national-park-arizona...",
        "Width": "1024",
        "Height": "768",
        "FileSize": "137987",
        "ContentType": "jpeg",
        "Thumbnail": {
          "__metadata": {
            "type": "Bing.Thumbnail"
          },
          "MediaUrl": "http://ts4.mm.bing.net/th?id=OIP.M3e9b2aae1c5250df60c44f5ad40962e8o0&pid=15.1",
          "ContentType": "jpg",
          "Width": "300",
          "Height": "225",
          "FileSize": "11021"
        }
      },
      {
        "__metadata": {
          "uri": "https://api.datamarket.azure.com/Data.ashx/Bing/Search/Image?Query='grand canyon'&$skip=42&$top=1",
          "type": "ImageResult"
        },
        "ID": "e379140c-75ec-44f1-b675-f4fa2f62167c",
        "Title": "grand_canyon-12354.jpg",
        "MediaUrl": "http://joberts11.wikis.birmingham.k12.mi.us/file/view/grand_canyon-12354.jpg/290906315/grand_canyon-12354.jpg",
        "SourceUrl": "http://joberts11.wikis.birmingham.k12.mi.us/Grand+Canyon+E",
        "DisplayUrl": "joberts11.wikis.birmingham.k12.mi.us/Grand+Canyon+E",
        "Width": "752",
        "Height": "500",
        "FileSize": "475497",
        "ContentType": "jpeg",
        "Thumbnail": {
          "__metadata": {
            "type": "Bing.Thumbnail"
          },
          "MediaUrl": "http://ts3.mm.bing.net/th?id=OIP.M4812aa22e43822ed2682c9f63b7a4f3bH0&pid=15.1",
          "ContentType": "jpg",
          "Width": "300",
          "Height": "199",
          "FileSize": "11922"
        }
      },
      {
        "__metadata": {
          "uri": "https://api.datamarket.azure.com/Data.ashx/Bing/Search/Image?Query='grand canyon'&$skip=43&$top=1",
          "type": "ImageResult"
        },
        "ID": "af4ee277-e21e-4faa-b9b6-353df9aeaf1b",
        "Title": "Fly with Eagle wings Vacations to Grand Canyon | Eagle Wings Vacations",
        "MediaUrl": "https://eaglewingsvacations.files.wordpress.com/2014/01/grand-canyon-skywalk2.jpg",
        "SourceUrl": "https://eaglewingsvacations.wordpress.com/2014/01/09/fly-with-eagle-wings-vacations-to-grand-canyon/",
        "DisplayUrl": "https://eaglewingsvacations.wordpress.com/2014/01/09/fly-with-eagle...",
        "Width": "2850",
        "Height": "1291",
        "FileSize": "1808222",
        "ContentType": "jpeg",
        "Thumbnail": {
          "__metadata": {
            "type": "Bing.Thumbnail"
          },
          "MediaUrl": "http://ts1.mm.bing.net/th?id=OIP.Mc99e2f05ed79c4e340ec8265f0655ca0o0&pid=15.1",
          "ContentType": "jpg",
          "Width": "300",
          "Height": "135",
          "FileSize": "13266"
        }
      },
      {
        "__metadata": {
          "uri": "https://api.datamarket.azure.com/Data.ashx/Bing/Search/Image?Query='grand canyon'&$skip=44&$top=1",
          "type": "ImageResult"
        },
        "ID": "b986493b-8964-447b-862d-3356c2cfe57d",
        "Title": "... Canyon National Monument, & Grand Canyon National Park – Ventura's",
        "MediaUrl": "https://venturaoutdoorstore.files.wordpress.com/2010/08/grand-canyon.jpg",
        "SourceUrl": "https://venturaoutdoorstore.wordpress.com/2010/09/21/road-trip-to-the-flagstaff-area-wupatki-national-monument-walnut-canyon-national-monument-grand-canyon-national-park/",
        "DisplayUrl": "https://venturaoutdoorstore.wordpress.com/2010/09/21/road-trip-to...",
        "Width": "1800",
        "Height": "1350",
        "FileSize": "302000",
        "ContentType": "jpeg",
        "Thumbnail": {
          "__metadata": {
            "type": "Bing.Thumbnail"
          },
          "MediaUrl": "http://ts2.mm.bing.net/th?id=OIP.Ma22431cd927a102682c825f7107ba640o0&pid=15.1",
          "ContentType": "jpg",
          "Width": "300",
          "Height": "225",
          "FileSize": "10037"
        }
      },
      {
        "__metadata": {
          "uri": "https://api.datamarket.azure.com/Data.ashx/Bing/Search/Image?Query='grand canyon'&$skip=45&$top=1",
          "type": "ImageResult"
        },
        "ID": "073ea3ee-26c4-46e1-8b05-e7a4de42a44b",
        "Title": "Breaking news on Grand Canyon National Park, AZ, US - breakingnews.com",
        "MediaUrl": "http://upload.wikimedia.org/wikipedia/commons/1/15/Grand_Canyon_National_Park,_North_Rim_in_Arizona.jpg",
        "SourceUrl": "http://www.breakingnews.com/topic/grand-canyon-national-park-williams-az-us/",
        "DisplayUrl": "www.breakingnews.com/topic/grand-canyon-national-park-williams-az-us",
        "Width": "2304",
        "Height": "1728",
        "FileSize": "846144",
        "ContentType": "jpeg",
        "Thumbnail": {
          "__metadata": {
            "type": "Bing.Thumbnail"
          },
          "MediaUrl": "http://ts4.mm.bing.net/th?id=OIP.Mb940969f4589ecce0579fbefd53ab47eo0&pid=15.1",
          "ContentType": "jpg",
          "Width": "300",
          "Height": "225",
          "FileSize": "11720"
        }
      },
      {
        "__metadata": {
          "uri": "https://api.datamarket.azure.com/Data.ashx/Bing/Search/Image?Query='grand canyon'&$skip=46&$top=1",
          "type": "ImageResult"
        },
        "ID": "79367a6a-44aa-4670-83d7-b644ec12b48f",
        "Title": "Grand Canyon: Proof that Nature Rocks! (35 Pics)",
        "MediaUrl": "http://www.lovethesepics.com/wp-content/uploads/2011/03/Cheyava-Falls-upper-cascade-Grand-Canyon.jpg",
        "SourceUrl": "http://www.lovethesepics.com/2011/03/grand-canyon-proof-that-nature-rocks-35-pics/",
        "DisplayUrl": "www.lovethesepics.com/2011/03/grand-canyon-proof-that-nature-rocks...",
        "Width": "990",
        "Height": "1321",
        "FileSize": "484199",
        "ContentType": "jpeg",
        "Thumbnail": {
          "__metadata": {
            "type": "Bing.Thumbnail"
          },
          "MediaUrl": "http://ts1.mm.bing.net/th?id=OIP.M6ea2fc499bb4a12b2677884fffe3b9aeo0&pid=15.1",
          "ContentType": "jpg",
          "Width": "224",
          "Height": "300",
          "FileSize": "19587"
        }
      },
      {
        "__metadata": {
          "uri": "https://api.datamarket.azure.com/Data.ashx/Bing/Search/Image?Query='grand canyon'&$skip=47&$top=1",
          "type": "ImageResult"
        },
        "ID": "34c4fc4f-a2c8-4c29-93b3-a309c5b5d4df",
        "Title": "The Grand Canyon can have so many colors even from pink to green!",
        "MediaUrl": "http://penpalexchange.files.wordpress.com/2011/01/the-grand-canyon.jpg",
        "SourceUrl": "http://penpalexchange.wordpress.com/2011/01/25/the-grand-canyon/",
        "DisplayUrl": "penpalexchange.wordpress.com/2011/01/25/the-grand-canyon",
        "Width": "1800",
        "Height": "1200",
        "FileSize": "243801",
        "ContentType": "jpeg",
        "Thumbnail": {
          "__metadata": {
            "type": "Bing.Thumbnail"
          },
          "MediaUrl": "http://ts1.mm.bing.net/th?id=OIP.Maf38d12a311b502aa25c77bea7e5002eH0&pid=15.1",
          "ContentType": "jpg",
          "Width": "300",
          "Height": "200",
          "FileSize": "10091"
        }
      },
      {
        "__metadata": {
          "uri": "https://api.datamarket.azure.com/Data.ashx/Bing/Search/Image?Query='grand canyon'&$skip=48&$top=1",
          "type": "ImageResult"
        },
        "ID": "657195d3-3658-4520-a084-1360ecdfc921",
        "Title": "Grand Canyon in United States",
        "MediaUrl": "http://1.bp.blogspot.com/-XCn6ojtU5Mo/T1LJdYPNzNI/AAAAAAAAHUk/T1X4yCX4gEk/s1600/grand_canyon_cover.jpg",
        "SourceUrl": "http://world-visits.blogspot.com/2012/03/grand-canyon-in-united-states.html",
        "DisplayUrl": "world-visits.blogspot.com/2012/03/grand-canyon-in-united-states.html",
        "Width": "540",
        "Height": "394",
        "FileSize": "37593",
        "ContentType": "jpeg",
        "Thumbnail": {
          "__metadata": {
            "type": "Bing.Thumbnail"
          },
          "MediaUrl": "http://ts4.mm.bing.net/th?id=OIP.M0ec3d5f112ae6dd4efbdc1e86190ebb6H0&pid=15.1",
          "ContentType": "jpg",
          "Width": "300",
          "Height": "218",
          "FileSize": "11542"
        }
      },
      {
        "__metadata": {
          "uri": "https://api.datamarket.azure.com/Data.ashx/Bing/Search/Image?Query='grand canyon'&$skip=49&$top=1",
          "type": "ImageResult"
        },
        "ID": "4ad6ffef-8776-4b8e-a27b-01d5fb40607b",
        "Title": "File:Grand Canyon Grandeur Point 2006 09 09.jpg - Wikipedia, the free ...",
        "MediaUrl": "http://upload.wikimedia.org/wikipedia/commons/2/23/Grand_Canyon_Grandeur_Point_2006_09_09.jpg",
        "SourceUrl": "http://en.wikipedia.org/wiki/File:Grand_Canyon_Grandeur_Point_2006_09_09.jpg",
        "DisplayUrl": "en.wikipedia.org/wiki/File:Grand_Canyon_Grandeur_Point_2006_09_09.jpg",
        "Width": "3504",
        "Height": "2336",
        "FileSize": "3911748",
        "ContentType": "jpeg",
        "Thumbnail": {
          "__metadata": {
            "type": "Bing.Thumbnail"
          },
          "MediaUrl": "http://ts2.mm.bing.net/th?id=OIP.M6992553f9cc3c128ee2cf0c62c3219c8o0&pid=15.1",
          "ContentType": "jpg",
          "Width": "300",
          "Height": "200",
          "FileSize": "9987"
        }
      }
    ],
    "__next": "https://api.datamarket.azure.com/Data.ashx/Bing/Search/Image?Query='grand%20canyon'&$skip=50&$top=50"
  }
}