{
  "d": {
    "results": [
      {
        "__metadata": {
          "uri": "https://api.datamarket.azure.com/Data.ashx/Bing/Search/Image?Query='natural mountain'&$skip=0&$top=1",
          "type": "ImageResult"
        },
        "ID": "1d06e5e7-591f-4f3f-b15f-c1d29271a25e",
        "Title": "Download Mountain Valleys wallpaper, 'natural mountain scenery'.",
        "MediaUrl": "http://mountain-wallpapers.com/bulkupload/wallpapers/Mountain%20Valleys/natural-mountain-scenery.jpg",
        "SourceUrl": "http://www.mountain-wallpapers.com/Mountain-Valleys/natural-mountain-scenery/",
        "DisplayUrl": "www.mountain-wallpapers.com/Mountain-Valleys/natural-mountain-scenery",
        "Width": "1600",
        "Height": "1200",
        "FileSize": "392911",
        "ContentType": "jpeg",
        "Thumbnail": {
          "__metadata": {
            "type": "Bing.Thumbnail"
          },
          "MediaUrl": "http://ts3.mm.bing.net/th?id=OIP.M732574ce3411004eaeebe58118f77ee7o0&pid=15.1",
          "ContentType": "jpg",
          "Width": "300",
          "Height": "225",
          "FileSize": "19632"
        }
      },
      {
        "__metadata": {
          "uri": "https://api.datamarket.azure.com/Data.ashx/Bing/Search/Image?Query='natural mountain'&$skip=1&$top=1",
          "type": "ImageResult"
        },
        "ID": "78385609-1cf4-4262-bf97-8c6777aa7a82",
        "Title": "Natural dam / 1920 x 1200 / Mountains / Photography | MIRIADNA.COM",
        "MediaUrl": "http://miriadna.com/desctopwalls/images/max/Natural-dam.jpg",
        "SourceUrl": "http://miriadna.com/preview/natural-dam",
        "DisplayUrl": "miriadna.com/preview/natural-dam",
        "Width": "1600",
        "Height": "1200",
        "FileSize": "472555",
        "ContentType": "jpeg",
        "Thumbnail": {
          "__metadata": {
            "type": "Bing.Thumbnail"
          },
          "MediaUrl": "http://ts4.mm.bing.net/th?id=OIP.M161d90bd20e17e259c8f0e7c6a22195eH0&pid=15.1",
          "ContentType": "jpg",
          "Width": "300",
          "Height": "225",
          "FileSize": "11492"
        }
      },
      {
        "__metadata": {
          "uri": "https://api.datamarket.azure.com/Data.ashx/Bing/Search/Image?Query='natural mountain'&$skip=2&$top=1",
          "type": "ImageResult"
        },
        "ID": "797a5205-d6b6-4c9a-b33a-c713770ffc34",
        "Title": "Desktop Wallpapers » Natural Backgrounds » Mountain » www ...",
        "MediaUrl": "http://www.desktopdress.com/desktopwallpapers/natural/mountain-19.jpg",
        "SourceUrl": "http://www.desktopdress.com/desktop-wallpapers/natural-pictures/mountain-19",
        "DisplayUrl": "www.desktopdress.com/desktop-wallpapers/natural-pictures/mountain-19",
        "Width": "1024",
        "Height": "768",
        "FileSize": "138266",
        "ContentType": "jpeg",
        "Thumbnail": {
          "__metadata": {
            "type": "Bing.Thumbnail"
          },
          "MediaUrl": "http://ts1.mm.bing.net/th?id=OIP.Mc4b09f28c34b8c2e6aa22d37b83b7af6o0&pid=15.1",
          "ContentType": "jpg",
          "Width": "300",
          "Height": "225",
          "FileSize": "9964"
        }
      },
      {
        "__metadata": {
          "uri": "https://api.datamarket.azure.com/Data.ashx/Bing/Search/Image?Query='natural mountain'&$skip=3&$top=1",
          "type": "ImageResult"
        },
        "ID": "5747347c-fe5a-4033-a91d-ddca0c509c76",
        "Title": "Desktop Wallpapers » Natural Backgrounds » Natural Mountains ...",
        "MediaUrl": "http://www.desktopdress.com/desktopwallpapers/natural/natural-mountains_switzerland-5c.jpg",
        "SourceUrl": "http://www.desktopdress.com/desktop-wallpapers/natural-pictures/natural-mountains_switzerland-5c",
        "DisplayUrl": "www.desktopdress.com/desktop-wallpapers/natural-pictures/natural...",
        "Width": "1024",
        "Height": "768",
        "FileSize": "279600",
        "ContentType": "jpeg",
        "Thumbnail": {
          "__metadata": {
            "type": "Bing.Thumbnail"
          },
          "MediaUrl": "http://ts3.mm.bing.net/th?id=OIP.Mb56d0fe8a472c59062908da4c84f8fb5o0&pid=15.1",
          "ContentType": "jpg",
          "Width": "300",
          "Height": "225",
          "FileSize": "21709"
        }
      },
      {
        "__metadata": {
          "uri": "https://api.datamarket.azure.com/Data.ashx/Bing/Search/Image?Query='natural mountain'&$skip=4&$top=1",
          "type": "ImageResult"
        },
        "ID": "826cccb2-537d-485c-9e39-f24ccab5bc91",
        "Title": "natural-mountain-sceneries | Life is a highway ! Luv is accident !",
        "MediaUrl": "https://bayboy.files.wordpress.com/2008/07/natural-mountain-sceneries.jpg",
        "SourceUrl": "https://bayboy.wordpress.com/2008/07/17/heaven-on-earth/natural-mountain-sceneries/",
        "DisplayUrl": "https://bayboy.wordpress.com/2008/07/17/heaven-on-earth/natural...",
        "Width": "320",
        "Height": "240",
        "FileSize": "21084",
        "ContentType": "jpeg",
        "Thumbnail": {
          "__metadata": {
            "type": "Bing.Thumbnail"
          },
          "MediaUrl": "http://ts3.mm.bing.net/th?id=OIP.M973afcf2337b9305d7ee9564b9f406d1o0&pid=15.1",
          "ContentType": "jpg",
          "Width": "300",
          "Height": "225",
          "FileSize": "10984"
        }
      },
      {
        "__metadata": {
          "uri": "https://api.datamarket.azure.com/Data.ashx/Bing/Search/Image?Query='natural mountain'&$skip=5&$top=1",
          "type": "ImageResult"
        },
        "ID": "e0c6f098-54f4-44c9-82d2-989298e88d7c",
        "Title": "Switzerland Mountain Natural Beauty | World for Travel",
        "MediaUrl": "http://www.worldfortravel.com/wp-content/uploads/2011/09/Switzerland-Mountain-Natural-Beauty.jpg",
        "SourceUrl": "http://www.worldfortravel.com/2011/09/12/switzerland-a-place-with-natural-beauty/switzerland-mountain-natural-beauty/",
        "DisplayUrl": "www.worldfortravel.com/2011/09/12/switzerland-a-place-with-natural...",
        "Width": "1024",
        "Height": "768",
        "FileSize": "241982",
        "ContentType": "jpeg",
        "Thumbnail": {
          "__metadata": {
            "type": "Bing.Thumbnail"
          },
          "MediaUrl": "http://ts2.mm.bing.net/th?id=OIP.M4df20fabb027d236e54573d34a650f6aH0&pid=15.1",
          "ContentType": "jpg",
          "Width": "300",
          "Height": "225",
          "FileSize": "12247"
        }
      },
      {
        "__metadata": {
          "uri": "https://api.datamarket.azure.com/Data.ashx/Bing/Search/Image?Query='natural mountain'&$skip=6&$top=1",
          "type": "ImageResult"
        },
        "ID": "b72379d5-1923-45b0-b19f-04b55cfa6055",
        "Title": "Mountains Wallpapers | mountain Wallpaper | Mountain Pictures |Natural ...",
        "MediaUrl": "http://4.bp.blogspot.com/-GpotThDxXsk/TfJhT479woI/AAAAAAAABgw/fXAdo1KeH-8/s1600/2.jpg",
        "SourceUrl": "http://very-nicepicture.blogspot.com/2011/06/nice-wallpapers-mountains-wallpapers.html",
        "DisplayUrl": "very-nicepicture.blogspot.com/2011/06/nice-wallpapers-mountains...",
        "Width": "1280",
        "Height": "960",
        "FileSize": "221440",
        "ContentType": "jpeg",
        "Thumbnail": {
          "__metadata": {
            "type": "Bing.Thumbnail"
          },
          "MediaUrl": "http://ts3.mm.bing.net/th?id=OIP.M30eeaa5234489ffe0d17e65034c1aedao0&pid=15.1",
          "ContentType": "jpg",
          "Width": "300",
          "Height": "225",
          "FileSize": "15742"
        }
      },
      {
        "__metadata": {
          "uri": "https://api.datamarket.azure.com/Data.ashx/Bing/Search/Image?Query='natural mountain'&$skip=7&$top=1",
          "type": "ImageResult"
        },
        "ID": "f0b22e84-ffec-4dbd-9314-fa5c8c42c7b7",
        "Title": "Natural Scenery Photo Gallery :: Beautiful Nature Mountains Scene Hd",
        "MediaUrl": "http://www.wallhd4.com/wp-content/uploads/2015/08/beautiful-nature-mountains-scene-hd-3.jpeg",
        "SourceUrl": "http://www.wallhd4.com/view/8-beautiful-nature-mountains-scene-hd",
        "DisplayUrl": "www.wallhd4.com/view/8-beautiful-nature-mountains-scene-hd",
        "Width": "2560",
        "Height": "1600",
        "FileSize": "2238804",
        "ContentType": "jpeg",
        "Thumbnail": {
          "__metadata": {
            "type": "Bing.Thumbnail"
          },
          "MediaUrl": "http://ts2.mm.bing.net/th?id=OIP.Mfbf45bb4dede9b4371c41413d936552eo0&pid=15.1",
          "ContentType": "jpg",
          "Width": "300",
          "Height": "187",
          "FileSize": "16873"
        }
      },
      {
        "__metadata": {
          "uri": "https://api.datamarket.azure.com/Data.ashx/Bing/Search/Image?Query='natural mountain'&$skip=8&$top=1",
          "type": "ImageResult"
        },
        "ID": "15f29474-7fe5-4e98-b23f-af3a7eb4e65f",
        "Title": "Alps Mountains Natural Beautiful Wallpaper | Nature Pics Wallpaper ...",
        "MediaUrl": "http://naturepicsgallery.com/wp-content/uploads/2014/04/Alps_mountains_natural_beautiful_wallpaper.jpg",
        "SourceUrl": "http://naturepicsgallery.com/alps-mountains-natural-beautiful-wallpaper/",
        "DisplayUrl": "naturepicsgallery.com/alps-mountains-natural-beautiful-wallpaper",
        "Width": "1142",
        "Height": "761",
        "FileSize": "381122",
        "ContentType": "jpeg",
        "Thumbnail": {
          "__metadata": {
            "type": "Bing.Thumbnail"
          },
          "MediaUrl": "http://ts2.mm.bing.net/th?id=OIP.M4afe75ffc669814c9c2a5836a8f8fea7H0&pid=15.1",
          "ContentType": "jpg",
          "Width": "300",
          "Height": "199",
          "FileSize": "14682"
        }
      },
      {
        "__metadata": {
          "uri": "https://api.datamarket.azure.com/Data.ashx/Bing/Search/Image?Query='natural mountain'&$skip=9&$top=1",
          "type": "ImageResult"
        },
        "ID": "975d7757-88e3-4f3a-979c-a052fd548c8b",
        "Title": "Natural mountain hd wallpapers | Only hd wallpapers",
        "MediaUrl": "http://findwallpapershd.com/wp-content/uploads/2013/10/Natural-mountain-hd-wallpapers.jpg",
        "SourceUrl": "http://findwallpapershd.com/natural/natural-mountain-hd-wallpapers/",
        "DisplayUrl": "findwallpapershd.com/natural/natural-mountain-hd-wallpapers",
        "Width": "1600",
        "Height": "900",
        "FileSize": "412389",
        "ContentType": "jpeg",
        "Thumbnail": {
          "__metadata": {
            "type": "Bing.Thumbnail"
          },
          "MediaUrl": "http://ts4.mm.bing.net/th?id=OIP.M61603e39c43c35910d1482ced44c25e7o0&pid=15.1",
          "ContentType": "jpg",
          "Width": "300",
          "Height": "168",
          "FileSize": "11451"
        }
      },
      {
        "__metadata": {
          "uri": "https://api.datamarket.azure.com/Data.ashx/Bing/Search/Image?Query='natural mountain'&$skip=10&$top=1",
          "type": "ImageResult"
        },
        "ID": "14b50286-b604-45ab-b7e2-698bbd29607c",
        "Title": "Natural Mountain Waterfall Wallpaper",
        "MediaUrl": "http://www.99hdwallpaper.com/waterfall/wallpapers/natural-mountain-waterfall-wallpaper.jpg",
        "SourceUrl": "http://www.99hdwallpaper.com/waterfall/natural-mountain-waterfall-wallpaper.html",
        "DisplayUrl": "www.99hdwallpaper.com/waterfall/natural-mountain-waterfall...",
        "Width": "2576",
        "Height": "1932",
        "FileSize": "1476806",
        "ContentType": "jpeg",
        "Thumbnail": {
          "__metadata": {
            "type": "Bing.Thumbnail"
          },
          "MediaUrl": "http://ts1.mm.bing.net/th?id=OIP.M7fb7745a1d289ab1868cd0354ddc0800o0&pid=15.1",
          "ContentType": "jpg",
          "Width": "300",
          "Height": "225",
          "FileSize": "16420"
        }
      },
      {
        "__metadata": {
          "uri": "https://api.datamarket.azure.com/Data.ashx/Bing/Search/Image?Query='natural mountain'&$skip=11&$top=1",
          "type": "ImageResult"
        },
        "ID": "ac6a8918-983b-42b5-bd9f-25cb05b0f998",
        "Title": "Desktop Wallpapers » Natural Backgrounds » Mountain Steps » www ...",
        "MediaUrl": "http://www.desktopdress.com/desktopwallpapers/natural/mountain-steps-5.jpg",
        "SourceUrl": "http://www.desktopdress.com/desktop-wallpapers/natural-pictures/mountain-steps-5",
        "DisplayUrl": "www.desktopdress.com/desktop-wallpapers/natural-pictures/mountain...",
        "Width": "1024",
        "Height": "768",
        "FileSize": "192587",
        "ContentType": "jpeg",
        "Thumbnail": {
          "__metadata": {
            "type": "Bing.Thumbnail"
          },
          "MediaUrl": "http://ts3.mm.bing.net/th?id=OIP.M7315700cbde8e7202e7dab7997e3a255o0&pid=15.1",
          "ContentType": "jpg",
          "Width": "300",
          "Height": "225",
          "FileSize": "11114"
        }
      },
      {
        "__metadata": {
          "uri": "https://api.datamarket.azure.com/Data.ashx/Bing/Search/Image?Query='natural mountain'&$skip=12&$top=1",
          "type": "ImageResult"
        },
        "ID": "f8110960-ce72-4d94-8ee0-4c7aff5a9d7e",
        "Title": "View of mountain in naraan Mountains Natural & Landscape Wallpapers",
        "MediaUrl": "http://funbaz.com/wallpapers/natural-and-landscape/mountains/downloads/view-of-mountain-in-naraan-861.jpg",
        "SourceUrl": "http://funbaz.com/wallpapers/natural-and-landscape/mountains/view-of-mountain-in-naraan-2087.html",
        "DisplayUrl": "funbaz.com/wallpapers/natural-and-landscape/mountains/view-of...",
        "Width": "1600",
        "Height": "1067",
        "FileSize": "355209",
        "ContentType": "jpeg",
        "Thumbnail": {
          "__metadata": {
            "type": "Bing.Thumbnail"
          },
          "MediaUrl": "http://ts2.mm.bing.net/th?id=OIP.Mc60cc0c313b0acd779874bfbf6de051ao0&pid=15.1",
          "ContentType": "jpg",
          "Width": "300",
          "Height": "200",
          "FileSize": "5732"
        }
      },
      {
        "__metadata": {
          "uri": "https://api.datamarket.azure.com/Data.ashx/Bing/Search/Image?Query='natural mountain'&$skip=13&$top=1",
          "type": "ImageResult"
        },
        "ID": "69156553-47b8-4ad5-9cfa-9cb6bd87b9f7",
        "Title": "Natural Snow Mountain Landscape Desktop Hd Wallpaper - 1600x900 ...",
        "MediaUrl": "http://iwallhd.com/stock/natural-snow-mountain-landscape-desktop-hd-wallpaper.jpg",
        "SourceUrl": "http://iwallhd.com/wallpaper/1600x900/natural-snow-mountain-landscape-desktop-hd-wallpaper.html",
        "DisplayUrl": "iwallhd.com/wallpaper/1600x900/natural-snow-mountain-landscape...",
        "Width": "1600",
        "Height": "900",
        "FileSize": "459910",
        "ContentType": "jpeg",
        "Thumbnail": {
          "__metadata": {
            "type": "Bing.Thumbnail"
          },
          "MediaUrl": "http://ts4.mm.bing.net/th?id=OIP.Mb723562aed582dec7c97a890cc6080fao0&pid=15.1",
          "ContentType": "jpg",
          "Width": "300",
          "Height": "168",
          "FileSize": "18355"
        }
      },
      {
        "__metadata": {
          "uri": "https://api.datamarket.azure.com/Data.ashx/Bing/Search/Image?Query='natural mountain'&$skip=14&$top=1",
          "type": "ImageResult"
        },
        "ID": "505dbf40-d3a3-4fba-abde-4effe732772c",
        "Title": "Wallpaper Natural, Iceland, Green, Mountain. Nature | PicsFab.com ...",
        "MediaUrl": "http://picsfab.com/download/image/158989/1920x1200_iceland-mountain-green-natural.jpg",
        "SourceUrl": "http://en.picsfab.com/image/iceland-mountain-green-natural-158989/share",
        "DisplayUrl": "en.picsfab.com/image/iceland-mountain-green-natural-158989/share",
        "Width": "1920",
        "Height": "1200",
        "FileSize": "824960",
        "ContentType": "jpeg",
        "Thumbnail": {
          "__metadata": {
            "type": "Bing.Thumbnail"
          },
          "MediaUrl": "http://ts1.mm.bing.net/th?id=OIP.M961d9ea817d2295c5efb04fad1ed2aa9o0&pid=15.1",
          "ContentType": "jpg",
          "Width": "300",
          "Height": "187",
          "FileSize": "16272"
        }
      },
      {
        "__metadata": {
          "uri": "https://api.datamarket.azure.com/Data.ashx/Bing/Search/Image?Query='natural mountain'&$skip=15&$top=1",
          "type": "ImageResult"
        },
        "ID": "50d266ab-f581-423b-9ec8-74a3b6a212bd",
        "Title": "wallpapers, wallpaper, nature, water, background, mountains, scenery",
        "MediaUrl": "http://iwritealot.com/wp-content/uploads/2010/08/HD-Wallpaper-Nature-Scenery-Mountains-Water.jpg",
        "SourceUrl": "http://hdw.eweb4.com/out/188783.html",
        "DisplayUrl": "hdw.eweb4.com/out/188783.html",
        "Width": "1920",
        "Height": "1200",
        "FileSize": "467263",
        "ContentType": "jpeg",
        "Thumbnail": {
          "__metadata": {
            "type": "Bing.Thumbnail"
          },
          "MediaUrl": "http://ts2.mm.bing.net/th?id=OIP.M7d55089f0ac262e9a598355dec377fccH0&pid=15.1",
          "ContentType": "jpg",
          "Width": "300",
          "Height": "187",
          "FileSize": "12154"
        }
      },
      {
        "__metadata": {
          "uri": "https://api.datamarket.azure.com/Data.ashx/Bing/Search/Image?Query='natural mountain'&$skip=16&$top=1",
          "type": "ImageResult"
        },
        "ID": "860e8a06-f511-40e3-855c-b889210d7195",
        "Title": "Natural Scenery Wallpaper: Lake Snow Mountain Forest and Snow Mountain ...",
        "MediaUrl": "http://www.74211.com/wp-content/uploads/2013/06/Freenaturalscenerywallpaperlakesnowmountainforestandsnowmountainreflectioninthelake1.jpg",
        "SourceUrl": "http://www.74211.com/free-hd-natural-scenery-wallpaper-lake-snow-mountain-forest-and-snow-mountain-reflects-in-lake/",
        "DisplayUrl": "www.74211.com/free-hd-natural-scenery-wallpaper-lake-snow-mountain...",
        "Width": "2918",
        "Height": "1946",
        "FileSize": "1322790",
        "ContentType": "jpeg",
        "Thumbnail": {
          "__metadata": {
            "type": "Bing.Thumbnail"
          },
          "MediaUrl": "http://ts4.mm.bing.net/th?id=OIP.M529b942586e654ade954df5675a44359o0&pid=15.1",
          "ContentType": "jpg",
          "Width": "300",
          "Height": "200",
          "FileSize": "8277"
        }
      },
      {
        "__metadata": {
          "uri": "https://api.datamarket.azure.com/Data.ashx/Bing/Search/Image?Query='natural mountain'&$skip=17&$top=1",
          "type": "ImageResult"
        },
        "ID": "b7b3bd38-f1bb-408e-858b-6272e938f25d",
        "Title": "Natural Arch wallpapers and images - wallpapers, pictures, photos",
        "MediaUrl": "http://www.zastavki.com/pictures/1920x1200/2009/Nature_Mountains_Natural_Arch_015166_.jpg",
        "SourceUrl": "http://www.zastavki.com/eng/Nature/Mountains/wallpaper-15166.htm",
        "DisplayUrl": "www.zastavki.com/eng/Nature/Mountains/wallpaper-15166.htm",
        "Width": "1920",
        "Height": "1200",
        "FileSize": "1617402",
        "ContentType": "jpeg",
        "Thumbnail": {
          "__metadata": {
            "type": "Bing.Thumbnail"
          },
          "MediaUrl": "http://ts1.mm.bing.net/th?id=OIP.M77eb71641ac150fee9ac6bf6cde9ddd6H0&pid=15.1",
          "ContentType": "jpg",
          "Width": "300",
          "Height": "187",
          "FileSize": "13983"
        }
      },
      {
        "__metadata": {
          "uri": "https://api.datamarket.azure.com/Data.ashx/Bing/Search/Image?Query='natural mountain'&$skip=18&$top=1",
          "type": "ImageResult"
        },
        "ID": "90da0962-4c42-4886-886a-1653763d8795",
        "Title": "Natural Mountain Abstract Reflection Wallpaper | Walltor",
        "MediaUrl": "http://www.walltor.com/images/wallpaper/natural-mountain-abstract-reflection-187582.jpg",
        "SourceUrl": "http://www.walltor.com/wallpaper/natural-mountain-abstract-reflection-187582",
        "DisplayUrl": "www.walltor.com/wallpaper/natural-mountain-abstract-reflection-187582",
        "Width": "800",
        "Height": "600",
        "FileSize": "91957",
        "ContentType": "jpeg",
        "Thumbnail": {
          "__metadata": {
            "type": "Bing.Thumbnail"
          },
          "MediaUrl": "http://ts4.mm.bing.net/th?id=OIP.M74dc98213d6aeeacc59de3c4e55d78c7o0&pid=15.1",
          "ContentType": "jpg",
          "Width": "300",
          "Height": "225",
          "FileSize": "12194"
        }
      },
      {
        "__metadata": {
          "uri": "https://api.datamarket.azure.com/Data.ashx/Bing/Search/Image?Query='natural mountain'&$skip=19&$top=1",
          "type": "ImageResult"
        },
        "ID": "7f915827-592c-46ef-8e39-ae2f1a29e036",
        "Title": "Natural Sunset on Mountain Wallpapers",
        "MediaUrl": "http://www.thesmashable.com/wp-content/uploads/2013/01/natural_hd_sunset_wallpapers_and_desktop_backgrounds-3.jpg",
        "SourceUrl": "http://www.thesmashable.com/25-natural-sunset-wallpapers-desktop-backgrounds/",
        "DisplayUrl": "www.thesmashable.com/25-natural-sunset-wallpapers-desktop-backgrounds",
        "Width": "1920",
        "Height": "1280",
        "FileSize": "944325",
        "ContentType": "jpeg",
        "Thumbnail": {
          "__metadata": {
            "type": "Bing.Thumbnail"
          },
          "MediaUrl": "http://ts3.mm.bing.net/th?id=OIP.M152e305bce9fae063f59e93ebdd115dco0&pid=15.1",
          "ContentType": "jpg",
          "Width": "300",
          "Height": "200",
          "FileSize": "14492"
        }
      },
      {
        "__metadata": {
          "uri": "https://api.datamarket.azure.com/Data.ashx/Bing/Search/Image?Query='natural mountain'&$skip=20&$top=1",
          "type": "ImageResult"
        },
        "ID": "45bed1b2-fe00-45d1-9fdb-023f9fe83a2c",
        "Title": "Sky clouds mountain natural scenery 52229 - Landscapes - Landscape ...",
        "MediaUrl": "http://www.freegreatpicture.net/files/photo105/52229-sky-clouds-mountain-natural-scenery.jpg",
        "SourceUrl": "http://www.freegreatpicture.net/landscapes/sky-clouds-mountain-natural-scenery-52229",
        "DisplayUrl": "www.freegreatpicture.net/landscapes/sky-clouds-mountain-natural...",
        "Width": "1800",
        "Height": "1350",
        "FileSize": "441542",
        "ContentType": "jpeg",
        "Thumbnail": {
          "__metadata": {
            "type": "Bing.Thumbnail"
          },
          "MediaUrl": "http://ts2.mm.bing.net/th?id=OIP.M88d092cc47464444f45f59fb4a6f10f3o0&pid=15.1",
          "ContentType": "jpg",
          "Width": "300",
          "Height": "225",
          "FileSize": "4877"
        }
      },
      {
        "__metadata": {
          "uri": "https://api.datamarket.azure.com/Data.ashx/Bing/Search/Image?Query='natural mountain'&$skip=21&$top=1",
          "type": "ImageResult"
        },
        "ID": "17f6306b-610e-4e54-b92d-f1880ffab521",
        "Title": "Beautiful Natural HD wallpapers ~ Allfreshwallpaper",
        "MediaUrl": "http://3.bp.blogspot.com/-FASpegYhcMs/UzjpT5Bbm3I/AAAAAAAAGSE/W81B7Yq-fRQ/s1600/lake-mountains-forests-natural-wallpapers.jpg",
        "SourceUrl": "http://allfreshwallpaper.blogspot.com/2013/09/beautiful-natural-hd-wallpapers.html",
        "DisplayUrl": "allfreshwallpaper.blogspot.com/2013/09/beautiful-natural-hd...",
        "Width": "909",
        "Height": "606",
        "FileSize": "129929",
        "ContentType": "jpeg",
        "Thumbnail": {
          "__metadata": {
            "type": "Bing.Thumbnail"
          },
          "MediaUrl": "http://ts1.mm.bing.net/th?id=OIP.M7feddd521979f24e3f122af343d2b31ao0&pid=15.1",
          "ContentType": "jpg",
          "Width": "300",
          "Height": "200",
          "FileSize": "16002"
        }
      },
      {
        "__metadata": {
          "uri": "https://api.datamarket.azure.com/Data.ashx/Bing/Search/Image?Query='natural mountain'&$skip=22&$top=1",
          "type": "ImageResult"
        },
        "ID": "775fa305-da71-42dd-a6ae-22bb267fc32b",
        "Title": "... Scenery pic,quotes: TOP beautiful mountain and natural hd wallpapers",
        "MediaUrl": "http://3.bp.blogspot.com/-S8hSIyRpm_4/U0WjG04pCMI/AAAAAAAAH5k/xOQEbCWEycw/s1600/beautiful++yellow+flowers+and+mountain+natural+wallpapers.jpg",
        "SourceUrl": "http://worldpicturestv.blogspot.com/p/blog-page_3885.html",
        "DisplayUrl": "worldpicturestv.blogspot.com/p/blog-page_3885.html",
        "Width": "1600",
        "Height": "1000",
        "FileSize": "655027",
        "ContentType": "jpeg",
        "Thumbnail": {
          "__metadata": {
            "type": "Bing.Thumbnail"
          },
          "MediaUrl": "http://ts4.mm.bing.net/th?id=OIP.M1521389e0652ce21fe7992d042f583e5o0&pid=15.1",
          "ContentType": "jpg",
          "Width": "300",
          "Height": "187",
          "FileSize": "20903"
        }
      },
      {
        "__metadata": {
          "uri": "https://api.datamarket.azure.com/Data.ashx/Bing/Search/Image?Query='natural mountain'&$skip=23&$top=1",
          "type": "ImageResult"
        },
        "ID": "fad1bf78-7e54-4f05-9233-eb5559c8d92e",
        "Title": "Mountain Forest River Natural Scene (1366x768 pixel) Nature HD ...",
        "MediaUrl": "http://iwallscreen.com/stock/mountain-forest-river-natural-scene.jpg",
        "SourceUrl": "http://iwallscreen.com/split-detail.php/1366x768/mountain-forest-river-natural-scene-35454.html",
        "DisplayUrl": "iwallscreen.com/split-detail.php/1366x768/mountain-forest-river...",
        "Width": "1366",
        "Height": "768",
        "FileSize": "255587",
        "ContentType": "jpeg",
        "Thumbnail": {
          "__metadata": {
            "type": "Bing.Thumbnail"
          },
          "MediaUrl": "http://ts2.mm.bing.net/th?id=OIP.M1222055cd5608cede2f3505675317c4co0&pid=15.1",
          "ContentType": "jpg",
          "Width": "300",
          "Height": "168",
          "FileSize": "8705"
        }
      },
      {
        "__metadata": {
          "uri": "https://api.datamarket.azure.com/Data.ashx/Bing/Search/Image?Query='natural mountain'&$skip=24&$top=1",
          "type": "ImageResult"
        },
        "ID": "5e6b39b6-c668-40e3-bcad-154dd4650112",
        "Title": "Natural Winter Mountain Landscape Royalty Free Stock Photography ...",
        "MediaUrl": "http://thumbs.dreamstime.com/z/natural-winter-mountain-landscape-27766617.jpg",
        "SourceUrl": "http://dreamstime.com/royalty-free-stock-photography-natural-winter-mountain-landscape-image27766617",
        "DisplayUrl": "dreamstime.com/royalty-free-stock-photography-natural-winter...",
        "Width": "1300",
        "Height": "953",
        "FileSize": "148284",
        "ContentType": "jpeg",
        "Thumbnail": {
          "__metadata": {
            "type": "Bing.Thumbnail"
          },
          "MediaUrl": "http://ts1.mm.bing.net/th?id=OIP.Mb2986709300b2b7b1f186c5c3fd0bba1o0&pid=15.1",
          "ContentType": "jpg",
          "Width": "300",
          "Height": "219",
          "FileSize": "11186"
        }
      },
      {
        "__metadata": {
          "uri": "https://api.datamarket.azure.com/Data.ashx/Bing/Search/Image?Query='natural mountain'&$skip=25&$top=1",
          "type": "ImageResult"
        },
        "ID": "fce862be-e7dd-48f8-9e94-ca48f5499cbd",
        "Title": "Desktop Wallpapers » Natural Backgrounds » Mountain View » www ...",
        "MediaUrl": "http://www.desktopdress.com/desktopwallpapers/natural/mountain-view-45a.jpg",
        "SourceUrl": "http://www.desktopdress.com/desktop-wallpapers/natural-pictures/mountain-view-45a",
        "DisplayUrl": "www.desktopdress.com/desktop-wallpapers/natural-pictures/mountain...",
        "Width": "1280",
        "Height": "960",
        "FileSize": "382759",
        "ContentType": "jpeg",
        "Thumbnail": {
          "__metadata": {
            "type": "Bing.Thumbnail"
          },
          "MediaUrl": "http://ts3.mm.bing.net/th?id=OIP.M7e204e6093061c11a5da6f473af3a3f4o0&pid=15.1",
          "ContentType": "jpg",
          "Width": "300",
          "Height": "225",
          "FileSize": "18823"
        }
      },
      {
        "__metadata": {
          "uri": "https://api.datamarket.azure.com/Data.ashx/Bing/Search/Image?Query='natural mountain'&$skip=26&$top=1",
          "type": "ImageResult"
        },
        "ID": "144bd60c-15b3-4271-bd57-73a7c9348599",
        "Title": "Island and mountain natural wallpaper, iPad Wallpapers, iPad ...",
        "MediaUrl": "http://www.creatingiphone.com/uploads/soft/iPad%20Wallpaper/Nature/Island%20and%20mountain%20natural%20wallpaper.jpg",
        "SourceUrl": "http://creatingiphone.com/ipad-wallpaper/nature/island-and-mountain-natural-wallpaper.html",
        "DisplayUrl": "creatingiphone.com/ipad-wallpaper/nature/island-and-mountain...",
        "Width": "1024",
        "Height": "1024",
        "FileSize": "376120",
        "ContentType": "jpeg",
        "Thumbnail": {
          "__metadata": {
            "type": "Bing.Thumbnail"
          },
          "MediaUrl": "http://ts2.mm.bing.net/th?id=OIP.M32757a0afab393d73ab190e13d37890eo0&pid=15.1",
          "ContentType": "jpg",
          "Width": "300",
          "Height": "300",
          "FileSize": "16780"
        }
      },
      {
        "__metadata": {
          "uri": "https://api.datamarket.azure.com/Data.ashx/Bing/Search/Image?Query='natural mountain'&$skip=27&$top=1",
          "type": "ImageResult"
        },
        "ID": "614c2cea-ad03-43fb-84f4-203a223d0734",
        "Title": "Natural landscapes: Mountain morning | FRANK KING PHOTOS",
        "MediaUrl": "https://frankkingphotos.files.wordpress.com/2012/06/spray-web11.jpg",
        "SourceUrl": "https://frankkingphotos.wordpress.com/2012/06/28/natural-landscapes-mountain-morning/",
        "DisplayUrl": "https://frankkingphotos.wordpress.com/2012/06/28/natural-landscapes...",
        "Width": "4288",
        "Height": "2848",
        "FileSize": "450759",
        "ContentType": "jpeg",
        "Thumbnail": {
          "__metadata": {
            "type": "Bing.Thumbnail"
          },
          "MediaUrl": "http://ts1.mm.bing.net/th?id=OIP.M3898d0b4bc679559a2fdca8a61f9cad1o0&pid=15.1",
          "ContentType": "jpg",
          "Width": "300",
          "Height": "199",
          "FileSize": "6585"
        }
      },
      {
        "__metadata": {
          "uri": "https://api.datamarket.azure.com/Data.ashx/Bing/Search/Image?Query='natural mountain'&$skip=28&$top=1",
          "type": "ImageResult"
        },
        "ID": "f203ec49-d49f-42e4-82cd-19df76c13d4a",
        "Title": "Natural Mountain Landscape, Snow-Capped Mountains and Tall Trees ...",
        "MediaUrl": "http://74211.com/wallpaper/picture_thumb/Natural-Mountain-Landscape-Snow-Capped-Mountains-and-Tall-Trees-Great-Scenery.jpg",
        "SourceUrl": "http://74211.com/natural-mountain-landscape-snow-capped-mountains-and-tall-trees-great-scenery",
        "DisplayUrl": "74211.com/natural-mountain-landscape-snow-capped-mountains-and-tall...",
        "Width": "533",
        "Height": "400",
        "FileSize": "50956",
        "ContentType": "jpeg",
        "Thumbnail": {
          "__metadata": {
            "type": "Bing.Thumbnail"
          },
          "MediaUrl": "http://ts3.mm.bing.net/th?id=OIP.M0d4738d12bcd8e610147bbfe8cc5e7e8o0&pid=15.1",
          "ContentType": "jpg",
          "Width": "300",
          "Height": "225",
          "FileSize": "11870"
        }
      },
      {
        "__metadata": {
          "uri": "https://api.datamarket.azure.com/Data.ashx/Bing/Search/Image?Query='natural mountain'&$skip=29&$top=1",
          "type": "ImageResult"
        },
        "ID": "b60928e6-92aa-4c78-a58a-d9919d1e0cea",
        "Title": "Natural Rocky Mountains Samsung Galaxy Note 3 Wallpaper Screensavers ...",
        "MediaUrl": "http://f9view.com/wp-content/uploads/2013/09/Natural-Rocky-Mountains-Samsung-Galaxy-Note-3-Wallpaper-Screensavers-Backgrounds.jpg",
        "SourceUrl": "http://f9view.com/samsung-galaxy-note-3-wallpaper-screensavers-backgrounds/natural-rocky-mountains-samsung-galaxy-note-3-wallpaper-screensavers-backgrounds",
        "DisplayUrl": "f9view.com/samsung-galaxy-note-3-wallpaper-screensavers-backgrounds...",
        "Width": "1920",
        "Height": "1080",
        "FileSize": "391329",
        "ContentType": "jpeg",
        "Thumbnail": {
          "__metadata": {
            "type": "Bing.Thumbnail"
          },
          "MediaUrl": "http://ts4.mm.bing.net/th?id=OIP.M690f9dc9c113a4bb12f7d536503d745bH0&pid=15.1",
          "ContentType": "jpg",
          "Width": "300",
          "Height": "168",
          "FileSize": "13780"
        }
      },
      {
        "__metadata": {
          "uri": "https://api.datamarket.azure.com/Data.ashx/Bing/Search/Image?Query='natural mountain'&$skip=30&$top=1",
          "type": "ImageResult"
        },
        "ID": "60ff6a66-223a-44a0-a530-51ae4a4ebf0c",
        "Title": "home natural landscape sunset mountain natural hd wallpapers",
        "MediaUrl": "http://www.newhdwallpapers.in/wp-content/uploads/2016/03/Sunset-Mountain-Natural-HD-Wallpapers.jpg",
        "SourceUrl": "http://www.newhdwallpapers.in/natural-landscape/sunset-mountain-natural-hd-wallpapers/",
        "DisplayUrl": "www.newhdwallpapers.in/natural-landscape/sunset-mountain-natural-hd...",
        "Width": "1280",
        "Height": "768",
        "FileSize": "343417",
        "ContentType": "jpeg",
        "Thumbnail": {
          "__metadata": {
            "type": "Bing.Thumbnail"
          },
          "MediaUrl": "http://ts1.mm.bing.net/th?id=OIP.Mff6f7517fba538214f475866219b052co0&pid=15.1",
          "ContentType": "jpg",
          "Width": "300",
          "Height": "180",
          "FileSize": "15567"
        }
      },
      {
        "__metadata": {
          "uri": "https://api.datamarket.azure.com/Data.ashx/Bing/Search/Image?Query='natural mountain'&$skip=31&$top=1",
          "type": "ImageResult"
        },
        "ID": "d2f43647-782a-467d-a58c-fe60f7a9b34a",
        "Title": "Description: Mountain Peak Canada-Beautiful natural scenery wallpaper ...",
        "MediaUrl": "http://10wallpaper.com/wallpaper/1152x864/1110/Mountain_Peak_Canada-Beautiful_natural_scenery_wallpaper_1152x864.jpg",
        "SourceUrl": "http://10wallpaper.com/down/Mountain_Peak_Canada-Beautiful_natural_scenery_wallpaper_1152x864_wallpaper.html",
        "DisplayUrl": "10wallpaper.com/down/Mountain_Peak_Canada-Beautiful_natural_scenery...",
        "Width": "1152",
        "Height": "864",
        "FileSize": "325827",
        "ContentType": "jpeg",
        "Thumbnail": {
          "__metadata": {
            "type": "Bing.Thumbnail"
          },
          "MediaUrl": "http://ts4.mm.bing.net/th?id=OIP.M17f804e54db716d18d60fae7574c780do0&pid=15.1",
          "ContentType": "jpg",
          "Width": "300",
          "Height": "225",
          "FileSize": "14642"
        }
      },
      {
        "__metadata": {
          "uri": "https://api.datamarket.azure.com/Data.ashx/Bing/Search/Image?Query='natural mountain'&$skip=32&$top=1",
          "type": "ImageResult"
        },
        "ID": "51b1c7ee-ad71-4ffa-8b3e-eef85cc670ad",
        "Title": "View of mountain in naraan Mountains Natural & Landscape Wallpapers",
        "MediaUrl": "http://funbaz.com/wallpapers/natural-and-landscape/mountains/downloads/view-of-mountain-in-naraan-197.jpg",
        "SourceUrl": "http://funbaz.com/wallpapers/natural-and-landscape/mountains/view-of-mountain-in-naraan-2099.html",
        "DisplayUrl": "funbaz.com/wallpapers/natural-and-landscape/mountains/view-of...",
        "Width": "1600",
        "Height": "1067",
        "FileSize": "467628",
        "ContentType": "jpeg",
        "Thumbnail": {
          "__metadata": {
            "type": "Bing.Thumbnail"
          },
          "MediaUrl": "http://ts3.mm.bing.net/th?id=OIP.Mae9b2af093f4fc8fda713cb8841a9f30o0&pid=15.1",
          "ContentType": "jpg",
          "Width": "300",
          "Height": "200",
          "FileSize": "6502"
        }
      },
      {
        "__metadata": {
          "uri": "https://api.datamarket.azure.com/Data.ashx/Bing/Search/Image?Query='natural mountain'&$skip=33&$top=1",
          "type": "ImageResult"
        },
        "ID": "8c572301-c0fb-4e8d-8dc0-36b82db9049a",
        "Title": "beautiful nature scenery - Photo 110 of 342 | phombo.com",
        "MediaUrl": "http://img.phombo.com/img1/photocombo/1635162/beautiful-mountain-scene-hd-natural-scenery-hd-18403.jpg",
        "SourceUrl": "http://www.phombo.com/nature/beautiful-nature-scenery/1012128/full/popular/",
        "DisplayUrl": "www.phombo.com/nature/beautiful-nature-scenery/1012128/full/popular",
        "Width": "1920",
        "Height": "1200",
        "FileSize": "662082",
        "ContentType": "jpeg",
        "Thumbnail": {
          "__metadata": {
            "type": "Bing.Thumbnail"
          },
          "MediaUrl": "http://ts2.mm.bing.net/th?id=OIP.M113f58b52b257ca8b287a1a28cc0c635H0&pid=15.1",
          "ContentType": "jpg",
          "Width": "300",
          "Height": "187",
          "FileSize": "21288"
        }
      },
      {
        "__metadata": {
          "uri": "https://api.datamarket.azure.com/Data.ashx/Bing/Search/Image?Query='natural mountain'&$skip=34&$top=1",
          "type": "ImageResult"
        },
        "ID": "291912ad-8b12-44b6-92a6-6f4659bc0d76",
        "Title": "Amazing natural beauty of the Altai Mountains",
        "MediaUrl": "http://russiatrek.org/blog/wp-content/uploads/2014/06/altai-mountains-natural-beauty-russia-1.jpg",
        "SourceUrl": "http://russiatrek.org/blog/tag/landscapes/page/3/",
        "DisplayUrl": "russiatrek.org/blog/tag/landscapes/page/3",
        "Width": "1200",
        "Height": "702",
        "FileSize": "396379",
        "ContentType": "jpeg",
        "Thumbnail": {
          "__metadata": {
            "type": "Bing.Thumbnail"
          },
          "MediaUrl": "http://ts3.mm.bing.net/th?id=OIP.M836c32f14991b90073ad2eafb6d61004H0&pid=15.1",
          "ContentType": "jpg",
          "Width": "300",
          "Height": "175",
          "FileSize": "11736"
        }
      },
      {
        "__metadata": {
          "uri": "https://api.datamarket.azure.com/Data.ashx/Bing/Search/Image?Query='natural mountain'&$skip=35&$top=1",
          "type": "ImageResult"
        },
        "ID": "36552923-c777-4f05-bf48-d2d8fd2383e5",
        "Title": "mountain lake freefrom pool natural stone | Patricks Pools | Long ...",
        "MediaUrl": "http://patrickspools.com/wp-content/uploads/2012/10/IMG_1201.jpg",
        "SourceUrl": "http://patrickspools.com/portfolio-items/757/img_1201/",
        "DisplayUrl": "patrickspools.com/portfolio-items/757/img_1201",
        "Width": "1500",
        "Height": "1120",
        "FileSize": "500614",
        "ContentType": "jpeg",
        "Thumbnail": {
          "__metadata": {
            "type": "Bing.Thumbnail"
          },
          "MediaUrl": "http://ts2.mm.bing.net/th?id=OIP.M040e6fd4ac38df523b904ab03c2bec05H0&pid=15.1",
          "ContentType": "jpg",
          "Width": "300",
          "Height": "224",
          "FileSize": "13398"
        }
      },
      {
        "__metadata": {
          "uri": "https://api.datamarket.azure.com/Data.ashx/Bing/Search/Image?Query='natural mountain'&$skip=36&$top=1",
          "type": "ImageResult"
        },
        "ID": "9477ec96-b05d-42e2-8935-7e715d5e4389",
        "Title": "natural_hd_sunset_wallpapers_and_desktop_backgrounds (19)",
        "MediaUrl": "http://thesmashable.com/wp-content/uploads/2013/01/natural_hd_sunset_wallpapers_and_desktop_backgrounds-19.jpg",
        "SourceUrl": "http://www.thesmashable.com/25-natural-sunset-wallpapers-desktop-backgrounds/",
        "DisplayUrl": "www.thesmashable.com/25-natural-sunset-wallpapers-desktop-backgrounds",
        "Width": "1920",
        "Height": "1080",
        "FileSize": "878728",
        "ContentType": "jpeg",
        "Thumbnail": {
          "__metadata": {
            "type": "Bing.Thumbnail"
          },
          "MediaUrl": "http://ts3.mm.bing.net/th?id=OIP.Mca182cacd235d1226fbaf40e066a03afo0&pid=15.1",
          "ContentType": "jpg",
          "Width": "300",
          "Height": "168",
          "FileSize": "10796"
        }
      },
      {
        "__metadata": {
          "uri": "https://api.datamarket.azure.com/Data.ashx/Bing/Search/Image?Query='natural mountain'&$skip=37&$top=1",
          "type": "ImageResult"
        },
        "ID": "30abfe7f-2d3c-4255-a169-571f3122b176",
        "Title": "beauty, natural, sky, mountain - image #685345 on Favim.com",
        "MediaUrl": "http://s8.favim.com/orig/72/beauty-natural-sky-mountain-Favim.com-685345.jpg",
        "SourceUrl": "http://favim.com/image/685345",
        "DisplayUrl": "favim.com/image/685345",
        "Width": "898",
        "Height": "595",
        "FileSize": "129186",
        "ContentType": "jpeg",
        "Thumbnail": {
          "__metadata": {
            "type": "Bing.Thumbnail"
          },
          "MediaUrl": "http://ts1.mm.bing.net/th?id=OIP.Meaa7ffe78da7142f7f3b12a8dbcb9073o0&pid=15.1",
          "ContentType": "jpg",
          "Width": "300",
          "Height": "198",
          "FileSize": "9566"
        }
      },
      {
        "__metadata": {
          "uri": "https://api.datamarket.azure.com/Data.ashx/Bing/Search/Image?Query='natural mountain'&$skip=38&$top=1",
          "type": "ImageResult"
        },
        "ID": "25839e0c-90b3-467b-8cc4-8db481b918f5",
        "Title": "View Sunrise Natural Mountain Landscape Royalty Free Stock Images ...",
        "MediaUrl": "http://thumbs.dreamstime.com/z/view-sunrise-natural-mountain-landscape-thailand-31003029.jpg",
        "SourceUrl": "http://dreamstime.com/royalty-free-stock-images-view-sunrise-natural-mountain-landscape-thailand-image31003029",
        "DisplayUrl": "dreamstime.com/royalty-free-stock-images-view-sunrise-natural...",
        "Width": "1300",
        "Height": "955",
        "FileSize": "358916",
        "ContentType": "jpeg",
        "Thumbnail": {
          "__metadata": {
            "type": "Bing.Thumbnail"
          },
          "MediaUrl": "http://ts3.mm.bing.net/th?id=OIP.Me8e02e5fc51a108a4c19e5203fce25e6o0&pid=15.1",
          "ContentType": "jpg",
          "Width": "300",
          "Height": "220",
          "FileSize": "9576"
        }
      },
      {
        "__metadata": {
          "uri": "https://api.datamarket.azure.com/Data.ashx/Bing/Search/Image?Query='natural mountain'&$skip=39&$top=1",
          "type": "ImageResult"
        },
        "ID": "83c33a2a-e4f1-4459-ba3f-28a21d7939cc",
        "Title": "nature mountain forest landscape fog lake ultrahd 4k wallpaper ...",
        "MediaUrl": "http://www.wallpaperup.com/uploads/wallpapers/2013/12/17/197442/1f55707e4bd3575a69d593a68baae658.jpg",
        "SourceUrl": "http://www.wallpaperup.com/197442/nature_mountain_forest_landscape_fog_lake_ultrahd_4k_wallpaper.html",
        "DisplayUrl": "www.wallpaperup.com/197442/nature_mountain_forest_landscape_fog...",
        "Width": "3839",
        "Height": "2558",
        "FileSize": "5249178",
        "ContentType": "jpeg",
        "Thumbnail": {
          "__metadata": {
            "type": "Bing.Thumbnail"
          },
          "MediaUrl": "http://ts4.mm.bing.net/th?id=OIP.Me29d6b94ada018849154b2817efc8512o0&pid=15.1",
          "ContentType": "jpg",
          "Width": "300",
          "Height": "199",
          "FileSize": "19466"
        }
      },
      {
        "__metadata": {
          "uri": "https://api.datamarket.azure.com/Data.ashx/Bing/Search/Image?Query='natural mountain'&$skip=40&$top=1",
          "type": "ImageResult"
        },
        "ID": "32e48c47-cd19-4aed-8981-a3290c927931",
        "Title": "natural beauty the beautiful evening in the beautiful mountain with ...",
        "MediaUrl": "http://2.bp.blogspot.com/-2jp8lN3D5lo/T3OMk_ERsII/AAAAAAAAByE/KT_IrAYKSZw/s1600/green-mountains-hd-wallpaper.jpg",
        "SourceUrl": "http://naturepicsdiary.blogspot.com/",
        "DisplayUrl": "naturepicsdiary.blogspot.com",
        "Width": "1600",
        "Height": "900",
        "FileSize": "399873",
        "ContentType": "jpeg",
        "Thumbnail": {
          "__metadata": {
            "type": "Bing.Thumbnail"
          },
          "MediaUrl": "http://ts4.mm.bing.net/th?id=OIP.M391d7dfe1b0372724e21f257f30fb83ao0&pid=15.1",
          "ContentType": "jpg",
          "Width": "300",
          "Height": "168",
          "FileSize": "10382"
        }
      },
      {
        "__metadata": {
          "uri": "https://api.datamarket.azure.com/Data.ashx/Bing/Search/Image?Query='natural mountain'&$skip=41&$top=1",
          "type": "ImageResult"
        },
        "ID": "02532713-9e0f-4c9e-879b-1eb7e3245556",
        "Title": "home natural landscape awesome sunset mountain natural pics",
        "MediaUrl": "http://www.newhdwallpapers.in/wp-content/uploads/2015/07/Awesome-Sunset-Mountain-Natural-Pics.jpg",
        "SourceUrl": "http://www.newhdwallpapers.in/natural-landscape/awesome-sunset-mountain-natural-pics/",
        "DisplayUrl": "www.newhdwallpapers.in/natural-landscape/awesome-sunset-mountain...",
        "Width": "3840",
        "Height": "2160",
        "FileSize": "1072581",
        "ContentType": "jpeg",
        "Thumbnail": {
          "__metadata": {
            "type": "Bing.Thumbnail"
          },
          "MediaUrl": "http://ts3.mm.bing.net/th?id=OIP.Ma6ae2408f3cfce318a17a36a706117b2o0&pid=15.1",
          "ContentType": "jpg",
          "Width": "300",
          "Height": "168",
          "FileSize": "4354"
        }
      },
      {
        "__metadata": {
          "uri": "https://api.datamarket.azure.com/Data.ashx/Bing/Search/Image?Query='natural mountain'&$skip=42&$top=1",
          "type": "ImageResult"
        },
        "ID": "19185e6f-b632-4528-87b9-20ded34c98b3",
        "Title": "Lake Mountain Scenery Wallpapers | HD Wallpapers",
        "MediaUrl": "http://www.hdwallpapers.in/walls/lake_mountain_scenery-wide.jpg",
        "SourceUrl": "http://www.hdwallpapers.in/lake_mountain_scenery-wallpapers.html",
        "DisplayUrl": "www.hdwallpapers.in/lake_mountain_scenery-wallpapers.html",
        "Width": "2560",
        "Height": "1600",
        "FileSize": "2115687",
        "ContentType": "jpeg",
        "Thumbnail": {
          "__metadata": {
            "type": "Bing.Thumbnail"
          },
          "MediaUrl": "http://ts2.mm.bing.net/th?id=OIP.M747d64ac6baaafd21093786510e313ddH0&pid=15.1",
          "ContentType": "jpg",
          "Width": "300",
          "Height": "187",
          "FileSize": "17515"
        }
      },
      {
        "__metadata": {
          "uri": "https://api.datamarket.azure.com/Data.ashx/Bing/Search/Image?Query='natural mountain'&$skip=43&$top=1",
          "type": "ImageResult"
        },
        "ID": "fe35d476-dc45-43fc-babc-f50f9b1cd872",
        "Title": "Undated file photo shows the scenery of the Sanqingshan Mountains in ...",
        "MediaUrl": "http://news.xinhuanet.com/english/2007-10/23/xinsrc_1421004232149328904745.jpg",
        "SourceUrl": "http://news.xinhuanet.com/english/2007-10/23/content_6931128.htm",
        "DisplayUrl": "news.xinhuanet.com/english/2007-10/23/content_6931128.htm",
        "Width": "450",
        "Height": "327",
        "FileSize": "50305",
        "ContentType": "jpeg",
        "Thumbnail": {
          "__metadata": {
            "type": "Bing.Thumbnail"
          },
          "MediaUrl": "http://ts2.mm.bing.net/th?id=OIP.M6a5bb67d82caabed32ebe61a94fe5120o0&pid=15.1",
          "ContentType": "jpg",
          "Width": "300",
          "Height": "218",
          "FileSize": "12552"
        }
      },
      {
        "__metadata": {
          "uri": "https://api.datamarket.azure.com/Data.ashx/Bing/Search/Image?Query='natural mountain'&$skip=44&$top=1",
          "type": "ImageResult"
        },
        "ID": "79d97d24-3abd-4a12-94b4-0aa1a4400453",
        "Title": "Beautiful Flowers Scenery | Free Wallpaper World",
        "MediaUrl": "http://74211.com/wallpaper/picture_big/The-Scene-of-Alps-Mountain-See-Both-Summer-and-Winter-Time-What-a-Rarely-Seen-and-Beautiful-Scene-HD-Natural-Scenery-Wallpaper.jpg",
        "SourceUrl": "http://www.74211.com/tag/beautiful-flowers-scenery/",
        "DisplayUrl": "www.74211.com/tag/beautiful-flowers-scenery",
        "Width": "1920",
        "Height": "1200",
        "FileSize": "1326271",
        "ContentType": "jpeg",
        "Thumbnail": {
          "__metadata": {
            "type": "Bing.Thumbnail"
          },
          "MediaUrl": "http://ts1.mm.bing.net/th?id=OIP.M64e0834ec33011d993204ef426921575H0&pid=15.1",
          "ContentType": "jpg",
          "Width": "300",
          "Height": "187",
          "FileSize": "22343"
        }
      },
      {
        "__metadata": {
          "uri": "https://api.datamarket.azure.com/Data.ashx/Bing/Search/Image?Query='natural mountain'&$skip=45&$top=1",
          "type": "ImageResult"
        },
        "ID": "6628a506-ed28-469a-bdca-c69b63147a97",
        "Title": "Desktop Wallpapers » Natural Backgrounds » Mountain Sun » www ...",
        "MediaUrl": "http://www.desktopdress.com/desktopwallpapers/natural/mountain-sun.jpg",
        "SourceUrl": "http://www.desktopdress.com/desktop-wallpapers/natural-pictures/mountain-sun",
        "DisplayUrl": "www.desktopdress.com/desktop-wallpapers/natural-pictures/mountain-sun",
        "Width": "1024",
        "Height": "768",
        "FileSize": "178635",
        "ContentType": "jpeg",
        "Thumbnail": {
          "__metadata": {
            "type": "Bing.Thumbnail"
          },
          "MediaUrl": "http://ts3.mm.bing.net/th?id=OIP.M5a4d1232b53efa03d5b3d736767a5d82o0&pid=15.1",
          "ContentType": "jpg",
          "Width": "300",
          "Height": "225",
          "FileSize": "13844"
        }
      },
      {
        "__metadata": {
          "uri": "https://api.datamarket.azure.com/Data.ashx/Bing/Search/Image?Query='natural mountain'&$skip=46&$top=1",
          "type": "ImageResult"
        },
        "ID": "b580f437-e3e4-4d1e-9e0d-23e5168642d8",
        "Title": "Probably the most iconic natural sight in Washington State, Mount ...",
        "MediaUrl": "http://wilderness150.files.wordpress.com/2010/03/mount-rainier.jpg",
        "SourceUrl": "http://www.aussieontheroad.com/pacific-northwest/",
        "DisplayUrl": "www.aussieontheroad.com/pacific-northwest",
        "Width": "1024",
        "Height": "768",
        "FileSize": "144290",
        "ContentType": "jpeg",
        "Thumbnail": {
          "__metadata": {
            "type": "Bing.Thumbnail"
          },
          "MediaUrl": "http://ts3.mm.bing.net/th?id=OIP.Mdf0e1fe1673c148817eb1d0f9baaba3fo0&pid=15.1",
          "ContentType": "jpg",
          "Width": "300",
          "Height": "225",
          "FileSize": "16916"
        }
      },
      {
        "__metadata": {
          "uri": "https://api.datamarket.azure.com/Data.ashx/Bing/Search/Image?Query='natural mountain'&$skip=47&$top=1",
          "type": "ImageResult"
        },
        "ID": "3d45a0d1-3e36-4345-911e-db1afa4c137d",
        "Title": "Natural Mountain With Red Rodeno Stone Royalty Free Stock Image ...",
        "MediaUrl": "http://thumbs.dreamstime.com/z/natural-mountain-red-rodeno-stone-12751406.jpg",
        "SourceUrl": "http://dreamstime.com/royalty-free-stock-image-natural-mountain-red-rodeno-stone-image12751406",
        "DisplayUrl": "dreamstime.com/royalty-free-stock-image-natural-mountain-red-rodeno...",
        "Width": "955",
        "Height": "1300",
        "FileSize": "274116",
        "ContentType": "jpeg",
        "Thumbnail": {
          "__metadata": {
            "type": "Bing.Thumbnail"
          },
          "MediaUrl": "http://ts1.mm.bing.net/th?id=OIP.Me950f9990a17c1066f2521d16323031eo0&pid=15.1",
          "ContentType": "jpg",
          "Width": "220",
          "Height": "300",
          "FileSize": "21278"
        }
      },
      {
        "__metadata": {
          "uri": "https://api.datamarket.azure.com/Data.ashx/Bing/Search/Image?Query='natural mountain'&$skip=48&$top=1",
          "type": "ImageResult"
        },
        "ID": "6d33f2e5-896b-4962-b535-bb869125810e",
        "Title": "home natural landscape sun winter mountains natural pics",
        "MediaUrl": "http://www.newhdwallpapers.in/wp-content/uploads/2015/07/Sun-Winter-Mountains-Natural-Pics.jpg",
        "SourceUrl": "http://www.newhdwallpapers.in/natural-landscape/sun-winter-mountains-natural-pics/",
        "DisplayUrl": "www.newhdwallpapers.in/natural-landscape/sun-winter-mountains...",
        "Width": "2560",
        "Height": "1600",
        "FileSize": "1354847",
        "ContentType": "jpeg",
        "Thumbnail": {
          "__metadata": {
            "type": "Bing.Thumbnail"
          },
          "MediaUrl": "http://ts4.mm.bing.net/th?id=OIP.M84007f26fc418be5b66e85958685b6f6o0&pid=15.1",
          "ContentType": "jpg",
          "Width": "300",
          "Height": "187",
          "FileSize": "11537"
        }
      },
      {
        "__metadata": {
          "uri": "https://api.datamarket.azure.com/Data.ashx/Bing/Search/Image?Query='natural mountain'&$skip=49&$top=1",
          "type": "ImageResult"
        },
        "ID": "fdcbd10e-f331-468b-bdbc-b63ad89638a4",
        "Title": "North Georgia Mountain Homes in Blairsville Golf Course Community ...",
        "MediaUrl": "http://www.atlantarealestateforum.com/wp-content/photos/2008/12/sunset-up-topsmall.jpg",
        "SourceUrl": "http://www.atlantarealestateforum.com/enjoy-natural-beauty-and-active-lifestyle-at-owen-glen-8021/",
        "DisplayUrl": "www.atlantarealestateforum.com/enjoy-natural-beauty-and-active...",
        "Width": "900",
        "Height": "598",
        "FileSize": "623403",
        "ContentType": "jpeg",
        "Thumbnail": {
          "__metadata": {
            "type": "Bing.Thumbnail"
          },
          "MediaUrl": "http://ts4.mm.bing.net/th?id=OIP.M69a917bb1d0e0ba3da5d121236ecf131o0&pid=15.1",
          "ContentType": "jpg",
          "Width": "300",
          "Height": "199",
          "FileSize": "14308"
        }
      }
    ],
    "__next": "https://api.datamarket.azure.com/Data.ashx/Bing/Search/Image?Query='natural%20mountain'&$skip=50&$top=50"
  }
}