{
  "d": {
    "results": [
      {
        "__metadata": {
          "uri": "https://api.datamarket.azure.com/Data.ashx/Bing/Search/Image?Query='natural rivers photo'&$skip=0&$top=1",
          "type": "ImageResult"
        },
        "ID": "e327a16b-c5cf-4584-81d5-49fd7935e2a5",
        "Title": "... river mt rainier national park washington mackenzie river north",
        "MediaUrl": "http://1.bp.blogspot.com/-6ho_NV3uuRQ/T5Ku1jRJuHI/AAAAAAAAEaE/Se1LdrSiEpY/s1600/mystic-rivers-3.jpg",
        "SourceUrl": "http://bellicisme-pictures.blogspot.com/2012/04/mystic-natural-rivers.html",
        "DisplayUrl": "bellicisme-pictures.blogspot.com/2012/04/mystic-natural-rivers.html",
        "Width": "1600",
        "Height": "1200",
        "FileSize": "535899",
        "ContentType": "jpeg",
        "Thumbnail": {
          "__metadata": {
            "type": "Bing.Thumbnail"
          },
          "MediaUrl": "http://ts1.mm.bing.net/th?id=OIP.Mb730cfe968e6203136cb56e3679345d7o0&pid=15.1",
          "ContentType": "jpg",
          "Width": "300",
          "Height": "225",
          "FileSize": "25037"
        }
      },
      {
        "__metadata": {
          "uri": "https://api.datamarket.azure.com/Data.ashx/Bing/Search/Image?Query='natural rivers photo'&$skip=1&$top=1",
          "type": "ImageResult"
        },
        "ID": "f481389c-4ffb-4579-832b-6852bf2343d3",
        "Title": "Nature Forest River Wallpaper Wallpaper with 1024x768 Resolution",
        "MediaUrl": "http://wallpaperlepi.com/wp-content/uploads/2014/08/Nature-Forest-River-Wallpaper.jpg",
        "SourceUrl": "http://wallpaperlepi.com/downloadsites/nature-forest-river-wallpaper.html",
        "DisplayUrl": "wallpaperlepi.com/downloadsites/nature-forest-river-wallpaper.html",
        "Width": "1024",
        "Height": "768",
        "FileSize": "380334",
        "ContentType": "jpeg",
        "Thumbnail": {
          "__metadata": {
            "type": "Bing.Thumbnail"
          },
          "MediaUrl": "http://ts1.mm.bing.net/th?id=OIP.M98b12f872b603ad45b8bfd480a49fa8co0&pid=15.1",
          "ContentType": "jpg",
          "Width": "300",
          "Height": "225",
          "FileSize": "25364"
        }
      },
      {
        "__metadata": {
          "uri": "https://api.datamarket.azure.com/Data.ashx/Bing/Search/Image?Query='natural rivers photo'&$skip=2&$top=1",
          "type": "ImageResult"
        },
        "ID": "0fb9f1cb-ae9e-499e-9c8b-fa400ecb794e",
        "Title": "Lakes Wallpapers Rivers Wallpapers ~ Desktop Wallpapers",
        "MediaUrl": "http://4.bp.blogspot.com/-R6KVX6EoiS0/Te95Mh8riPI/AAAAAAAAALk/hseoB7PeRro/s1600/lakes-and-rivers-4desktopwallpapers.blogspot.com7.jpg",
        "SourceUrl": "http://4desktopwallpapers.blogspot.com/2011/06/lakes-wallpapers-rivers-wallpapers.html",
        "DisplayUrl": "4desktopwallpapers.blogspot.com/2011/06/lakes-wallpapers-rivers...",
        "Width": "1024",
        "Height": "768",
        "FileSize": "156189",
        "ContentType": "jpeg",
        "Thumbnail": {
          "__metadata": {
            "type": "Bing.Thumbnail"
          },
          "MediaUrl": "http://ts4.mm.bing.net/th?id=OIP.M10bb5f2a7e40db5f4569ad482674eee5o0&pid=15.1",
          "ContentType": "jpg",
          "Width": "300",
          "Height": "225",
          "FileSize": "14770"
        }
      },
      {
        "__metadata": {
          "uri": "https://api.datamarket.azure.com/Data.ashx/Bing/Search/Image?Query='natural rivers photo'&$skip=3&$top=1",
          "type": "ImageResult"
        },
        "ID": "cd7bac16-bb64-4940-8eb2-5bca36d48aeb",
        "Title": "Beautiful Nature Rivers - Photo 37 of 40 | phombo.com",
        "MediaUrl": "http://img.phombo.com/img1/photocombo/797/Beautiful_Nature_River_Wallpapers-37.jpg",
        "SourceUrl": "http://phombo.com/travel-culture/beautiful-nature-rivers/64880/full/popular",
        "DisplayUrl": "phombo.com/travel-culture/beautiful-nature-rivers/64880/full/popular",
        "Width": "1600",
        "Height": "1200",
        "FileSize": "732093",
        "ContentType": "jpeg",
        "Thumbnail": {
          "__metadata": {
            "type": "Bing.Thumbnail"
          },
          "MediaUrl": "http://ts1.mm.bing.net/th?id=OIP.M3f2b835d23605a44d65a1241e79ab9cdo0&pid=15.1",
          "ContentType": "jpg",
          "Width": "300",
          "Height": "225",
          "FileSize": "18157"
        }
      },
      {
        "__metadata": {
          "uri": "https://api.datamarket.azure.com/Data.ashx/Bing/Search/Image?Query='natural rivers photo'&$skip=4&$top=1",
          "type": "ImageResult"
        },
        "ID": "5272447b-57f4-4126-8ffe-a81a6c0afc24",
        "Title": "Beautiful Nature Rivers - Photo 27 of 40 | phombo.com",
        "MediaUrl": "http://img.phombo.com/img1/photocombo/797/Beautiful_Nature_River_Wallpapers-27.jpg",
        "SourceUrl": "http://phombo.com/travel-culture/beautiful-nature-rivers/64870/full/popular",
        "DisplayUrl": "phombo.com/travel-culture/beautiful-nature-rivers/64870/full/popular",
        "Width": "1603",
        "Height": "1200",
        "FileSize": "865174",
        "ContentType": "jpeg",
        "Thumbnail": {
          "__metadata": {
            "type": "Bing.Thumbnail"
          },
          "MediaUrl": "http://ts4.mm.bing.net/th?id=OIP.Md48fc6213f6d0e2632d5a59ccd492840o0&pid=15.1",
          "ContentType": "jpg",
          "Width": "300",
          "Height": "224",
          "FileSize": "26770"
        }
      },
      {
        "__metadata": {
          "uri": "https://api.datamarket.azure.com/Data.ashx/Bing/Search/Image?Query='natural rivers photo'&$skip=5&$top=1",
          "type": "ImageResult"
        },
        "ID": "f3a73183-a03c-4183-b00a-e8878addf8cb",
        "Title": "Nature hd pictures background new 2013 free download ~ Fine HD ...",
        "MediaUrl": "http://2.bp.blogspot.com/-SoH9wvOCwfM/URd1Kwfgp2I/AAAAAAAAKt0/9WRC1LC9dFc/s1600/animated+natural+river+jungle+hd+wallpapers.jpg",
        "SourceUrl": "http://finehdwallpapers.blogspot.com/2013/02/nature-hd-pictures-background-new-2013.html",
        "DisplayUrl": "finehdwallpapers.blogspot.com/2013/02/nature-hd-pictures-background...",
        "Width": "1600",
        "Height": "1200",
        "FileSize": "1638407",
        "ContentType": "jpeg",
        "Thumbnail": {
          "__metadata": {
            "type": "Bing.Thumbnail"
          },
          "MediaUrl": "http://ts1.mm.bing.net/th?id=OIP.Mfc43472745db3a0c91a102dc23187436H0&pid=15.1",
          "ContentType": "jpg",
          "Width": "300",
          "Height": "225",
          "FileSize": "17010"
        }
      },
      {
        "__metadata": {
          "uri": "https://api.datamarket.azure.com/Data.ashx/Bing/Search/Image?Query='natural rivers photo'&$skip=6&$top=1",
          "type": "ImageResult"
        },
        "ID": "c5b6bee4-e76b-49ca-8c31-a0f3fd3b4b75",
        "Title": "River Picture – Landscape Wallpaper - National Geographic Photo ...",
        "MediaUrl": "http://images.nationalgeographic.com/wpf/media-live/photos/000/427/custom/42710_1600x1200-wallpaper-cb1332773480.jpg",
        "SourceUrl": "http://photography.nationalgeographic.com/photography/photo-of-the-day/owyhee-river-idaho/",
        "DisplayUrl": "photography.nationalgeographic.com/photography/photo-of-the-day...",
        "Width": "1600",
        "Height": "1200",
        "FileSize": "1184927",
        "ContentType": "jpeg",
        "Thumbnail": {
          "__metadata": {
            "type": "Bing.Thumbnail"
          },
          "MediaUrl": "http://ts3.mm.bing.net/th?id=OIP.M49349a51bd780743ca0ed90f324f2834o0&pid=15.1",
          "ContentType": "jpg",
          "Width": "300",
          "Height": "225",
          "FileSize": "15221"
        }
      },
      {
        "__metadata": {
          "uri": "https://api.datamarket.azure.com/Data.ashx/Bing/Search/Image?Query='natural rivers photo'&$skip=7&$top=1",
          "type": "ImageResult"
        },
        "ID": "6e4bafb3-2e66-4ea3-82d8-86dc8fddd88f",
        "Title": "Beautiful River wallpapers | Beautiful River nature wallpapers | River ...",
        "MediaUrl": "http://4.bp.blogspot.com/-jZwrtn0X_nY/UGamcuxeocI/AAAAAAAAAWM/xrc-X5wr80A/s1600/waterfall-wallpaper_171511-1920x1080.jpg",
        "SourceUrl": "http://natural-hd-wallpapers.blogspot.com/2012/09/beautiful-river-wallpapers-beautiful.html",
        "DisplayUrl": "natural-hd-wallpapers.blogspot.com/2012/09/beautiful-river...",
        "Width": "1600",
        "Height": "900",
        "FileSize": "504367",
        "ContentType": "jpeg",
        "Thumbnail": {
          "__metadata": {
            "type": "Bing.Thumbnail"
          },
          "MediaUrl": "http://ts4.mm.bing.net/th?id=OIP.Md49aa91c4926ea1508c81ca5fdd01bf7H0&pid=15.1",
          "ContentType": "jpg",
          "Width": "300",
          "Height": "168",
          "FileSize": "11467"
        }
      },
      {
        "__metadata": {
          "uri": "https://api.datamarket.azure.com/Data.ashx/Bing/Search/Image?Query='natural rivers photo'&$skip=8&$top=1",
          "type": "ImageResult"
        },
        "ID": "268cacfd-f645-4b5e-8d42-9a74bfaf53bf",
        "Title": "Along The Saliencia River Somiedo Natural Park Asturias Spain - Nature ...",
        "MediaUrl": "http://ayay.co.uk/backgrounds/nature/rivers_and_streams/Beech-Trees-Along-the-Saliencia-River-Somiedo-Natural-Park-Asturias-Spain.jpg",
        "SourceUrl": "http://ayay.co.uk/background/nature/rivers_and_streams/Beech-Trees-Along-the-Saliencia-River-Somiedo-Natural-Park-Asturias-Spain/",
        "DisplayUrl": "ayay.co.uk/background/nature/rivers_and_streams/Beech-Trees-Along...",
        "Width": "1600",
        "Height": "1200",
        "FileSize": "676491",
        "ContentType": "jpeg",
        "Thumbnail": {
          "__metadata": {
            "type": "Bing.Thumbnail"
          },
          "MediaUrl": "http://ts2.mm.bing.net/th?id=OIP.M532afb04814b6e9c06a93936dfde7e5do0&pid=15.1",
          "ContentType": "jpg",
          "Width": "300",
          "Height": "225",
          "FileSize": "27627"
        }
      },
      {
        "__metadata": {
          "uri": "https://api.datamarket.azure.com/Data.ashx/Bing/Search/Image?Query='natural rivers photo'&$skip=9&$top=1",
          "type": "ImageResult"
        },
        "ID": "3155d0d5-a4a4-43ef-96ca-f77929d51b97",
        "Title": "nature lake landscape reflection fog mountain ice river tree ultrahd ...",
        "MediaUrl": "http://www.wallpaperup.com/uploads/wallpapers/2013/12/27/206038/d5ce192b19217a146f67e72d8a786685.jpg",
        "SourceUrl": "http://www.wallpaperup.com/206038/nature_lake_landscape_reflection_fog_mountain_ice_river_tree_ultrahd_4k_wallpaper.html",
        "DisplayUrl": "www.wallpaperup.com/206038/nature_lake_landscape_reflection_fog...",
        "Width": "1920",
        "Height": "1200",
        "FileSize": "1248480",
        "ContentType": "jpeg",
        "Thumbnail": {
          "__metadata": {
            "type": "Bing.Thumbnail"
          },
          "MediaUrl": "http://ts3.mm.bing.net/th?id=OIP.Mdd0861ca43482f64d36d26f8fb3ba8ffo0&pid=15.1",
          "ContentType": "jpg",
          "Width": "300",
          "Height": "187",
          "FileSize": "22109"
        }
      },
      {
        "__metadata": {
          "uri": "https://api.datamarket.azure.com/Data.ashx/Bing/Search/Image?Query='natural rivers photo'&$skip=10&$top=1",
          "type": "ImageResult"
        },
        "ID": "3ac867c8-d594-4084-8e35-d0b24bf3501a",
        "Title": "River Nature Wallpapers HD Pictures | One HD Wallpaper Pictures ...",
        "MediaUrl": "http://onehdwallpaper.com/wp-content/uploads/2015/08/Beautiful-River-View-HD-Wallpapers.jpeg",
        "SourceUrl": "http://onehdwallpaper.com/river-nature-wallpapers-hd-pictures/",
        "DisplayUrl": "onehdwallpaper.com/river-nature-wallpapers-hd-pictures",
        "Width": "1600",
        "Height": "900",
        "FileSize": "507584",
        "ContentType": "jpeg",
        "Thumbnail": {
          "__metadata": {
            "type": "Bing.Thumbnail"
          },
          "MediaUrl": "http://ts1.mm.bing.net/th?id=OIP.M3a492bfb72514d826cdea1de4a66bff0o0&pid=15.1",
          "ContentType": "jpg",
          "Width": "300",
          "Height": "168",
          "FileSize": "14732"
        }
      },
      {
        "__metadata": {
          "uri": "https://api.datamarket.azure.com/Data.ashx/Bing/Search/Image?Query='natural rivers photo'&$skip=11&$top=1",
          "type": "ImageResult"
        },
        "ID": "ce7d0fe3-92e8-4360-a3a9-5c8fff419d89",
        "Title": "Saluda River Roots: 79 Reasons to Preserve the NATURAL River Flow",
        "MediaUrl": "http://1.bp.blogspot.com/-3s1rTdEam_w/TlD_OjKcPOI/AAAAAAAAAHo/VkY22mg3Pg0/s1600/SSaluda_5517.JPG",
        "SourceUrl": "http://www.saludariverroots.com/2011/06/79-reasons-to-preserve-natural-river.html",
        "DisplayUrl": "www.saludariverroots.com/2011/06/79-reasons-to-preserve-natural...",
        "Width": "1196",
        "Height": "874",
        "FileSize": "286919",
        "ContentType": "jpeg",
        "Thumbnail": {
          "__metadata": {
            "type": "Bing.Thumbnail"
          },
          "MediaUrl": "http://ts2.mm.bing.net/th?id=OIP.M922d11230687bec991ed5795d46b331cH0&pid=15.1",
          "ContentType": "jpg",
          "Width": "300",
          "Height": "219",
          "FileSize": "21259"
        }
      },
      {
        "__metadata": {
          "uri": "https://api.datamarket.azure.com/Data.ashx/Bing/Search/Image?Query='natural rivers photo'&$skip=12&$top=1",
          "type": "ImageResult"
        },
        "ID": "02489ed6-e581-4a4b-ad82-d204bed4427b",
        "Title": "Home » Nature »Beautiful small waterfall in the forest HD Desktop ...",
        "MediaUrl": "http://www.wsllpaper.com/wp-content/uploads/2013/12/beautiful-small-waterfall-in-the-forest-hd-desktop-wallpaper.jpg",
        "SourceUrl": "http://www.wsllpaper.com/beautiful-small-waterfall-in-the-forest-hd-desktop-wallpaper.html",
        "DisplayUrl": "www.wsllpaper.com/beautiful-small-waterfall-in-the-forest-hd...",
        "Width": "1680",
        "Height": "1050",
        "FileSize": "1239531",
        "ContentType": "jpeg",
        "Thumbnail": {
          "__metadata": {
            "type": "Bing.Thumbnail"
          },
          "MediaUrl": "http://ts4.mm.bing.net/th?id=OIP.M6e051007ce5c6ea69448ba3763ecde70H0&pid=15.1",
          "ContentType": "jpg",
          "Width": "300",
          "Height": "187",
          "FileSize": "20700"
        }
      },
      {
        "__metadata": {
          "uri": "https://api.datamarket.azure.com/Data.ashx/Bing/Search/Image?Query='natural rivers photo'&$skip=13&$top=1",
          "type": "ImageResult"
        },
        "ID": "3514462b-8bee-4804-9a8c-95dd2d6f8596",
        "Title": "Rivers | Free Desktop Wallpapers for HD, Widescreen and Mobile",
        "MediaUrl": "http://www.thewallpapers.org/photo/67546/Beautiful-Nature-River-116.jpg",
        "SourceUrl": "http://www.thewallpapers.org/1785/nature/rivers",
        "DisplayUrl": "www.thewallpapers.org/1785/nature/rivers",
        "Width": "2560",
        "Height": "1920",
        "FileSize": "1371102",
        "ContentType": "jpeg",
        "Thumbnail": {
          "__metadata": {
            "type": "Bing.Thumbnail"
          },
          "MediaUrl": "http://ts4.mm.bing.net/th?id=OIP.Mbe6e80aa3b430525f849ed1b98260fbao0&pid=15.1",
          "ContentType": "jpg",
          "Width": "300",
          "Height": "225",
          "FileSize": "12018"
        }
      },
      {
        "__metadata": {
          "uri": "https://api.datamarket.azure.com/Data.ashx/Bing/Search/Image?Query='natural rivers photo'&$skip=14&$top=1",
          "type": "ImageResult"
        },
        "ID": "dfd89e67-2e9a-4c74-b083-3be37dae0b63",
        "Title": "Beautiful Nature Rivers - Photo 7 of 40 | phombo.com",
        "MediaUrl": "http://img.phombo.com/img1/photocombo/797/Beautiful_Nature_River_Wallpapers-6.jpg",
        "SourceUrl": "http://phombo.com/travel-culture/beautiful-nature-rivers/64849/full",
        "DisplayUrl": "phombo.com/travel-culture/beautiful-nature-rivers/64849/full",
        "Width": "1600",
        "Height": "1200",
        "FileSize": "700300",
        "ContentType": "jpeg",
        "Thumbnail": {
          "__metadata": {
            "type": "Bing.Thumbnail"
          },
          "MediaUrl": "http://ts2.mm.bing.net/th?id=OIP.M8ffdc91154237b2a4113ce254ab04cdbo0&pid=15.1",
          "ContentType": "jpg",
          "Width": "300",
          "Height": "225",
          "FileSize": "24484"
        }
      },
      {
        "__metadata": {
          "uri": "https://api.datamarket.azure.com/Data.ashx/Bing/Search/Image?Query='natural rivers photo'&$skip=15&$top=1",
          "type": "ImageResult"
        },
        "ID": "0762ebb0-f1a1-4e2c-bade-a3e641c248a1",
        "Title": "Landscape with calm river / 1920 x 1200 / Landscape / Photography ...",
        "MediaUrl": "http://miriadna.com/desctopwalls/images/max/Landscape-with-calm-river.jpg",
        "SourceUrl": "http://miriadna.com/preview/landscape-with-calm-river",
        "DisplayUrl": "miriadna.com/preview/landscape-with-calm-river",
        "Width": "1920",
        "Height": "1200",
        "FileSize": "801565",
        "ContentType": "jpeg",
        "Thumbnail": {
          "__metadata": {
            "type": "Bing.Thumbnail"
          },
          "MediaUrl": "http://ts2.mm.bing.net/th?id=OIP.Me3535ac6626878140a2ba3fcc17ada23H0&pid=15.1",
          "ContentType": "jpg",
          "Width": "300",
          "Height": "187",
          "FileSize": "14477"
        }
      },
      {
        "__metadata": {
          "uri": "https://api.datamarket.azure.com/Data.ashx/Bing/Search/Image?Query='natural rivers photo'&$skip=16&$top=1",
          "type": "ImageResult"
        },
        "ID": "fb00b72a-4fce-4847-90ee-97ff70b7a44d",
        "Title": "Forest River Wallpaper Rivers Nature Wallpapers in jpg format for free ...",
        "MediaUrl": "http://images.all-free-download.com/images/wallpapers_large/forest_river_wallpaper_rivers_nature_wallpaper_1404.jpg",
        "SourceUrl": "http://all-free-download.com/wallpapers/download/forest_river_wallpaper_rivers_nature_wallpaper_1404.html",
        "DisplayUrl": "all-free-download.com/wallpapers/download/forest_river_wallpaper...",
        "Width": "425",
        "Height": "318",
        "FileSize": "146672",
        "ContentType": "jpeg",
        "Thumbnail": {
          "__metadata": {
            "type": "Bing.Thumbnail"
          },
          "MediaUrl": "http://ts2.mm.bing.net/th?id=OIP.M131f090e3d48588eb09497566287964eo0&pid=15.1",
          "ContentType": "jpg",
          "Width": "300",
          "Height": "224",
          "FileSize": "18940"
        }
      },
      {
        "__metadata": {
          "uri": "https://api.datamarket.azure.com/Data.ashx/Bing/Search/Image?Query='natural rivers photo'&$skip=17&$top=1",
          "type": "ImageResult"
        },
        "ID": "c7bcb286-c457-473f-ab95-490238ed4ea9",
        "Title": "Endangered New Jersey: Preserving Land To Preserve Rivers",
        "MediaUrl": "http://www.pequannockriver.org/pics/river1.JPG",
        "SourceUrl": "http://endangerednj.blogspot.com/2013/02/preserving-land-to-preserve-rivers.html",
        "DisplayUrl": "endangerednj.blogspot.com/2013/02/preserving-land-to-preserve...",
        "Width": "1600",
        "Height": "1045",
        "FileSize": "1017464",
        "ContentType": "jpeg",
        "Thumbnail": {
          "__metadata": {
            "type": "Bing.Thumbnail"
          },
          "MediaUrl": "http://ts2.mm.bing.net/th?id=OIP.Mde19e8e8918617a8462c2c9c3f69c7e5H0&pid=15.1",
          "ContentType": "jpg",
          "Width": "300",
          "Height": "195",
          "FileSize": "13495"
        }
      },
      {
        "__metadata": {
          "uri": "https://api.datamarket.azure.com/Data.ashx/Bing/Search/Image?Query='natural rivers photo'&$skip=18&$top=1",
          "type": "ImageResult"
        },
        "ID": "7310ca03-de93-4602-a744-e5bc3b25cf6b",
        "Title": "Beautiful Summer Scenery - Photo 344 of 413 | phombo.com",
        "MediaUrl": "http://img.phombo.com/img1/photocombo/1635577/River-Forest-Natural-Scenery.jpg",
        "SourceUrl": "http://phombo.com/nature/beautiful-summer-scenery/1019423/full",
        "DisplayUrl": "phombo.com/nature/beautiful-summer-scenery/1019423/full",
        "Width": "1920",
        "Height": "1080",
        "FileSize": "440015",
        "ContentType": "jpeg",
        "Thumbnail": {
          "__metadata": {
            "type": "Bing.Thumbnail"
          },
          "MediaUrl": "http://ts2.mm.bing.net/th?id=OIP.M8efaf1f9e21f2a312623e0f3e814ba81o0&pid=15.1",
          "ContentType": "jpg",
          "Width": "300",
          "Height": "168",
          "FileSize": "13529"
        }
      },
      {
        "__metadata": {
          "uri": "https://api.datamarket.azure.com/Data.ashx/Bing/Search/Image?Query='natural rivers photo'&$skip=19&$top=1",
          "type": "ImageResult"
        },
        "ID": "31013215-e05b-4c32-9a93-cc43f7169df7",
        "Title": "or relax and enjoy our Three Rivers and natural river pools .",
        "MediaUrl": "http://3riversdominica.com/_pictures/3rivers_pond.jpg",
        "SourceUrl": "http://www.3riversdominica.com/",
        "DisplayUrl": "www.3riversdominica.com",
        "Width": "400",
        "Height": "300",
        "FileSize": "92191",
        "ContentType": "jpeg",
        "Thumbnail": {
          "__metadata": {
            "type": "Bing.Thumbnail"
          },
          "MediaUrl": "http://ts4.mm.bing.net/th?id=OIP.M2e2914e2ec0796905f12f0887718d7b7H0&pid=15.1",
          "ContentType": "jpg",
          "Width": "300",
          "Height": "225",
          "FileSize": "17779"
        }
      },
      {
        "__metadata": {
          "uri": "https://api.datamarket.azure.com/Data.ashx/Bing/Search/Image?Query='natural rivers photo'&$skip=20&$top=1",
          "type": "ImageResult"
        },
        "ID": "f2154068-b2a7-4da7-9764-681b15db704f",
        "Title": "Desktop Wallpaper-s > Nature > Swirling Eddy, Clackamas River, Oregon",
        "MediaUrl": "http://wallpapers-diq.org/wallpapers/42/Swirling_Eddy%2C_Clackamas_River%2C_Oregon.jpg",
        "SourceUrl": "http://wallpaper-s.org/42__Swirling_Eddy,_Clackamas_River,_Oregon.htm",
        "DisplayUrl": "wallpaper-s.org/42__Swirling_Eddy,_Clackamas_River,_Oregon.htm",
        "Width": "1024",
        "Height": "768",
        "FileSize": "318588",
        "ContentType": "jpeg",
        "Thumbnail": {
          "__metadata": {
            "type": "Bing.Thumbnail"
          },
          "MediaUrl": "http://ts3.mm.bing.net/th?id=OIP.M5748e5bdb2fca98d6e02ad9c6f7ef24bo0&pid=15.1",
          "ContentType": "jpg",
          "Width": "300",
          "Height": "225",
          "FileSize": "19184"
        }
      },
      {
        "__metadata": {
          "uri": "https://api.datamarket.azure.com/Data.ashx/Bing/Search/Image?Query='natural rivers photo'&$skip=21&$top=1",
          "type": "ImageResult"
        },
        "ID": "20fed6dd-3bee-4019-b166-a59a452127a1",
        "Title": "Beautiful Awesome Lake Stream View HD Nature Wallpaper | HD Wallpapers ...",
        "MediaUrl": "http://www.ghulmil.com/wp-content/uploads/beautiful-awesome-lake-stream-view-wallpaper-44.jpg",
        "SourceUrl": "http://ghulmil.com/lakes-stream-view-nature-hd-wallpapers/beautiful-awesome-lake-stream-view-hd-nature-wallpaper-44",
        "DisplayUrl": "ghulmil.com/lakes-stream-view-nature-hd-wallpapers/beautiful...",
        "Width": "1920",
        "Height": "1080",
        "FileSize": "637106",
        "ContentType": "jpeg",
        "Thumbnail": {
          "__metadata": {
            "type": "Bing.Thumbnail"
          },
          "MediaUrl": "http://ts3.mm.bing.net/th?id=OIP.M37ae15cb78cd3c36079289848da33a49o0&pid=15.1",
          "ContentType": "jpg",
          "Width": "300",
          "Height": "168",
          "FileSize": "12169"
        }
      },
      {
        "__metadata": {
          "uri": "https://api.datamarket.azure.com/Data.ashx/Bing/Search/Image?Query='natural rivers photo'&$skip=22&$top=1",
          "type": "ImageResult"
        },
        "ID": "6794b9cc-6f4a-4b6e-b926-152650899006",
        "Title": "... River Circle Natural Background Wallpapers on this Natural Background",
        "MediaUrl": "http://1.bp.blogspot.com/-qX0Mhe3SMbs/UC90NsGInMI/AAAAAAAAAA4/0ggIBPJAtzY/s1600/natural-valley.jpg",
        "SourceUrl": "http://newnaturalwallpaper.blogspot.com/2012/09/cool-river-circle-natural-background.html",
        "DisplayUrl": "newnaturalwallpaper.blogspot.com/2012/09/cool-river-circle-natural...",
        "Width": "1024",
        "Height": "768",
        "FileSize": "247227",
        "ContentType": "jpeg",
        "Thumbnail": {
          "__metadata": {
            "type": "Bing.Thumbnail"
          },
          "MediaUrl": "http://ts1.mm.bing.net/th?id=OIP.Mc3c4a96a029ebbfd385062ddc688dee1o0&pid=15.1",
          "ContentType": "jpg",
          "Width": "300",
          "Height": "225",
          "FileSize": "30160"
        }
      },
      {
        "__metadata": {
          "uri": "https://api.datamarket.azure.com/Data.ashx/Bing/Search/Image?Query='natural rivers photo'&$skip=23&$top=1",
          "type": "ImageResult"
        },
        "ID": "b79a4bb6-b41d-4ece-b341-29cfc924befb",
        "Title": "Description: Rocky Mountain River Wallpaper is a hi res Wallpaper for ...",
        "MediaUrl": "http://wallpup.com/wp-content/uploads/2013/04/Rocky-Mountain-River-Wallpaper.jpg",
        "SourceUrl": "http://wallpup.com/wallpaper/rocky-mountain-river-wallpaper.html",
        "DisplayUrl": "wallpup.com/wallpaper/rocky-mountain-river-wallpaper.html",
        "Width": "1920",
        "Height": "1200",
        "FileSize": "977978",
        "ContentType": "jpeg",
        "Thumbnail": {
          "__metadata": {
            "type": "Bing.Thumbnail"
          },
          "MediaUrl": "http://ts4.mm.bing.net/th?id=OIP.Mb8bb654163f2cb3f4f4499186363b07aH0&pid=15.1",
          "ContentType": "jpg",
          "Width": "300",
          "Height": "187",
          "FileSize": "18914"
        }
      },
      {
        "__metadata": {
          "uri": "https://api.datamarket.azure.com/Data.ashx/Bing/Search/Image?Query='natural rivers photo'&$skip=24&$top=1",
          "type": "ImageResult"
        },
        "ID": "0f89e940-f2a0-4287-b6b5-962858f5f520",
        "Title": "Natural River Stock Photo - Image: 58700895",
        "MediaUrl": "http://thumbs.dreamstime.com/z/natural-river-sources-called-whitewater-rapids-orange-cat-ratchaburi-thailand-58700895.jpg",
        "SourceUrl": "http://www.dreamstime.com/stock-photo-natural-river-sources-called-whitewater-rapids-orange-cat-ratchaburi-thailand-image58700895",
        "DisplayUrl": "www.dreamstime.com/stock-photo-natural-river-sources-called...",
        "Width": "1300",
        "Height": "957",
        "FileSize": "304340",
        "ContentType": "jpeg",
        "Thumbnail": {
          "__metadata": {
            "type": "Bing.Thumbnail"
          },
          "MediaUrl": "http://ts4.mm.bing.net/th?id=OIP.M13b11661680c7470cfc0ea206e44a8c7o0&pid=15.1",
          "ContentType": "jpg",
          "Width": "300",
          "Height": "220",
          "FileSize": "19393"
        }
      },
      {
        "__metadata": {
          "uri": "https://api.datamarket.azure.com/Data.ashx/Bing/Search/Image?Query='natural rivers photo'&$skip=25&$top=1",
          "type": "ImageResult"
        },
        "ID": "bb5aa5f3-3d72-492d-a3c1-08c1a778099a",
        "Title": "Keep Going, blue, calm, forest, lake, mountain, nature, refl",
        "MediaUrl": "http://www.wallhd4.com/wp-content/uploads/2015/03/amazing-blue-river-nature-hd-32.jpeg",
        "SourceUrl": "http://www.wallhd4.com/amazing-blue-river-nature-hd",
        "DisplayUrl": "www.wallhd4.com/amazing-blue-river-nature-hd",
        "Width": "1920",
        "Height": "1080",
        "FileSize": "835663",
        "ContentType": "jpeg",
        "Thumbnail": {
          "__metadata": {
            "type": "Bing.Thumbnail"
          },
          "MediaUrl": "http://ts3.mm.bing.net/th?id=OIP.Me1272347550c6232eb309134db041ccao0&pid=15.1",
          "ContentType": "jpg",
          "Width": "300",
          "Height": "168",
          "FileSize": "20137"
        }
      },
      {
        "__metadata": {
          "uri": "https://api.datamarket.azure.com/Data.ashx/Bing/Search/Image?Query='natural rivers photo'&$skip=26&$top=1",
          "type": "ImageResult"
        },
        "ID": "d6a7d250-e10a-40dd-81d6-16f7d5a18e4a",
        "Title": "free green river nature wallpaper free green river nature background ...",
        "MediaUrl": "http://4.bp.blogspot.com/-HNnBYyMmlhI/TcVC8d7btAI/AAAAAAAAFRM/dPwN_N1hPx4/s1600/Green%2BRiver%2BNature%2BWallpaper.jpg",
        "SourceUrl": "http://free-beauty-wallpaper.blogspot.com/2011/05/green-river-nature-desktop.html",
        "DisplayUrl": "free-beauty-wallpaper.blogspot.com/2011/05/green-river-nature...",
        "Width": "1600",
        "Height": "1067",
        "FileSize": "373979",
        "ContentType": "jpeg",
        "Thumbnail": {
          "__metadata": {
            "type": "Bing.Thumbnail"
          },
          "MediaUrl": "http://ts3.mm.bing.net/th?id=OIP.Mdad8b9a4c9abde0a9262190209b4388dH0&pid=15.1",
          "ContentType": "jpg",
          "Width": "300",
          "Height": "200",
          "FileSize": "20770"
        }
      },
      {
        "__metadata": {
          "uri": "https://api.datamarket.azure.com/Data.ashx/Bing/Search/Image?Query='natural rivers photo'&$skip=27&$top=1",
          "type": "ImageResult"
        },
        "ID": "8c6f3c02-ec06-4a56-8067-dd26a0b33f15",
        "Title": "Caño Cristales – Colombia | Bored Panda",
        "MediaUrl": "http://static.boredpanda.com/blog/wp-content/uploads/2015/05/Cano-Cristales-en-el-sector-El-Tapete__880.jpg",
        "SourceUrl": "http://boredpanda.com/cano-cristales-colombia",
        "DisplayUrl": "boredpanda.com/cano-cristales-colombia",
        "Width": "880",
        "Height": "1322",
        "FileSize": "442320",
        "ContentType": "jpeg",
        "Thumbnail": {
          "__metadata": {
            "type": "Bing.Thumbnail"
          },
          "MediaUrl": "http://ts3.mm.bing.net/th?id=OIP.M756a89eb28a9923b0dddaef5e8cc9c16o0&pid=15.1",
          "ContentType": "jpg",
          "Width": "199",
          "Height": "300",
          "FileSize": "20295"
        }
      },
      {
        "__metadata": {
          "uri": "https://api.datamarket.azure.com/Data.ashx/Bing/Search/Image?Query='natural rivers photo'&$skip=28&$top=1",
          "type": "ImageResult"
        },
        "ID": "481fa719-b4f8-4b85-985c-3337a14fdb48",
        "Title": "Full HD Size Nature Wallpapers Free Downloads Full HD High Res Nature ...",
        "MediaUrl": "http://1.bp.blogspot.com/-o_PsQK81qws/UkPvl5evxJI/AAAAAAAAA48/MT2Di3zQJ0c/s1600/full-hd-nature-wallpapers-free-downloads-for-laptop-57.jpg",
        "SourceUrl": "http://thdwallpapers.blogspot.com/2013/10/full-hd-nature-wallpapers-free-downloads-01-02_1.html",
        "DisplayUrl": "thdwallpapers.blogspot.com/2013/10/full-hd-nature-wallpapers-free...",
        "Width": "1600",
        "Height": "900",
        "FileSize": "563241",
        "ContentType": "jpeg",
        "Thumbnail": {
          "__metadata": {
            "type": "Bing.Thumbnail"
          },
          "MediaUrl": "http://ts4.mm.bing.net/th?id=OIP.M156f6a329adea370b5c301910ca2f5baH0&pid=15.1",
          "ContentType": "jpg",
          "Width": "300",
          "Height": "168",
          "FileSize": "15898"
        }
      },
      {
        "__metadata": {
          "uri": "https://api.datamarket.azure.com/Data.ashx/Bing/Search/Image?Query='natural rivers photo'&$skip=29&$top=1",
          "type": "ImageResult"
        },
        "ID": "3e6c5be1-6fcb-4fa2-a6b3-c94b47646c40",
        "Title": "beautiful nature river",
        "MediaUrl": "http://www.thewallpapers.org/photo/67403/Beautiful-Nature-River-039.jpg",
        "SourceUrl": "http://www.thewallpapers.org/1785/nature/rivers/4",
        "DisplayUrl": "www.thewallpapers.org/1785/nature/rivers/4",
        "Width": "2560",
        "Height": "1920",
        "FileSize": "1353329",
        "ContentType": "jpeg",
        "Thumbnail": {
          "__metadata": {
            "type": "Bing.Thumbnail"
          },
          "MediaUrl": "http://ts2.mm.bing.net/th?id=OIP.M4f809434ac6baad0d30ab5137763a488o0&pid=15.1",
          "ContentType": "jpg",
          "Width": "300",
          "Height": "225",
          "FileSize": "26025"
        }
      },
      {
        "__metadata": {
          "uri": "https://api.datamarket.azure.com/Data.ashx/Bing/Search/Image?Query='natural rivers photo'&$skip=30&$top=1",
          "type": "ImageResult"
        },
        "ID": "3712c93c-9b8a-475a-b674-552d2d817ea1",
        "Title": "Kissimmee River “Save our Rivers” | EDSA",
        "MediaUrl": "http://www.edsaplan.com/files/media-image/portfolio/kissimmee-river-natural-setting-1843.jpg",
        "SourceUrl": "http://www.edsaplan.com/en/node/805",
        "DisplayUrl": "www.edsaplan.com/en/node/805",
        "Width": "1920",
        "Height": "1080",
        "FileSize": "374708",
        "ContentType": "jpeg",
        "Thumbnail": {
          "__metadata": {
            "type": "Bing.Thumbnail"
          },
          "MediaUrl": "http://ts1.mm.bing.net/th?id=OIP.M319de8c15df24a7eec29aa75d3504082H0&pid=15.1",
          "ContentType": "jpg",
          "Width": "300",
          "Height": "168",
          "FileSize": "13253"
        }
      },
      {
        "__metadata": {
          "uri": "https://api.datamarket.azure.com/Data.ashx/Bing/Search/Image?Query='natural rivers photo'&$skip=31&$top=1",
          "type": "ImageResult"
        },
        "ID": "9ada8f98-8332-4acb-ba50-33682a75d2d0",
        "Title": "River In Nature - 1920x1080 - 16:9",
        "MediaUrl": "http://www.wallpapersdb.org/wallpapers/nature/river_in_nature_1920x1080.jpg",
        "SourceUrl": "http://www.wallpapersdb.org/original/2811/",
        "DisplayUrl": "www.wallpapersdb.org/original/2811",
        "Width": "1920",
        "Height": "1080",
        "FileSize": "1092049",
        "ContentType": "jpeg",
        "Thumbnail": {
          "__metadata": {
            "type": "Bing.Thumbnail"
          },
          "MediaUrl": "http://ts2.mm.bing.net/th?id=OIP.M47387a6445480f93fd1d64be9abe73a7o0&pid=15.1",
          "ContentType": "jpg",
          "Width": "300",
          "Height": "168",
          "FileSize": "15034"
        }
      },
      {
        "__metadata": {
          "uri": "https://api.datamarket.azure.com/Data.ashx/Bing/Search/Image?Query='natural rivers photo'&$skip=32&$top=1",
          "type": "ImageResult"
        },
        "ID": "1e45f857-d7a6-43da-96d8-9b677075f688",
        "Title": "Nature: Queens View Loch Tummel Scotland, picture nr. 13983",
        "MediaUrl": "http://t.wallpaperweb.org/wallpaper/nature/1600x1200/QueensViewLochTummelScotland.jpg",
        "SourceUrl": "http://wallpaperweb.org/wallpaper/nature/queens-view-loch-tummel-scotland_13983.htm",
        "DisplayUrl": "wallpaperweb.org/wallpaper/nature/queens-view-loch-tummel-scotland...",
        "Width": "1600",
        "Height": "1200",
        "FileSize": "419368",
        "ContentType": "jpeg",
        "Thumbnail": {
          "__metadata": {
            "type": "Bing.Thumbnail"
          },
          "MediaUrl": "http://ts2.mm.bing.net/th?id=OIP.Mf58171fc1be62df020d1b0b698ad4544o0&pid=15.1",
          "ContentType": "jpg",
          "Width": "300",
          "Height": "225",
          "FileSize": "13688"
        }
      },
      {
        "__metadata": {
          "uri": "https://api.datamarket.azure.com/Data.ashx/Bing/Search/Image?Query='natural rivers photo'&$skip=33&$top=1",
          "type": "ImageResult"
        },
        "ID": "7f16e83e-b96b-4004-8b40-7c492e2b8a60",
        "Title": "Life in the Valley – A Devotion | pure devotion",
        "MediaUrl": "http://lthomason.files.wordpress.com/2011/11/life-in-the-valley.jpg",
        "SourceUrl": "http://lthomason.wordpress.com/2011/11/16/life-in-the-valley-a-devotion/",
        "DisplayUrl": "lthomason.wordpress.com/2011/11/16/life-in-the-valley-a-devotion",
        "Width": "1024",
        "Height": "768",
        "FileSize": "90078",
        "ContentType": "jpeg",
        "Thumbnail": {
          "__metadata": {
            "type": "Bing.Thumbnail"
          },
          "MediaUrl": "http://ts3.mm.bing.net/th?id=OIP.M8459f9d29bb7067a6b87e991a48d2772o0&pid=15.1",
          "ContentType": "jpg",
          "Width": "300",
          "Height": "225",
          "FileSize": "8825"
        }
      },
      {
        "__metadata": {
          "uri": "https://api.datamarket.azure.com/Data.ashx/Bing/Search/Image?Query='natural rivers photo'&$skip=34&$top=1",
          "type": "ImageResult"
        },
        "ID": "e7d03e40-53cc-454e-95ef-d0ee545bf074",
        "Title": "Beautiful River Wallpaper Free Download #2624 Wallpaper | Cool ...",
        "MediaUrl": "http://walldiskpaper.com/wp-content/uploads/2014/10/Beautiful-River-Wallpaper-Free-Download.jpg",
        "SourceUrl": "https://walldiskpaper.com/mobilehd/beautiful-river-wallpaper-free-download",
        "DisplayUrl": "https://walldiskpaper.com/mobilehd/beautiful-river-wallpaper-free...",
        "Width": "1920",
        "Height": "1080",
        "FileSize": "545023",
        "ContentType": "jpeg",
        "Thumbnail": {
          "__metadata": {
            "type": "Bing.Thumbnail"
          },
          "MediaUrl": "http://ts2.mm.bing.net/th?id=OIP.M76169ec572688664408e04363509487eo0&pid=15.1",
          "ContentType": "jpg",
          "Width": "300",
          "Height": "168",
          "FileSize": "12546"
        }
      },
      {
        "__metadata": {
          "uri": "https://api.datamarket.azure.com/Data.ashx/Bing/Search/Image?Query='natural rivers photo'&$skip=35&$top=1",
          "type": "ImageResult"
        },
        "ID": "d61d0ce4-75c4-4abf-bb8b-1c2baa77574b",
        "Title": "River in Mountains Wallpapers Pictures Photos Images",
        "MediaUrl": "http://www.mrwallpaper.com/wallpapers/River-in-Mountains.jpg",
        "SourceUrl": "http://www.mrwallpaper.com/River-in-Mountains-wallpaper/",
        "DisplayUrl": "www.mrwallpaper.com/River-in-Mountains-wallpaper",
        "Width": "2560",
        "Height": "1600",
        "FileSize": "1465150",
        "ContentType": "jpeg",
        "Thumbnail": {
          "__metadata": {
            "type": "Bing.Thumbnail"
          },
          "MediaUrl": "http://ts4.mm.bing.net/th?id=OIP.Md3763a7ca1a2b8a6230be11ae1893e7cH0&pid=15.1",
          "ContentType": "jpg",
          "Width": "300",
          "Height": "187",
          "FileSize": "20612"
        }
      },
      {
        "__metadata": {
          "uri": "https://api.datamarket.azure.com/Data.ashx/Bing/Search/Image?Query='natural rivers photo'&$skip=36&$top=1",
          "type": "ImageResult"
        },
        "ID": "e89e1971-78d8-491c-a30f-0c87447cddb5",
        "Title": "Unique Wallpaper: 50 Most Exotic River HD Wallpaper (Part 5)",
        "MediaUrl": "http://4.bp.blogspot.com/-uDN844ZXcZU/UQqc2Zs2wDI/AAAAAAAADeg/nzObioAPx0E/s1600/river+hd+wallpaper+44.jpg",
        "SourceUrl": "http://unikwallpaper.blogspot.com/2013/02/50-most-exotic-river-hd-wallpaper-part-5.html",
        "DisplayUrl": "unikwallpaper.blogspot.com/2013/02/50-most-exotic-river-hd...",
        "Width": "1280",
        "Height": "800",
        "FileSize": "339712",
        "ContentType": "jpeg",
        "Thumbnail": {
          "__metadata": {
            "type": "Bing.Thumbnail"
          },
          "MediaUrl": "http://ts3.mm.bing.net/th?id=OIP.Mbf10db1d902c1bdd7298681bddb98056H0&pid=15.1",
          "ContentType": "jpg",
          "Width": "300",
          "Height": "187",
          "FileSize": "15292"
        }
      },
      {
        "__metadata": {
          "uri": "https://api.datamarket.azure.com/Data.ashx/Bing/Search/Image?Query='natural rivers photo'&$skip=37&$top=1",
          "type": "ImageResult"
        },
        "ID": "85ea6ca3-2871-412b-918b-4dd4e1973b1e",
        "Title": "Rainbow over the mountain lake wallpapers and images - wallpapers ...",
        "MediaUrl": "http://www.zastavki.com/pictures/originals/2013/Nature___Rivers_and_lakes_Rainbow_over_the_mountain_lake_041803_.jpg",
        "SourceUrl": "http://www.zastavki.com/eng/Nature/Rivers_and_lakes/wallpaper-41803.htm",
        "DisplayUrl": "www.zastavki.com/eng/Nature/Rivers_and_lakes/wallpaper-41803.htm",
        "Width": "2048",
        "Height": "1152",
        "FileSize": "758110",
        "ContentType": "jpeg",
        "Thumbnail": {
          "__metadata": {
            "type": "Bing.Thumbnail"
          },
          "MediaUrl": "http://ts3.mm.bing.net/th?id=OIP.M9688f8d5cd2a646997ba745bcea38ecfH0&pid=15.1",
          "ContentType": "jpg",
          "Width": "300",
          "Height": "168",
          "FileSize": "10500"
        }
      },
      {
        "__metadata": {
          "uri": "https://api.datamarket.azure.com/Data.ashx/Bing/Search/Image?Query='natural rivers photo'&$skip=38&$top=1",
          "type": "ImageResult"
        },
        "ID": "7297e068-1c36-47f2-b365-d3c2f09e37e1",
        "Title": "channels of rivers leading",
        "MediaUrl": "http://www.nature.org/cs/groups/webcontent/@web/@lakesrivers/documents/media/iliamna-lake-ak-splash.jpg",
        "SourceUrl": "https://lookfordiagnosis.com/mesh_info.php?term=rivers&lang=1",
        "DisplayUrl": "https://lookfordiagnosis.com/mesh_info.php?term=rivers&lang=1",
        "Width": "640",
        "Height": "400",
        "FileSize": "32758",
        "ContentType": "jpeg",
        "Thumbnail": {
          "__metadata": {
            "type": "Bing.Thumbnail"
          },
          "MediaUrl": "http://ts2.mm.bing.net/th?id=OIP.M00c4cdfd898272a5ae9be481481893b9o0&pid=15.1",
          "ContentType": "jpg",
          "Width": "300",
          "Height": "187",
          "FileSize": "15232"
        }
      },
      {
        "__metadata": {
          "uri": "https://api.datamarket.azure.com/Data.ashx/Bing/Search/Image?Query='natural rivers photo'&$skip=39&$top=1",
          "type": "ImageResult"
        },
        "ID": "847a7b56-3b6b-464e-8d05-a5b2fcca0a71",
        "Title": "Nature Trees River Reflection HD Wallpaper",
        "MediaUrl": "http://www.hdwallpapers.org/walls/nature-trees-river-reflection-wide.jpg",
        "SourceUrl": "http://www.hdwallpapers.org/nature-trees-river-reflection-wallpapers.html",
        "DisplayUrl": "www.hdwallpapers.org/nature-trees-river-reflection-wallpapers.html",
        "Width": "1920",
        "Height": "1200",
        "FileSize": "1569464",
        "ContentType": "jpeg",
        "Thumbnail": {
          "__metadata": {
            "type": "Bing.Thumbnail"
          },
          "MediaUrl": "http://ts4.mm.bing.net/th?id=OIP.M82d01fac5b8cd9b97a47affbed8c462eo0&pid=15.1",
          "ContentType": "jpg",
          "Width": "300",
          "Height": "187",
          "FileSize": "20753"
        }
      },
      {
        "__metadata": {
          "uri": "https://api.datamarket.azure.com/Data.ashx/Bing/Search/Image?Query='natural rivers photo'&$skip=40&$top=1",
          "type": "ImageResult"
        },
        "ID": "2f7e6b70-85b9-4668-afba-fb1888670849",
        "Title": "River Photos -- National Geographic",
        "MediaUrl": "http://images.nationalgeographic.com/wpf/media-live/photos/000/132/cache/rivers02-horseshoe-bend_13247_600x450.jpg",
        "SourceUrl": "http://environment.nationalgeographic.com/environment/photos/freshwater-rivers/",
        "DisplayUrl": "environment.nationalgeographic.com/environment/photos/freshwater...",
        "Width": "600",
        "Height": "450",
        "FileSize": "58354",
        "ContentType": "jpeg",
        "Thumbnail": {
          "__metadata": {
            "type": "Bing.Thumbnail"
          },
          "MediaUrl": "http://ts1.mm.bing.net/th?id=OIP.M4a4cdc4fa797a43eadc4d4440b8057e5o0&pid=15.1",
          "ContentType": "jpg",
          "Width": "300",
          "Height": "225",
          "FileSize": "12080"
        }
      },
      {
        "__metadata": {
          "uri": "https://api.datamarket.azure.com/Data.ashx/Bing/Search/Image?Query='natural rivers photo'&$skip=41&$top=1",
          "type": "ImageResult"
        },
        "ID": "e7c10949-784c-4f60-94f0-e0e32cf04dd5",
        "Title": "Related Wallpaper for River Wallpaper Landscape HD",
        "MediaUrl": "http://walldiskpaper.com/wp-content/uploads/2014/10/River-Wallpaper-Landscape-HD.jpg",
        "SourceUrl": "https://walldiskpaper.com/mobilehd/river-wallpaper-landscape-hd",
        "DisplayUrl": "https://walldiskpaper.com/mobilehd/river-wallpaper-landscape-hd",
        "Width": "1440",
        "Height": "900",
        "FileSize": "740091",
        "ContentType": "jpeg",
        "Thumbnail": {
          "__metadata": {
            "type": "Bing.Thumbnail"
          },
          "MediaUrl": "http://ts4.mm.bing.net/th?id=OIP.M5b2f1106be0795a9626b4ad9666805c1o0&pid=15.1",
          "ContentType": "jpg",
          "Width": "300",
          "Height": "187",
          "FileSize": "17445"
        }
      },
      {
        "__metadata": {
          "uri": "https://api.datamarket.azure.com/Data.ashx/Bing/Search/Image?Query='natural rivers photo'&$skip=42&$top=1",
          "type": "ImageResult"
        },
        "ID": "0ea14a62-72da-4b3a-895c-8e948437c7be",
        "Title": "River Beautiful Nature Wallpaper Wallpaper with 1920x1080 Resolution",
        "MediaUrl": "http://wallpaperlepi.com/wp-content/uploads/2014/08/River-Beautiful-Nature-Wallpaper.jpg",
        "SourceUrl": "http://wallpaperlepi.com/downloadsites/river-beautiful-nature-wallpaper.html",
        "DisplayUrl": "wallpaperlepi.com/downloadsites/river-beautiful-nature-wallpaper.html",
        "Width": "1920",
        "Height": "1080",
        "FileSize": "674195",
        "ContentType": "jpeg",
        "Thumbnail": {
          "__metadata": {
            "type": "Bing.Thumbnail"
          },
          "MediaUrl": "http://ts2.mm.bing.net/th?id=OIP.Mb7022f23d214ba07be9ddeca9d2541a3o0&pid=15.1",
          "ContentType": "jpg",
          "Width": "300",
          "Height": "168",
          "FileSize": "10955"
        }
      },
      {
        "__metadata": {
          "uri": "https://api.datamarket.azure.com/Data.ashx/Bing/Search/Image?Query='natural rivers photo'&$skip=43&$top=1",
          "type": "ImageResult"
        },
        "ID": "3dbbfac1-9057-4e4d-8f41-783ea02d2daa",
        "Title": "Autumn Free Wallpaper - Beautiful River is a great wallpaper for your ...",
        "MediaUrl": "http://img.mi9.com/landscape/4991/autumn-free-wallpaper-beautiful-river_2560x1600_93211.jpg",
        "SourceUrl": "http://wallpapers.mi9.com/wallpaper/autumn-free-wallpaper-beautiful-river_93211/",
        "DisplayUrl": "wallpapers.mi9.com/wallpaper/autumn-free-wallpaper-beautiful-river...",
        "Width": "2560",
        "Height": "1600",
        "FileSize": "5900472",
        "ContentType": "jpeg",
        "Thumbnail": {
          "__metadata": {
            "type": "Bing.Thumbnail"
          },
          "MediaUrl": "http://ts2.mm.bing.net/th?id=OIP.M31284c6d48908d763275abb12ff14da5o0&pid=15.1",
          "ContentType": "jpg",
          "Width": "300",
          "Height": "187",
          "FileSize": "10248"
        }
      },
      {
        "__metadata": {
          "uri": "https://api.datamarket.azure.com/Data.ashx/Bing/Search/Image?Query='natural rivers photo'&$skip=44&$top=1",
          "type": "ImageResult"
        },
        "ID": "d7d67a5e-5beb-4b04-909b-be413325ee4c",
        "Title": "Nature___Rivers_and_lakes_Lakes_mountains_nature_rivers_wallpaper ...",
        "MediaUrl": "http://www.zastavki.com/pictures/originals/2013/Nature___Rivers_and_lakes_Lakes_mountains_nature_rivers_wallpaper_043262_.jpg",
        "SourceUrl": "http://www.zastavki.com/eng/Nature/Rivers_and_lakes/wallpaper-43262.htm",
        "DisplayUrl": "www.zastavki.com/eng/Nature/Rivers_and_lakes/wallpaper-43262.htm",
        "Width": "1920",
        "Height": "1080",
        "FileSize": "477415",
        "ContentType": "jpeg",
        "Thumbnail": {
          "__metadata": {
            "type": "Bing.Thumbnail"
          },
          "MediaUrl": "http://ts2.mm.bing.net/th?id=OIP.Mebd3cc34bb84034e3604bc64ad444e91H0&pid=15.1",
          "ContentType": "jpg",
          "Width": "300",
          "Height": "168",
          "FileSize": "3383"
        }
      },
      {
        "__metadata": {
          "uri": "https://api.datamarket.azure.com/Data.ashx/Bing/Search/Image?Query='natural rivers photo'&$skip=45&$top=1",
          "type": "ImageResult"
        },
        "ID": "80edffcf-35f1-4f4b-8920-8edef24c7645",
        "Title": "Nature: Forest River, desktop wallpaper nr. 56567 by Striker",
        "MediaUrl": "http://t.wallpaperweb.org/wallpaper/nature/1920x1200/forest_river.jpg",
        "SourceUrl": "http://wallpaperweb.org/wallpaper/nature/forest-river_56567.htm",
        "DisplayUrl": "wallpaperweb.org/wallpaper/nature/forest-river_56567.htm",
        "Width": "1920",
        "Height": "1200",
        "FileSize": "269603",
        "ContentType": "jpeg",
        "Thumbnail": {
          "__metadata": {
            "type": "Bing.Thumbnail"
          },
          "MediaUrl": "http://ts3.mm.bing.net/th?id=OIP.Mf689d352732e8707bae2d329928d7270o0&pid=15.1",
          "ContentType": "jpg",
          "Width": "300",
          "Height": "187",
          "FileSize": "7029"
        }
      },
      {
        "__metadata": {
          "uri": "https://api.datamarket.azure.com/Data.ashx/Bing/Search/Image?Query='natural rivers photo'&$skip=46&$top=1",
          "type": "ImageResult"
        },
        "ID": "c4796bd3-48b1-4ca3-9077-8b44945c2aa5",
        "Title": "Philippine island nature pictures - jungle river sceneries Mindoro ...",
        "MediaUrl": "http://www.allabouthappylife.com/wallpaper/widescreen_wallpapers/jungle-vegetation/jungle-river-nature-dsc04119.jpg",
        "SourceUrl": "http://www.allabouthappylife.com/wallpaper/widescreen_wallpapers/jungle-vegetation/jungle-vegetation.html",
        "DisplayUrl": "www.allabouthappylife.com/wallpaper/widescreen_wallpapers/jungle...",
        "Width": "1920",
        "Height": "1200",
        "FileSize": "815563",
        "ContentType": "jpeg",
        "Thumbnail": {
          "__metadata": {
            "type": "Bing.Thumbnail"
          },
          "MediaUrl": "http://ts2.mm.bing.net/th?id=OIP.M35051191ad7ee9f08af47d868253bc20H0&pid=15.1",
          "ContentType": "jpg",
          "Width": "300",
          "Height": "187",
          "FileSize": "19247"
        }
      },
      {
        "__metadata": {
          "uri": "https://api.datamarket.azure.com/Data.ashx/Bing/Search/Image?Query='natural rivers photo'&$skip=47&$top=1",
          "type": "ImageResult"
        },
        "ID": "635bbc50-fb74-42fe-b2cc-bceffa43cc68",
        "Title": "Impenetrable jungle wallpapers and images - wallpapers, pictures ...",
        "MediaUrl": "http://www.zastavki.com/pictures/1920x1200/2010/World_South_Africa_Impenetrable_jungle_022100_.jpg",
        "SourceUrl": "http://www.zastavki.com/eng/World/South_Africa/wallpaper-22100.htm",
        "DisplayUrl": "www.zastavki.com/eng/World/South_Africa/wallpaper-22100.htm",
        "Width": "1920",
        "Height": "1200",
        "FileSize": "762158",
        "ContentType": "jpeg",
        "Thumbnail": {
          "__metadata": {
            "type": "Bing.Thumbnail"
          },
          "MediaUrl": "http://ts4.mm.bing.net/th?id=OIP.M01afca043d7214e760c95ef2fc7aa76fH0&pid=15.1",
          "ContentType": "jpg",
          "Width": "300",
          "Height": "187",
          "FileSize": "16879"
        }
      },
      {
        "__metadata": {
          "uri": "https://api.datamarket.azure.com/Data.ashx/Bing/Search/Image?Query='natural rivers photo'&$skip=48&$top=1",
          "type": "ImageResult"
        },
        "ID": "d3df390d-6082-4c2a-8290-d1a3bf441cea",
        "Title": "AlchemistClub - What is a stream?",
        "MediaUrl": "http://www.plantingdollars.com/wp-content/uploads/2011/01/streams.jpg",
        "SourceUrl": "http://alchemistclub.wikispaces.com/What+is+a+stream%3F",
        "DisplayUrl": "alchemistclub.wikispaces.com/What+is+a+stream?",
        "Width": "500",
        "Height": "333",
        "FileSize": "190101",
        "ContentType": "jpeg",
        "Thumbnail": {
          "__metadata": {
            "type": "Bing.Thumbnail"
          },
          "MediaUrl": "http://ts1.mm.bing.net/th?id=OIP.M0c4083d6adf607be96b17502828a7e1fo0&pid=15.1",
          "ContentType": "jpg",
          "Width": "300",
          "Height": "199",
          "FileSize": "15531"
        }
      },
      {
        "__metadata": {
          "uri": "https://api.datamarket.azure.com/Data.ashx/Bing/Search/Image?Query='natural rivers photo'&$skip=49&$top=1",
          "type": "ImageResult"
        },
        "ID": "5fc36352-0765-479b-a125-76f2b86fbd56",
        "Title": "Nice Nature Desktop Backgrounds: River HD Widescreen #959385 |.Ssoflx",
        "MediaUrl": "http://feelgrafix.com/data_images/out/28/959385-river.jpg",
        "SourceUrl": "http://feelgrafix.com/959385-river.html",
        "DisplayUrl": "feelgrafix.com/959385-river.html",
        "Width": "2400",
        "Height": "1597",
        "FileSize": "1084697",
        "ContentType": "jpeg",
        "Thumbnail": {
          "__metadata": {
            "type": "Bing.Thumbnail"
          },
          "MediaUrl": "http://ts1.mm.bing.net/th?id=OIP.Ma37309439264d62bc3fab9da01c4c47fo0&pid=15.1",
          "ContentType": "jpg",
          "Width": "300",
          "Height": "199",
          "FileSize": "11398"
        }
      }
    ],
    "__next": "https://api.datamarket.azure.com/Data.ashx/Bing/Search/Image?Query='natural%20rivers%20photo'&$skip=50&$top=50"
  }
}