{
  "d": {
    "results": [
      {
        "__metadata": {
          "uri": "https://api.datamarket.azure.com/Data.ashx/Bing/Search/Image?Query='yellow stone'&$skip=0&$top=1",
          "type": "ImageResult"
        },
        "ID": "19d236d5-8faf-4ad7-a8da-235459549e68",
        "Title": "LARRY'S RAMBLE: Yellowstone National Park...",
        "MediaUrl": "http://1.bp.blogspot.com/-QlhI0LrUAeQ/Tbpevn6ih0I/AAAAAAAAD_I/1zQzo4997Io/s1600/Yellowstone+NP+Old+Faithful+see+the+walkway.jpg",
        "SourceUrl": "http://larrysramble.blogspot.com/2011/04/yellowstone-national-park.html",
        "DisplayUrl": "larrysramble.blogspot.com/2011/04/yellowstone-national-park.html",
        "Width": "1600",
        "Height": "1200",
        "FileSize": "401412",
        "ContentType": "jpeg",
        "Thumbnail": {
          "__metadata": {
            "type": "Bing.Thumbnail"
          },
          "MediaUrl": "http://ts2.mm.bing.net/th?id=OIP.M78d643917c672d53030653b47f2cf212o0&pid=15.1",
          "ContentType": "jpg",
          "Width": "300",
          "Height": "225",
          "FileSize": "10567"
        }
      },
      {
        "__metadata": {
          "uri": "https://api.datamarket.azure.com/Data.ashx/Bing/Search/Image?Query='yellow stone'&$skip=1&$top=1",
          "type": "ImageResult"
        },
        "ID": "c68fcb62-2c3f-4adf-a008-395b097fed27",
        "Title": "The northeastern part of Yellowstone Caldera. Image Credit: National ...",
        "MediaUrl": "http://en.es-static.us/upl/2012/05/Yellowstone.jpeg",
        "SourceUrl": "http://earthsky.org/earth/yellowstone-super-volcano-less-super-more-active",
        "DisplayUrl": "earthsky.org/earth/yellowstone-super-volcano-less-super-more-active",
        "Width": "1999",
        "Height": "1316",
        "FileSize": "589647",
        "ContentType": "jpeg",
        "Thumbnail": {
          "__metadata": {
            "type": "Bing.Thumbnail"
          },
          "MediaUrl": "http://ts3.mm.bing.net/th?id=OIP.M65a61e060cddde8c8f173214ec99649dH0&pid=15.1",
          "ContentType": "jpg",
          "Width": "300",
          "Height": "197",
          "FileSize": "12172"
        }
      },
      {
        "__metadata": {
          "uri": "https://api.datamarket.azure.com/Data.ashx/Bing/Search/Image?Query='yellow stone'&$skip=2&$top=1",
          "type": "ImageResult"
        },
        "ID": "3c90530c-15e8-49f8-87e9-53a7a707cad1",
        "Title": "Yellowstone Park established 1872. Plan your Yellowstone National Park ...",
        "MediaUrl": "http://1.bp.blogspot.com/-C1mdgz-5gY0/T-AdLGt0L0I/AAAAAAAAUnQ/IFpDOzH3Trk/s1600/yellowstone+national+park+(12).jpg",
        "SourceUrl": "http://wallpaeprss-city.blogspot.com/2012/06/yellowstone-national-park.html",
        "DisplayUrl": "wallpaeprss-city.blogspot.com/2012/06/yellowstone-national-park.html",
        "Width": "1600",
        "Height": "1083",
        "FileSize": "384953",
        "ContentType": "jpeg",
        "Thumbnail": {
          "__metadata": {
            "type": "Bing.Thumbnail"
          },
          "MediaUrl": "http://ts3.mm.bing.net/th?id=OIP.M63b54c7efb54fd4b19e97523a5e370a1o0&pid=15.1",
          "ContentType": "jpg",
          "Width": "300",
          "Height": "203",
          "FileSize": "14492"
        }
      },
      {
        "__metadata": {
          "uri": "https://api.datamarket.azure.com/Data.ashx/Bing/Search/Image?Query='yellow stone'&$skip=3&$top=1",
          "type": "ImageResult"
        },
        "ID": "73a4f5cc-aa80-404e-8184-4316f0d32733",
        "Title": "Yellowstone National Park, Wyoming Unites States - Found The World",
        "MediaUrl": "http://foundtheworld.com/wp-content/uploads/2015/12/Yellowstone-National-Park-8.jpg",
        "SourceUrl": "http://foundtheworld.com/yellowstone-national-park",
        "DisplayUrl": "foundtheworld.com/yellowstone-national-park",
        "Width": "750",
        "Height": "500",
        "FileSize": "82538",
        "ContentType": "jpeg",
        "Thumbnail": {
          "__metadata": {
            "type": "Bing.Thumbnail"
          },
          "MediaUrl": "http://ts4.mm.bing.net/th?id=OIP.M1481e431065b6fc5d99fc3cb7b402940o0&pid=15.1",
          "ContentType": "jpg",
          "Width": "300",
          "Height": "200",
          "FileSize": "13647"
        }
      },
      {
        "__metadata": {
          "uri": "https://api.datamarket.azure.com/Data.ashx/Bing/Search/Image?Query='yellow stone'&$skip=4&$top=1",
          "type": "ImageResult"
        },
        "ID": "40ad7ef7-5d6e-42c6-a3e0-974bd71645a9",
        "Title": "Yellowstone, National Park",
        "MediaUrl": "http://1.bp.blogspot.com/-awFYzDovKno/T3InATlReiI/AAAAAAAACyg/KPYTutgkq2o/s1600/yellowstone_pictures_wallpaper_3.jpg",
        "SourceUrl": "http://naturesmightypictures.blogspot.com/2012/03/yellowstone-national-park.html",
        "DisplayUrl": "naturesmightypictures.blogspot.com/2012/03/yellowstone-national...",
        "Width": "1600",
        "Height": "1200",
        "FileSize": "526760",
        "ContentType": "jpeg",
        "Thumbnail": {
          "__metadata": {
            "type": "Bing.Thumbnail"
          },
          "MediaUrl": "http://ts3.mm.bing.net/th?id=OIP.M338b0f92f8ec774c3c556c155fa46f82o0&pid=15.1",
          "ContentType": "jpg",
          "Width": "300",
          "Height": "225",
          "FileSize": "16789"
        }
      },
      {
        "__metadata": {
          "uri": "https://api.datamarket.azure.com/Data.ashx/Bing/Search/Image?Query='yellow stone'&$skip=5&$top=1",
          "type": "ImageResult"
        },
        "ID": "0809a76e-c13c-4010-8662-385fed23be9a",
        "Title": "Yellowstone National Park: Fulfilling the Mission - Conservation ...",
        "MediaUrl": "http://cdn.blog.rvshare.com/wp-content/uploads/2015/08/rsvlts.com_.jpg?93555e",
        "SourceUrl": "http://www.conservationinstitute.org/yellowstone-national-park-fulfilling-the-mission/",
        "DisplayUrl": "www.conservationinstitute.org/yellowstone-national-park-fulfilling...",
        "Width": "930",
        "Height": "619",
        "FileSize": "227982",
        "ContentType": "jpeg",
        "Thumbnail": {
          "__metadata": {
            "type": "Bing.Thumbnail"
          },
          "MediaUrl": "http://ts4.mm.bing.net/th?id=OIP.M511d8f3a4a85a10143e7a6abfb4ad104o0&pid=15.1",
          "ContentType": "jpg",
          "Width": "300",
          "Height": "199",
          "FileSize": "18638"
        }
      },
      {
        "__metadata": {
          "uri": "https://api.datamarket.azure.com/Data.ashx/Bing/Search/Image?Query='yellow stone'&$skip=6&$top=1",
          "type": "ImageResult"
        },
        "ID": "feaad56d-6d40-4a2c-a303-9b1ddea42f94",
        "Title": "Description Steamboat Geyser in Yellowstone.jpg",
        "MediaUrl": "http://upload.wikimedia.org/wikipedia/commons/e/ed/Steamboat_Geyser_in_Yellowstone.jpg",
        "SourceUrl": "http://commons.wikimedia.org/wiki/File:Steamboat_Geyser_in_Yellowstone.jpg",
        "DisplayUrl": "commons.wikimedia.org/wiki/File:Steamboat_Geyser_in_Yellowstone.jpg",
        "Width": "2400",
        "Height": "1599",
        "FileSize": "2689763",
        "ContentType": "jpeg",
        "Thumbnail": {
          "__metadata": {
            "type": "Bing.Thumbnail"
          },
          "MediaUrl": "http://ts1.mm.bing.net/th?id=OIP.M0e859769c4b0e2087b7c859bc384285fo0&pid=15.1",
          "ContentType": "jpg",
          "Width": "300",
          "Height": "199",
          "FileSize": "13184"
        }
      },
      {
        "__metadata": {
          "uri": "https://api.datamarket.azure.com/Data.ashx/Bing/Search/Image?Query='yellow stone'&$skip=7&$top=1",
          "type": "ImageResult"
        },
        "ID": "958f3bb3-1424-406c-a880-ae6610dcb1f6",
        "Title": "Yellowstone National Park",
        "MediaUrl": "http://www.trekamerica.co.uk/blog/wp-content/uploads/2014/02/yellowstone.jpg",
        "SourceUrl": "http://www.trekamerica.co.uk/blog/top-10-places-to-visit-in-northern-usa/",
        "DisplayUrl": "www.trekamerica.co.uk/blog/top-10-places-to-visit-in-northern-usa",
        "Width": "1000",
        "Height": "667",
        "FileSize": "231878",
        "ContentType": "jpeg",
        "Thumbnail": {
          "__metadata": {
            "type": "Bing.Thumbnail"
          },
          "MediaUrl": "http://ts1.mm.bing.net/th?id=OIP.M42d0a647e4a028d8461a6c3417bbd154o0&pid=15.1",
          "ContentType": "jpg",
          "Width": "300",
          "Height": "200",
          "FileSize": "16561"
        }
      },
      {
        "__metadata": {
          "uri": "https://api.datamarket.azure.com/Data.ashx/Bing/Search/Image?Query='yellow stone'&$skip=8&$top=1",
          "type": "ImageResult"
        },
        "ID": "a16b7ce2-e148-4620-916b-c58cab319d43",
        "Title": "Yellowstone Geyser",
        "MediaUrl": "http://www.naturepicoftheday.com/npods/2009/august/yellowstone_geyser_full.jpg",
        "SourceUrl": "http://www.naturepicoftheday.com/archive/2009-08-05",
        "DisplayUrl": "www.naturepicoftheday.com/archive/2009-08-05",
        "Width": "2456",
        "Height": "1744",
        "FileSize": "691230",
        "ContentType": "jpeg",
        "Thumbnail": {
          "__metadata": {
            "type": "Bing.Thumbnail"
          },
          "MediaUrl": "http://ts3.mm.bing.net/th?id=OIP.M1f270400443f5d5df1dadf29b7a60a8aH0&pid=15.1",
          "ContentType": "jpg",
          "Width": "300",
          "Height": "213",
          "FileSize": "16137"
        }
      },
      {
        "__metadata": {
          "uri": "https://api.datamarket.azure.com/Data.ashx/Bing/Search/Image?Query='yellow stone'&$skip=9&$top=1",
          "type": "ImageResult"
        },
        "ID": "669de4ba-17c1-41a6-9961-aa37dee74751",
        "Title": "Majestic photos of Yellowstone National Park in Wyoming : Places ...",
        "MediaUrl": "http://upload.wikimedia.org/wikipedia/commons/d/df/Old_Faithful_Geyser_Yellowstone_National_Park.jpg",
        "SourceUrl": "http://www.boomsbeat.com/articles/2644/20140411/majestic-photos-of-yellowstone-national-park-in-wyoming.htm",
        "DisplayUrl": "www.boomsbeat.com/articles/2644/20140411/majestic-photos-of...",
        "Width": "2580",
        "Height": "1932",
        "FileSize": "2114357",
        "ContentType": "jpeg",
        "Thumbnail": {
          "__metadata": {
            "type": "Bing.Thumbnail"
          },
          "MediaUrl": "http://ts2.mm.bing.net/th?id=OIP.Me83b5a7f14d4920ea16c2e83aff92930o0&pid=15.1",
          "ContentType": "jpg",
          "Width": "300",
          "Height": "224",
          "FileSize": "9396"
        }
      },
      {
        "__metadata": {
          "uri": "https://api.datamarket.azure.com/Data.ashx/Bing/Search/Image?Query='yellow stone'&$skip=10&$top=1",
          "type": "ImageResult"
        },
        "ID": "f92637d2-96ce-468c-af02-35655da797bd",
        "Title": "Must Visit Yellowstone National Park Once In Lifetime",
        "MediaUrl": "http://thewowstyle.com/wp-content/uploads/2015/02/USA_Yellowstone_National_Park.jpg",
        "SourceUrl": "http://thewowstyle.com/must-visit-yellowstone-national-park-once-in-lifetime/",
        "DisplayUrl": "thewowstyle.com/must-visit-yellowstone-national-park-once-in-lifetime",
        "Width": "3000",
        "Height": "2000",
        "FileSize": "3171196",
        "ContentType": "jpeg",
        "Thumbnail": {
          "__metadata": {
            "type": "Bing.Thumbnail"
          },
          "MediaUrl": "http://ts3.mm.bing.net/th?id=OIP.Mfbe5f798ea75e6bc9070f1b07e1f3ec7o0&pid=15.1",
          "ContentType": "jpg",
          "Width": "300",
          "Height": "200",
          "FileSize": "12416"
        }
      },
      {
        "__metadata": {
          "uri": "https://api.datamarket.azure.com/Data.ashx/Bing/Search/Image?Query='yellow stone'&$skip=11&$top=1",
          "type": "ImageResult"
        },
        "ID": "59c738ee-c2ff-4155-b502-de496f0d8e0c",
        "Title": "Lower Falls of the Yellowstone River, Yellowstone National Park ...",
        "MediaUrl": "https://farm8.staticflickr.com/7392/13966642971_a6754bd079_o_d.jpg",
        "SourceUrl": "https://www.flickr.com/photos/usgeologicalsurvey/13966642971",
        "DisplayUrl": "https://www.flickr.com/photos/usgeologicalsurvey/13966642971",
        "Width": "3264",
        "Height": "2448",
        "FileSize": "5203365",
        "ContentType": "jpeg",
        "Thumbnail": {
          "__metadata": {
            "type": "Bing.Thumbnail"
          },
          "MediaUrl": "http://ts4.mm.bing.net/th?id=OIP.M6559cc3fd23b8b093490b83a8b54f8aco0&pid=15.1",
          "ContentType": "jpg",
          "Width": "300",
          "Height": "225",
          "FileSize": "12287"
        }
      },
      {
        "__metadata": {
          "uri": "https://api.datamarket.azure.com/Data.ashx/Bing/Search/Image?Query='yellow stone'&$skip=12&$top=1",
          "type": "ImageResult"
        },
        "ID": "ba49c762-d9f1-44af-be26-334409317c49",
        "Title": "yellowstone national park spans an area of 3472 square miles 8987 km² ...",
        "MediaUrl": "http://1.bp.blogspot.com/-C_3EAOG5hbo/T3IneTv6-0I/AAAAAAAACzA/_iBhy-yOM_s/s1600/yellowstone_pictures_wallpaper_7.jpg",
        "SourceUrl": "http://naturesmightypictures.blogspot.com/2012/03/yellowstone-national-park.html",
        "DisplayUrl": "naturesmightypictures.blogspot.com/2012/03/yellowstone-national...",
        "Width": "1600",
        "Height": "1066",
        "FileSize": "340826",
        "ContentType": "jpeg",
        "Thumbnail": {
          "__metadata": {
            "type": "Bing.Thumbnail"
          },
          "MediaUrl": "http://ts4.mm.bing.net/th?id=OIP.Mb55ea0743612a66de4865749c483855eo0&pid=15.1",
          "ContentType": "jpg",
          "Width": "300",
          "Height": "199",
          "FileSize": "10617"
        }
      },
      {
        "__metadata": {
          "uri": "https://api.datamarket.azure.com/Data.ashx/Bing/Search/Image?Query='yellow stone'&$skip=13&$top=1",
          "type": "ImageResult"
        },
        "ID": "6571d2d1-efe0-4a42-a82c-c3b63995f511",
        "Title": "File:Daisy Geyser erupting in Yellowstone National Park edit.jpg",
        "MediaUrl": "http://upload.wikimedia.org/wikipedia/commons/3/3d/Daisy_Geyser_erupting_in_Yellowstone_National_Park_edit.jpg",
        "SourceUrl": "http://commons.wikimedia.org/wiki/File:Daisy_Geyser_erupting_in_Yellowstone_National_Park_edit.jpg",
        "DisplayUrl": "commons.wikimedia.org/wiki/File:Daisy_Geyser_erupting_in...",
        "Width": "2000",
        "Height": "1387",
        "FileSize": "2164145",
        "ContentType": "jpeg",
        "Thumbnail": {
          "__metadata": {
            "type": "Bing.Thumbnail"
          },
          "MediaUrl": "http://ts4.mm.bing.net/th?id=OIP.Mde9a0567bfb602e24ed80dc6d9eb69e4H0&pid=15.1",
          "ContentType": "jpg",
          "Width": "300",
          "Height": "208",
          "FileSize": "11205"
        }
      },
      {
        "__metadata": {
          "uri": "https://api.datamarket.azure.com/Data.ashx/Bing/Search/Image?Query='yellow stone'&$skip=14&$top=1",
          "type": "ImageResult"
        },
        "ID": "de853f87-cf42-43f6-a0d8-3e27113c8988",
        "Title": "Yellowstone-National-Park",
        "MediaUrl": "http://perfectdestination.files.wordpress.com/2013/05/yellowstone-national-park.jpg",
        "SourceUrl": "http://perfectdestination.wordpress.com/tag/yellowstone/",
        "DisplayUrl": "perfectdestination.wordpress.com/tag/yellowstone",
        "Width": "1600",
        "Height": "1200",
        "FileSize": "342383",
        "ContentType": "jpeg",
        "Thumbnail": {
          "__metadata": {
            "type": "Bing.Thumbnail"
          },
          "MediaUrl": "http://ts4.mm.bing.net/th?id=OIP.Mdd58d74acde6ce49eb84b91538ea4cf7H0&pid=15.1",
          "ContentType": "jpg",
          "Width": "300",
          "Height": "225",
          "FileSize": "16640"
        }
      },
      {
        "__metadata": {
          "uri": "https://api.datamarket.azure.com/Data.ashx/Bing/Search/Image?Query='yellow stone'&$skip=15&$top=1",
          "type": "ImageResult"
        },
        "ID": "365d32e9-49ed-4c57-bb3e-ce4ac2f1b051",
        "Title": "Judul: Yellowstone National Park in the United States",
        "MediaUrl": "http://2.bp.blogspot.com/-S3VsaX_TgoA/T3OTIYeTCsI/AAAAAAAADDs/NId5g-yOn8A/s1600/Yellowstone+National+Park+beauty.jpg",
        "SourceUrl": "http://imagestour.blogspot.com/2012/03/yellowstone-national-park-in-united.html",
        "DisplayUrl": "imagestour.blogspot.com/2012/03/yellowstone-national-park-in-united...",
        "Width": "800",
        "Height": "549",
        "FileSize": "86952",
        "ContentType": "jpeg",
        "Thumbnail": {
          "__metadata": {
            "type": "Bing.Thumbnail"
          },
          "MediaUrl": "http://ts3.mm.bing.net/th?id=OIP.M8f5a66d89631ee0b43c4045e77ed8e09H0&pid=15.1",
          "ContentType": "jpg",
          "Width": "300",
          "Height": "205",
          "FileSize": "16134"
        }
      },
      {
        "__metadata": {
          "uri": "https://api.datamarket.azure.com/Data.ashx/Bing/Search/Image?Query='yellow stone'&$skip=16&$top=1",
          "type": "ImageResult"
        },
        "ID": "4360cac0-7e9f-428f-b58b-75fd657bd328",
        "Title": "The landscape of Yellowstone National Park is a manifestation of a ...",
        "MediaUrl": "http://en.es-static.us/upl/2014/03/Bison_near_a_hot_spring_in_Yellowstone.jpg",
        "SourceUrl": "http://earthsky.org/earth/earthquake-in-yellowstone-national-park-on-march-30",
        "DisplayUrl": "earthsky.org/earth/earthquake-in-yellowstone-national-park-on-march-30",
        "Width": "1600",
        "Height": "1080",
        "FileSize": "1152782",
        "ContentType": "jpeg",
        "Thumbnail": {
          "__metadata": {
            "type": "Bing.Thumbnail"
          },
          "MediaUrl": "http://ts1.mm.bing.net/th?id=OIP.Mc1437058e9eba2ca24c4491744df0263o0&pid=15.1",
          "ContentType": "jpg",
          "Width": "300",
          "Height": "202",
          "FileSize": "15254"
        }
      },
      {
        "__metadata": {
          "uri": "https://api.datamarket.azure.com/Data.ashx/Bing/Search/Image?Query='yellow stone'&$skip=17&$top=1",
          "type": "ImageResult"
        },
        "ID": "528d3e06-9682-4e50-ae52-d292c678a20d",
        "Title": "Yellowstone National Park Rattled By Largest Earthquake In 34 Years ...",
        "MediaUrl": "http://static4.businessinsider.com/image/533941e6eab8ea9f22f6ac95/yellowstone-national-park-rattled-by-largest-earthquake-in-34-years.jpg",
        "SourceUrl": "http://www.businessinsider.com/r-yellowstone-national-park-rattled-by-largest-earthquake-in-34-years-2014-30",
        "DisplayUrl": "www.businessinsider.com/r-yellowstone-national-park-rattled-by...",
        "Width": "2133",
        "Height": "1600",
        "FileSize": "371159",
        "ContentType": "jpeg",
        "Thumbnail": {
          "__metadata": {
            "type": "Bing.Thumbnail"
          },
          "MediaUrl": "http://ts1.mm.bing.net/th?id=OIP.M909da3bf02a567a6c5ee7e8c9545ff3ao0&pid=15.1",
          "ContentType": "jpg",
          "Width": "300",
          "Height": "225",
          "FileSize": "17499"
        }
      },
      {
        "__metadata": {
          "uri": "https://api.datamarket.azure.com/Data.ashx/Bing/Search/Image?Query='yellow stone'&$skip=18&$top=1",
          "type": "ImageResult"
        },
        "ID": "f18bf287-af24-4b66-b4f8-04811d60f8c3",
        "Title": "Description Beehive geyser yellowstone groot.jpg",
        "MediaUrl": "http://upload.wikimedia.org/wikipedia/commons/2/2e/Beehive_geyser_yellowstone_groot.jpg",
        "SourceUrl": "http://commons.wikimedia.org/wiki/File:Beehive_geyser_yellowstone_groot.jpg",
        "DisplayUrl": "commons.wikimedia.org/wiki/File:Beehive_geyser_yellowstone_groot.jpg",
        "Width": "2000",
        "Height": "1369",
        "FileSize": "481211",
        "ContentType": "jpeg",
        "Thumbnail": {
          "__metadata": {
            "type": "Bing.Thumbnail"
          },
          "MediaUrl": "http://ts2.mm.bing.net/th?id=OIP.Mbf43a26e673d8538edfaaed506be0fe5o0&pid=15.1",
          "ContentType": "jpg",
          "Width": "300",
          "Height": "205",
          "FileSize": "9372"
        }
      },
      {
        "__metadata": {
          "uri": "https://api.datamarket.azure.com/Data.ashx/Bing/Search/Image?Query='yellow stone'&$skip=19&$top=1",
          "type": "ImageResult"
        },
        "ID": "304180bb-c934-45ae-82e1-955ee6c7a52f",
        "Title": "... yellowstone family favorite yellowstone adventure fall yellowstone",
        "MediaUrl": "http://traveltherockies.com/wp-content/uploads/2011/03/yellowstone_park_landscape-12377.jpg",
        "SourceUrl": "http://traveltherockies.com/destinations/yellowstone-and-grand-teton-national-park/148-2/",
        "DisplayUrl": "traveltherockies.com/destinations/yellowstone-and-grand-teton...",
        "Width": "849",
        "Height": "565",
        "FileSize": "743537",
        "ContentType": "jpeg",
        "Thumbnail": {
          "__metadata": {
            "type": "Bing.Thumbnail"
          },
          "MediaUrl": "http://ts1.mm.bing.net/th?id=OIP.Mb9ce50a9dcee2e2973eb79279b0cf53fo0&pid=15.1",
          "ContentType": "jpg",
          "Width": "300",
          "Height": "199",
          "FileSize": "12985"
        }
      },
      {
        "__metadata": {
          "uri": "https://api.datamarket.azure.com/Data.ashx/Bing/Search/Image?Query='yellow stone'&$skip=20&$top=1",
          "type": "ImageResult"
        },
        "ID": "bfdc00b6-3b2f-4697-9a8b-7ef5d6dc79d4",
        "Title": "Yellowstone National Park Photos - National Geographic",
        "MediaUrl": "http://images.nationalgeographic.com/wpf/media-live/photos/000/020/cache/yellowstone-lower-falls_2023_600x450.jpg",
        "SourceUrl": "http://www.4gress.com/sights/entry/100048.html",
        "DisplayUrl": "www.4gress.com/sights/entry/100048.html",
        "Width": "600",
        "Height": "450",
        "FileSize": "71476",
        "ContentType": "jpeg",
        "Thumbnail": {
          "__metadata": {
            "type": "Bing.Thumbnail"
          },
          "MediaUrl": "http://ts4.mm.bing.net/th?id=OIP.M79f8d0398ec093d2d030c9e4dda1108aH0&pid=15.1",
          "ContentType": "jpg",
          "Width": "300",
          "Height": "225",
          "FileSize": "14679"
        }
      },
      {
        "__metadata": {
          "uri": "https://api.datamarket.azure.com/Data.ashx/Bing/Search/Image?Query='yellow stone'&$skip=21&$top=1",
          "type": "ImageResult"
        },
        "ID": "fe893f2d-5a55-4914-9002-016b27ed77f7",
        "Title": "Yellowstone National Park Wallpapers | High Definition Wallpapers",
        "MediaUrl": "http://3.bp.blogspot.com/-r6lI3qvnYaA/T3Im7fV2giI/AAAAAAAACyY/WRFTffQZMlo/s1600/yellowstone_pictures_wallpaper_2.jpg",
        "SourceUrl": "http://hdwallp-apers.blogspot.com/2013/02/yellowstone-national-park-wallpapers.html",
        "DisplayUrl": "hdwallp-apers.blogspot.com/2013/02/yellowstone-national-park...",
        "Width": "1024",
        "Height": "768",
        "FileSize": "145056",
        "ContentType": "jpeg",
        "Thumbnail": {
          "__metadata": {
            "type": "Bing.Thumbnail"
          },
          "MediaUrl": "http://ts2.mm.bing.net/th?id=OIP.M895b105c8d6af6b5e504daf516abfcc2o0&pid=15.1",
          "ContentType": "jpg",
          "Width": "300",
          "Height": "225",
          "FileSize": "14389"
        }
      },
      {
        "__metadata": {
          "uri": "https://api.datamarket.azure.com/Data.ashx/Bing/Search/Image?Query='yellow stone'&$skip=22&$top=1",
          "type": "ImageResult"
        },
        "ID": "2367a6e2-bf2f-4651-8210-831209d92164",
        "Title": "Waterfall at Yellowstone National Park in Wyoming, United States",
        "MediaUrl": "http://famouswonders.com/wp-content/uploads/2009/04/yellowstone-national-park.jpg",
        "SourceUrl": "http://famouswonders.com/yellowstone-national-park-in-wyoming/",
        "DisplayUrl": "famouswonders.com/yellowstone-national-park-in-wyoming",
        "Width": "1200",
        "Height": "800",
        "FileSize": "399948",
        "ContentType": "jpeg",
        "Thumbnail": {
          "__metadata": {
            "type": "Bing.Thumbnail"
          },
          "MediaUrl": "http://ts1.mm.bing.net/th?id=OIP.M750255510fa3f81acadc0e76ace788e9H0&pid=15.1",
          "ContentType": "jpg",
          "Width": "300",
          "Height": "200",
          "FileSize": "14421"
        }
      },
      {
        "__metadata": {
          "uri": "https://api.datamarket.azure.com/Data.ashx/Bing/Search/Image?Query='yellow stone'&$skip=23&$top=1",
          "type": "ImageResult"
        },
        "ID": "27a9763d-caf4-4f9f-9f79-ca4bb2b56f6d",
        "Title": "Yellowstone Park 1600x1200 Wallpapers,Yellowstone National Park ...",
        "MediaUrl": "http://wfiles.brothersoft.com/y/yellowstone-park_98093-1600x1200.jpg",
        "SourceUrl": "http://wallpapers.brothersoft.com/yellowstone-park-98093-1600x1200.html",
        "DisplayUrl": "wallpapers.brothersoft.com/yellowstone-park-98093-1600x1200.html",
        "Width": "1600",
        "Height": "1200",
        "FileSize": "490116",
        "ContentType": "jpeg",
        "Thumbnail": {
          "__metadata": {
            "type": "Bing.Thumbnail"
          },
          "MediaUrl": "http://ts1.mm.bing.net/th?id=OIP.Mf293a2805949c7d2c91ba862f1e00c45H0&pid=15.1",
          "ContentType": "jpg",
          "Width": "300",
          "Height": "225",
          "FileSize": "18355"
        }
      },
      {
        "__metadata": {
          "uri": "https://api.datamarket.azure.com/Data.ashx/Bing/Search/Image?Query='yellow stone'&$skip=24&$top=1",
          "type": "ImageResult"
        },
        "ID": "96d5cd3d-c914-4189-b0bd-9f0a087007ee",
        "Title": "1600x1200px Yellowstone National Park | #504488",
        "MediaUrl": "http://10-themes.com/data_images/wallpapers/62/504488-yellowstone-national-park.jpg",
        "SourceUrl": "http://10-themes.com/504488.html",
        "DisplayUrl": "10-themes.com/504488.html",
        "Width": "1600",
        "Height": "1200",
        "FileSize": "452470",
        "ContentType": "jpeg",
        "Thumbnail": {
          "__metadata": {
            "type": "Bing.Thumbnail"
          },
          "MediaUrl": "http://ts2.mm.bing.net/th?id=OIP.Mfd513eedee22daea1f37ad9ed0c54ee8o0&pid=15.1",
          "ContentType": "jpg",
          "Width": "300",
          "Height": "225",
          "FileSize": "14577"
        }
      },
      {
        "__metadata": {
          "uri": "https://api.datamarket.azure.com/Data.ashx/Bing/Search/Image?Query='yellow stone'&$skip=25&$top=1",
          "type": "ImageResult"
        },
        "ID": "9927d348-52ea-49c1-bf7b-45802d5d4990",
        "Title": "Description Yellowstone Castle Geysir.jpg",
        "MediaUrl": "http://upload.wikimedia.org/wikipedia/commons/f/f2/Yellowstone_Castle_Geysir.jpg",
        "SourceUrl": "http://commons.wikimedia.org/wiki/File:Yellowstone_Castle_Geysir.jpg",
        "DisplayUrl": "commons.wikimedia.org/wiki/File:Yellowstone_Castle_Geysir.jpg",
        "Width": "2592",
        "Height": "3888",
        "FileSize": "4245041",
        "ContentType": "jpeg",
        "Thumbnail": {
          "__metadata": {
            "type": "Bing.Thumbnail"
          },
          "MediaUrl": "http://ts2.mm.bing.net/th?id=OIP.Mbf412c875bbce77652e83dcaf310be54o0&pid=15.1",
          "ContentType": "jpg",
          "Width": "200",
          "Height": "300",
          "FileSize": "11252"
        }
      },
      {
        "__metadata": {
          "uri": "https://api.datamarket.azure.com/Data.ashx/Bing/Search/Image?Query='yellow stone'&$skip=26&$top=1",
          "type": "ImageResult"
        },
        "ID": "160b2e41-37b1-41d0-864f-4665440a81de",
        "Title": "Yellowstone Campgrounds - Camping in Yellowstone National Park",
        "MediaUrl": "http://www.destination360.com/north-america/us/wyoming/yellowstone-national-park/images/s/camping.jpg",
        "SourceUrl": "http://www.destination360.com/north-america/us/wyoming/yellowstone-national-park/camping",
        "DisplayUrl": "www.destination360.com/north-america/us/wyoming/yellowstone...",
        "Width": "1601",
        "Height": "1149",
        "FileSize": "362880",
        "ContentType": "jpeg",
        "Thumbnail": {
          "__metadata": {
            "type": "Bing.Thumbnail"
          },
          "MediaUrl": "http://ts2.mm.bing.net/th?id=OIP.M64071e0e7341bb278ac173cc0849b332H0&pid=15.1",
          "ContentType": "jpg",
          "Width": "300",
          "Height": "215",
          "FileSize": "20261"
        }
      },
      {
        "__metadata": {
          "uri": "https://api.datamarket.azure.com/Data.ashx/Bing/Search/Image?Query='yellow stone'&$skip=27&$top=1",
          "type": "ImageResult"
        },
        "ID": "36583fe7-ea91-4200-b268-d504dc2c807a",
        "Title": "Grand Prismatic Spring, Yellowstone National Park. Photo: feel-planet ...",
        "MediaUrl": "http://snowbrains.com/wp-content/uploads/2015/10/Yellowstone-National-Park.jpg",
        "SourceUrl": "http://snowbrains.com/3-8-million-visits-at-yellowstone-national-park-this-year/",
        "DisplayUrl": "snowbrains.com/3-8-million-visits-at-yellowstone-national-park-this...",
        "Width": "2560",
        "Height": "1311",
        "FileSize": "822932",
        "ContentType": "jpeg",
        "Thumbnail": {
          "__metadata": {
            "type": "Bing.Thumbnail"
          },
          "MediaUrl": "http://ts3.mm.bing.net/th?id=OIP.M8a3ed0283d434771e7423607cfb35558o0&pid=15.1",
          "ContentType": "jpg",
          "Width": "300",
          "Height": "153",
          "FileSize": "8630"
        }
      },
      {
        "__metadata": {
          "uri": "https://api.datamarket.azure.com/Data.ashx/Bing/Search/Image?Query='yellow stone'&$skip=28&$top=1",
          "type": "ImageResult"
        },
        "ID": "0a12feaa-d37a-4daa-938c-3f6ca1e0d1f6",
        "Title": "Download Yellowstone Wallpaper",
        "MediaUrl": "http://www-tc.pbs.org/wnet/nature/files/2008/12/wallpaper_large.jpg",
        "SourceUrl": "http://www.pbs.org/wnet/nature/episodes/christmas-in-yellowstone/download-yellowstone-wallpaper/4300/",
        "DisplayUrl": "www.pbs.org/wnet/nature/episodes/christmas-in-yellowstone/download...",
        "Width": "1024",
        "Height": "786",
        "FileSize": "339642",
        "ContentType": "jpeg",
        "Thumbnail": {
          "__metadata": {
            "type": "Bing.Thumbnail"
          },
          "MediaUrl": "http://ts3.mm.bing.net/th?id=OIP.M3ecbabac251e08be667d25654c42b727H0&pid=15.1",
          "ContentType": "jpg",
          "Width": "300",
          "Height": "230",
          "FileSize": "14211"
        }
      },
      {
        "__metadata": {
          "uri": "https://api.datamarket.azure.com/Data.ashx/Bing/Search/Image?Query='yellow stone'&$skip=29&$top=1",
          "type": "ImageResult"
        },
        "ID": "acbef651-685c-4eae-9780-827939647107",
        "Title": "Yellowstone National Park – A Hotspot Amongst The Tourists | Beauty ...",
        "MediaUrl": "http://4.bp.blogspot.com/-4IJsC3AxD24/UTrbg5EtPpI/AAAAAAAADkI/Tn1EtzozJt4/s1600/Bison_Yellowstone_National_Park_Wyoming.jpg",
        "SourceUrl": "http://beautyof-theworld.blogspot.com/2013/11/yellowstone-national-park-hotspot.html",
        "DisplayUrl": "beautyof-theworld.blogspot.com/2013/11/yellowstone-national-park...",
        "Width": "1600",
        "Height": "1200",
        "FileSize": "438133",
        "ContentType": "jpeg",
        "Thumbnail": {
          "__metadata": {
            "type": "Bing.Thumbnail"
          },
          "MediaUrl": "http://ts1.mm.bing.net/th?id=OIP.M6e95d5e2684033c5121cfd2fee9088caH0&pid=15.1",
          "ContentType": "jpg",
          "Width": "300",
          "Height": "225",
          "FileSize": "16282"
        }
      },
      {
        "__metadata": {
          "uri": "https://api.datamarket.azure.com/Data.ashx/Bing/Search/Image?Query='yellow stone'&$skip=30&$top=1",
          "type": "ImageResult"
        },
        "ID": "4ee4e85a-dac1-4705-b630-a54b95b9c8a2",
        "Title": "... geysers in Yellowstone Park. - Random Wallpaper (10489040) - Fanpop",
        "MediaUrl": "http://images2.fanpop.com/image/photos/10400000/Grand-Prismatic-Spring-hot-springs-and-geysers-in-Yellowstone-Park-random-10489040-800-600.jpg",
        "SourceUrl": "http://www.fanpop.com/clubs/random/images/10489040/title/grand-prismatic-spring-hot-springs-geysers-yellowstone-park-wallpaper",
        "DisplayUrl": "www.fanpop.com/clubs/random/images/10489040/title/grand-prismatic...",
        "Width": "800",
        "Height": "600",
        "FileSize": "169410",
        "ContentType": "jpeg",
        "Thumbnail": {
          "__metadata": {
            "type": "Bing.Thumbnail"
          },
          "MediaUrl": "http://ts1.mm.bing.net/th?id=OIP.M4838ec4df93494b7c9d6d386144f44feo0&pid=15.1",
          "ContentType": "jpg",
          "Width": "300",
          "Height": "225",
          "FileSize": "20410"
        }
      },
      {
        "__metadata": {
          "uri": "https://api.datamarket.azure.com/Data.ashx/Bing/Search/Image?Query='yellow stone'&$skip=31&$top=1",
          "type": "ImageResult"
        },
        "ID": "1bf35597-7299-439c-a0e4-ea1201e9375c",
        "Title": "How Yellowstone National Park Is Becoming More Eco-Friendly",
        "MediaUrl": "http://www.postconsumers.com/education/wp-content/uploads/2012/03/yellow_spring.jpg",
        "SourceUrl": "http://www.postconsumers.com/education/how-yellowstone-national-park-is-becoming-more-eco-friendly/",
        "DisplayUrl": "www.postconsumers.com/education/how-yellowstone-national-park-is...",
        "Width": "800",
        "Height": "531",
        "FileSize": "174897",
        "ContentType": "jpeg",
        "Thumbnail": {
          "__metadata": {
            "type": "Bing.Thumbnail"
          },
          "MediaUrl": "http://ts3.mm.bing.net/th?id=OIP.Maca6d6361ff4e44b27a27bfa4eddc366o0&pid=15.1",
          "ContentType": "jpg",
          "Width": "300",
          "Height": "199",
          "FileSize": "13693"
        }
      },
      {
        "__metadata": {
          "uri": "https://api.datamarket.azure.com/Data.ashx/Bing/Search/Image?Query='yellow stone'&$skip=32&$top=1",
          "type": "ImageResult"
        },
        "ID": "697d0a8b-fe33-4670-80d2-4ca963c8656f",
        "Title": "Mike Levin's Photo Gallery - Yellowstone and Grand Teton National ...",
        "MediaUrl": "http://www.mikelevin.com/YellowstoneGeyser1b-1024.jpg",
        "SourceUrl": "http://www.mikelevin.com/Yellowstone.html",
        "DisplayUrl": "www.mikelevin.com/Yellowstone.html",
        "Width": "1024",
        "Height": "768",
        "FileSize": "179757",
        "ContentType": "jpeg",
        "Thumbnail": {
          "__metadata": {
            "type": "Bing.Thumbnail"
          },
          "MediaUrl": "http://ts3.mm.bing.net/th?id=OIP.M3e76a6e1cad503e74506d84664479f23o0&pid=15.1",
          "ContentType": "jpg",
          "Width": "300",
          "Height": "225",
          "FileSize": "11240"
        }
      },
      {
        "__metadata": {
          "uri": "https://api.datamarket.azure.com/Data.ashx/Bing/Search/Image?Query='yellow stone'&$skip=33&$top=1",
          "type": "ImageResult"
        },
        "ID": "02985f56-76e3-4932-b704-d11e3457aba0",
        "Title": "The “Crested Pool” hot spring at Yellowstone is world famous, but ...",
        "MediaUrl": "http://thenypost.files.wordpress.com/2013/12/yellowstone-insert-4.jpg",
        "SourceUrl": "http://nypost.com/2013/12/12/beneath-yellowstone-a-volcano-that-could-wipe-out-u-s/",
        "DisplayUrl": "nypost.com/2013/12/12/beneath-yellowstone-a-volcano-that-could-wipe...",
        "Width": "2000",
        "Height": "1333",
        "FileSize": "1003117",
        "ContentType": "jpeg",
        "Thumbnail": {
          "__metadata": {
            "type": "Bing.Thumbnail"
          },
          "MediaUrl": "http://ts1.mm.bing.net/th?id=OIP.M9cbdd0870d82136612adb540ac1da1e4o0&pid=15.1",
          "ContentType": "jpg",
          "Width": "300",
          "Height": "199",
          "FileSize": "10165"
        }
      },
      {
        "__metadata": {
          "uri": "https://api.datamarket.azure.com/Data.ashx/Bing/Search/Image?Query='yellow stone'&$skip=34&$top=1",
          "type": "ImageResult"
        },
        "ID": "19479aad-ce43-4847-a0d4-4d87497fd2cf",
        "Title": "It’s all natural in Yellowstone | The Citrus Report | Art, Culture ...",
        "MediaUrl": "http://www.thecitrusreport.com/wp-content/uploads/2011/03/Picture-12.png",
        "SourceUrl": "http://www.thecitrusreport.com/2011/headlines/its-all-natural-in-yellowstone/",
        "DisplayUrl": "www.thecitrusreport.com/2011/headlines/its-all-natural-in-yellowstone",
        "Width": "1011",
        "Height": "678",
        "FileSize": "1660230",
        "ContentType": "png",
        "Thumbnail": {
          "__metadata": {
            "type": "Bing.Thumbnail"
          },
          "MediaUrl": "http://ts2.mm.bing.net/th?id=OIP.Md9e30bc5de592e2ece44789bb5235154o0&pid=15.1",
          "ContentType": "jpg",
          "Width": "300",
          "Height": "201",
          "FileSize": "19826"
        }
      },
      {
        "__metadata": {
          "uri": "https://api.datamarket.azure.com/Data.ashx/Bing/Search/Image?Query='yellow stone'&$skip=35&$top=1",
          "type": "ImageResult"
        },
        "ID": "da9d5f43-3cc5-4d13-8341-cd9febe34d01",
        "Title": "Yellowstone_River_in_Hayden_Valley_Yellowstone_.jpg",
        "MediaUrl": "http://4.bp.blogspot.com/-n1wBlhGAmHs/T8bsD1Z60fI/AAAAAAAAAVc/CZZHLVQAcWc/s1600/Yellowstone_River_in_Hayden_Valley_Yellowstone_.jpg",
        "SourceUrl": "http://fishinrod.blogspot.com/2012/05/yellowstone.html",
        "DisplayUrl": "fishinrod.blogspot.com/2012/05/yellowstone.html",
        "Width": "1600",
        "Height": "1200",
        "FileSize": "369170",
        "ContentType": "jpeg",
        "Thumbnail": {
          "__metadata": {
            "type": "Bing.Thumbnail"
          },
          "MediaUrl": "http://ts1.mm.bing.net/th?id=OIP.M85b304837af2795b85fe8546af47454eo0&pid=15.1",
          "ContentType": "jpg",
          "Width": "300",
          "Height": "225",
          "FileSize": "12508"
        }
      },
      {
        "__metadata": {
          "uri": "https://api.datamarket.azure.com/Data.ashx/Bing/Search/Image?Query='yellow stone'&$skip=36&$top=1",
          "type": "ImageResult"
        },
        "ID": "88530bf0-4c7d-45f0-9e8f-aaae592dd680",
        "Title": "TAGS Yellow Stone Yellowstone National Park",
        "MediaUrl": "http://dailysciencejournal.com/wp-content/uploads/2014/12/yellow-stone.jpg",
        "SourceUrl": "http://dailysciencejournal.com/truth-pools-yellowstone-national-park/2450/",
        "DisplayUrl": "dailysciencejournal.com/truth-pools-yellowstone-national-park/2450",
        "Width": "660",
        "Height": "360",
        "FileSize": "89665",
        "ContentType": "jpeg",
        "Thumbnail": {
          "__metadata": {
            "type": "Bing.Thumbnail"
          },
          "MediaUrl": "http://ts3.mm.bing.net/th?id=OIP.Mede85a00e52deee631050ec4576a0b9bo0&pid=15.1",
          "ContentType": "jpg",
          "Width": "300",
          "Height": "163",
          "FileSize": "14854"
        }
      },
      {
        "__metadata": {
          "uri": "https://api.datamarket.azure.com/Data.ashx/Bing/Search/Image?Query='yellow stone'&$skip=37&$top=1",
          "type": "ImageResult"
        },
        "ID": "2ee5627d-d707-449f-ad38-3e400938bed7",
        "Title": "Yellowstone Park photo gallery - hellomagazine.com",
        "MediaUrl": "http://www.hellomagazine.com/imagenes/travel/201104015196/yellowstone-park/photo/gallery/0-18-212/a_yellowstone6-a.jpg",
        "SourceUrl": "http://www.hellomagazine.com/travel/201104015196/yellowstone-park/photo/gallery/",
        "DisplayUrl": "www.hellomagazine.com/travel/201104015196/yellowstone-park/photo...",
        "Width": "664",
        "Height": "1000",
        "FileSize": "123529",
        "ContentType": "jpeg",
        "Thumbnail": {
          "__metadata": {
            "type": "Bing.Thumbnail"
          },
          "MediaUrl": "http://ts4.mm.bing.net/th?id=OIP.M1ca0429658dbfa420d7c8ba37a79746fo0&pid=15.1",
          "ContentType": "jpg",
          "Width": "199",
          "Height": "300",
          "FileSize": "13843"
        }
      },
      {
        "__metadata": {
          "uri": "https://api.datamarket.azure.com/Data.ashx/Bing/Search/Image?Query='yellow stone'&$skip=38&$top=1",
          "type": "ImageResult"
        },
        "ID": "7d9f6580-f442-441c-9bd9-e371144c9120",
        "Title": "Is Better Internet Coming To Yellowstone Soon?",
        "MediaUrl": "http://doityourselfrvcom.c.presscdn.com/wp-content/uploads/2014/11/Yellowstone-glory-pool.jpg",
        "SourceUrl": "http://www.doityourselfrv.com/will-4g-lte-coming-yellowstone-soon-prefer/",
        "DisplayUrl": "www.doityourselfrv.com/will-4g-lte-coming-yellowstone-soon-prefer",
        "Width": "990",
        "Height": "658",
        "FileSize": "526229",
        "ContentType": "jpeg",
        "Thumbnail": {
          "__metadata": {
            "type": "Bing.Thumbnail"
          },
          "MediaUrl": "http://ts4.mm.bing.net/th?id=OIP.M0833231acb5f63b0f11ab96b569323e6o0&pid=15.1",
          "ContentType": "jpg",
          "Width": "300",
          "Height": "199",
          "FileSize": "15797"
        }
      },
      {
        "__metadata": {
          "uri": "https://api.datamarket.azure.com/Data.ashx/Bing/Search/Image?Query='yellow stone'&$skip=39&$top=1",
          "type": "ImageResult"
        },
        "ID": "0d725444-6e9d-4718-a433-be1ba0369b41",
        "Title": "Yellowstone_Lake_Yellowstone_National_Park_Wyo.jpg",
        "MediaUrl": "http://2.bp.blogspot.com/-BDTjtb3UifI/T8bsCOMI4LI/AAAAAAAAAVU/Hllb6mD0_P4/s1600/Yellowstone_Lake_Yellowstone_National_Park_Wyo.jpg",
        "SourceUrl": "http://fishinrod.blogspot.com/2012/05/yellowstone.html",
        "DisplayUrl": "fishinrod.blogspot.com/2012/05/yellowstone.html",
        "Width": "1600",
        "Height": "1200",
        "FileSize": "341742",
        "ContentType": "jpeg",
        "Thumbnail": {
          "__metadata": {
            "type": "Bing.Thumbnail"
          },
          "MediaUrl": "http://ts4.mm.bing.net/th?id=OIP.Mc322f6eb689a6aa36c97b4da226d1f72H0&pid=15.1",
          "ContentType": "jpg",
          "Width": "300",
          "Height": "225",
          "FileSize": "11428"
        }
      },
      {
        "__metadata": {
          "uri": "https://api.datamarket.azure.com/Data.ashx/Bing/Search/Image?Query='yellow stone'&$skip=40&$top=1",
          "type": "ImageResult"
        },
        "ID": "bc5043e0-92a2-4043-a536-b5217ce4f0e3",
        "Title": "Yellowstone Seismic Charts Have Gone Crazy, But Not 1 Single ...",
        "MediaUrl": "http://www.preppersworldusa.com/wp-content/uploads/2014/04/o-YELLOWSTONE-facebook.jpg",
        "SourceUrl": "http://www.preppersworldusa.com/2014/04/29/yellowstone-seismic-meters-charts-gone-crazy-1-single-earthquake-reported-5-days/",
        "DisplayUrl": "www.preppersworldusa.com/2014/04/29/yellowstone-seismic-meters...",
        "Width": "2000",
        "Height": "1000",
        "FileSize": "772020",
        "ContentType": "jpeg",
        "Thumbnail": {
          "__metadata": {
            "type": "Bing.Thumbnail"
          },
          "MediaUrl": "http://ts2.mm.bing.net/th?id=OIP.M78d96421dfda1fa832e5b5875d143b1eo0&pid=15.1",
          "ContentType": "jpg",
          "Width": "300",
          "Height": "150",
          "FileSize": "11134"
        }
      },
      {
        "__metadata": {
          "uri": "https://api.datamarket.azure.com/Data.ashx/Bing/Search/Image?Query='yellow stone'&$skip=41&$top=1",
          "type": "ImageResult"
        },
        "ID": "b282fdc7-2c37-4967-b7ea-a4573ddd2645",
        "Title": "Morning Glory Pool, Yellowstone National Park, USA",
        "MediaUrl": "http://upload.wikimedia.org/wikipedia/commons/f/f5/Morning_Glory_Pool_Yellowstone_National_Park.jpg",
        "SourceUrl": "http://www.thelivingmoon.com/41pegasus/02files/Yellowstone_Morning_Glory.html",
        "DisplayUrl": "www.thelivingmoon.com/41pegasus/02files/Yellowstone_Morning_Glory.html",
        "Width": "4378",
        "Height": "2918",
        "FileSize": "2485717",
        "ContentType": "jpeg",
        "Thumbnail": {
          "__metadata": {
            "type": "Bing.Thumbnail"
          },
          "MediaUrl": "http://ts3.mm.bing.net/th?id=OIP.Mcf944ef79268e91e0da754c0503892ffH0&pid=15.1",
          "ContentType": "jpg",
          "Width": "300",
          "Height": "199",
          "FileSize": "15500"
        }
      },
      {
        "__metadata": {
          "uri": "https://api.datamarket.azure.com/Data.ashx/Bing/Search/Image?Query='yellow stone'&$skip=42&$top=1",
          "type": "ImageResult"
        },
        "ID": "1c44aca2-5d51-488e-b7d0-5cd6fa237e20",
        "Title": "Yellowstone National Park - World Heritage Routes Travel",
        "MediaUrl": "http://worldheritage.routes.travel/wp-content/uploads/1978/07/yellowstone.jpg",
        "SourceUrl": "http://worldheritage.routes.travel/world-heritage-site/yellowstone-national-park/",
        "DisplayUrl": "worldheritage.routes.travel/world-heritage-site/yellowstone...",
        "Width": "1024",
        "Height": "768",
        "FileSize": "244156",
        "ContentType": "jpeg",
        "Thumbnail": {
          "__metadata": {
            "type": "Bing.Thumbnail"
          },
          "MediaUrl": "http://ts3.mm.bing.net/th?id=OIP.Mee2805cd175104558c163fe95ed68ef9H0&pid=15.1",
          "ContentType": "jpg",
          "Width": "300",
          "Height": "225",
          "FileSize": "22512"
        }
      },
      {
        "__metadata": {
          "uri": "https://api.datamarket.azure.com/Data.ashx/Bing/Search/Image?Query='yellow stone'&$skip=43&$top=1",
          "type": "ImageResult"
        },
        "ID": "c3d6e3d6-fc05-4325-a007-0cad71d863a6",
        "Title": "Yellowstone National Park ~ Incredipedia",
        "MediaUrl": "http://philip.greenspun.com/samantha/medium-format/yellowstone-falls.jpg",
        "SourceUrl": "http://www.incredipedia.info/2008/12/yellowstone-national-park.html",
        "DisplayUrl": "www.incredipedia.info/2008/12/yellowstone-national-park.html",
        "Width": "1046",
        "Height": "1044",
        "FileSize": "264986",
        "ContentType": "jpeg",
        "Thumbnail": {
          "__metadata": {
            "type": "Bing.Thumbnail"
          },
          "MediaUrl": "http://ts3.mm.bing.net/th?id=OIP.Mca841df34599b85cb9fb762c6e968a31o0&pid=15.1",
          "ContentType": "jpg",
          "Width": "300",
          "Height": "299",
          "FileSize": "20860"
        }
      },
      {
        "__metadata": {
          "uri": "https://api.datamarket.azure.com/Data.ashx/Bing/Search/Image?Query='yellow stone'&$skip=44&$top=1",
          "type": "ImageResult"
        },
        "ID": "d154a71f-6182-417c-b6df-c5c8c3bef98b",
        "Title": "Yellowstone National Park Wallpapers | HD Wallpapers",
        "MediaUrl": "http://www.hdwallpapers.in/walls/yellowstone_national_park-wide.jpg",
        "SourceUrl": "http://www.hdwallpapers.in/yellowstone_national_park-wallpapers.html",
        "DisplayUrl": "www.hdwallpapers.in/yellowstone_national_park-wallpapers.html",
        "Width": "1920",
        "Height": "1200",
        "FileSize": "371774",
        "ContentType": "jpeg",
        "Thumbnail": {
          "__metadata": {
            "type": "Bing.Thumbnail"
          },
          "MediaUrl": "http://ts1.mm.bing.net/th?id=OIP.M971a3ca2fb8aed0d104093f03be7365bH0&pid=15.1",
          "ContentType": "jpg",
          "Width": "300",
          "Height": "187",
          "FileSize": "8631"
        }
      },
      {
        "__metadata": {
          "uri": "https://api.datamarket.azure.com/Data.ashx/Bing/Search/Image?Query='yellow stone'&$skip=45&$top=1",
          "type": "ImageResult"
        },
        "ID": "bbdc391f-f8ed-4158-b3d9-0993e0359dfc",
        "Title": "Old Faithful Geyser, Yellowstone National Park, Wyoming, USA - YouTube",
        "MediaUrl": "http://upload.wikimedia.org/wikipedia/commons/d/d5/Wildfire_in_Yellowstone_Natinal_Park_produces_Pyrocumulus_clouds1.jpg",
        "SourceUrl": "http://www.youtube.com/watch?v=bKRjEudBQzE",
        "DisplayUrl": "www.youtube.com/watch?v=bKRjEudBQzE",
        "Width": "2000",
        "Height": "1225",
        "FileSize": "2131455",
        "ContentType": "jpeg",
        "Thumbnail": {
          "__metadata": {
            "type": "Bing.Thumbnail"
          },
          "MediaUrl": "http://ts4.mm.bing.net/th?id=OIP.M928f00a5ad57ef4f5cfda7beeabee484o0&pid=15.1",
          "ContentType": "jpg",
          "Width": "300",
          "Height": "183",
          "FileSize": "11358"
        }
      },
      {
        "__metadata": {
          "uri": "https://api.datamarket.azure.com/Data.ashx/Bing/Search/Image?Query='yellow stone'&$skip=46&$top=1",
          "type": "ImageResult"
        },
        "ID": "aebc816f-7f54-4d5f-b320-92302b72857f",
        "Title": "Yellowstone Park 1280x1024 Wallpapers,Yellowstone National Park ...",
        "MediaUrl": "http://wfiles.brothersoft.com/y/yellowstone-park_98091-1280x1024.jpg",
        "SourceUrl": "http://wallpapers.brothersoft.com/yellowstone-park-98091-1280x1024.html",
        "DisplayUrl": "wallpapers.brothersoft.com/yellowstone-park-98091-1280x1024.html",
        "Width": "1280",
        "Height": "1024",
        "FileSize": "382813",
        "ContentType": "jpeg",
        "Thumbnail": {
          "__metadata": {
            "type": "Bing.Thumbnail"
          },
          "MediaUrl": "http://ts3.mm.bing.net/th?id=OIP.M5c5a0b5a670d8de934c6789972e36806H0&pid=15.1",
          "ContentType": "jpg",
          "Width": "300",
          "Height": "240",
          "FileSize": "9817"
        }
      },
      {
        "__metadata": {
          "uri": "https://api.datamarket.azure.com/Data.ashx/Bing/Search/Image?Query='yellow stone'&$skip=47&$top=1",
          "type": "ImageResult"
        },
        "ID": "77f065a7-bdcc-45f2-a86e-1f423d62681f",
        "Title": "Yellowstone National Park | The Perfect Destination",
        "MediaUrl": "https://perfectdestination.files.wordpress.com/2013/05/grand-prismatic-spring-yellowstone-national-park.jpg",
        "SourceUrl": "https://perfectdestination.wordpress.com/2013/05/08/yellowstone-national-park/",
        "DisplayUrl": "https://perfectdestination.wordpress.com/2013/05/08/yellowstone...",
        "Width": "960",
        "Height": "638",
        "FileSize": "209861",
        "ContentType": "jpeg",
        "Thumbnail": {
          "__metadata": {
            "type": "Bing.Thumbnail"
          },
          "MediaUrl": "http://ts2.mm.bing.net/th?id=OIP.M8ba523cb1f799a527476325679920f7fo0&pid=15.1",
          "ContentType": "jpg",
          "Width": "300",
          "Height": "199",
          "FileSize": "10146"
        }
      },
      {
        "__metadata": {
          "uri": "https://api.datamarket.azure.com/Data.ashx/Bing/Search/Image?Query='yellow stone'&$skip=48&$top=1",
          "type": "ImageResult"
        },
        "ID": "cadd4122-541e-4767-a7fd-eb6380c5d784",
        "Title": "guide to trekking in Yellowstone National Park - Avalanche Back Pack ...",
        "MediaUrl": "http://avalanchebackpack.com/wp-content/uploads/2013/02/yellowstone-fountain.jpg",
        "SourceUrl": "http://avalanchebackpack.com/a-guide-to-trekking-in-yellowstone-national-park/",
        "DisplayUrl": "avalanchebackpack.com/a-guide-to-trekking-in-yellowstone-national-park",
        "Width": "2000",
        "Height": "1333",
        "FileSize": "661401",
        "ContentType": "jpeg",
        "Thumbnail": {
          "__metadata": {
            "type": "Bing.Thumbnail"
          },
          "MediaUrl": "http://ts2.mm.bing.net/th?id=OIP.Mdc1d0bc485486cceb786dd5452c94f40H0&pid=15.1",
          "ContentType": "jpg",
          "Width": "300",
          "Height": "199",
          "FileSize": "7793"
        }
      },
      {
        "__metadata": {
          "uri": "https://api.datamarket.azure.com/Data.ashx/Bing/Search/Image?Query='yellow stone'&$skip=49&$top=1",
          "type": "ImageResult"
        },
        "ID": "cd3deba6-ae8a-41b1-adc3-132d5d8e3b23",
        "Title": "Lowther's 2010/2011 trip: Yellowstone National Park (23-35)",
        "MediaUrl": "http://1.bp.blogspot.com/_lb7PYHyODKE/TLoWrnYS6hI/AAAAAAAABIc/ASqiIGDqtUw/s1600/Yellowstone+map.JPG",
        "SourceUrl": "http://lowthertrip.blogspot.com/2010/10/yellowstone-national-park-23-35.html",
        "DisplayUrl": "lowthertrip.blogspot.com/2010/10/yellowstone-national-park-23-35.html",
        "Width": "1249",
        "Height": "1600",
        "FileSize": "538977",
        "ContentType": "jpeg",
        "Thumbnail": {
          "__metadata": {
            "type": "Bing.Thumbnail"
          },
          "MediaUrl": "http://ts3.mm.bing.net/th?id=OIP.Mf8cc40ee05e0cbdc9af1a6d51ad1250aH0&pid=15.1",
          "ContentType": "jpg",
          "Width": "234",
          "Height": "300",
          "FileSize": "19306"
        }
      }
    ],
    "__next": "https://api.datamarket.azure.com/Data.ashx/Bing/Search/Image?Query='yellow%20stone'&$skip=50&$top=50"
  }
}