{
  "d":{
    "results":[
      {
        "__metadata":{
          "uri":"https://api.datamarket.azure.com/Data.ashx/Bing/Search/Image?Query=\u0027cats\u0027&$skip=0&$top=1",
          "type":"ImageResult"
        },
        "ID":"c3dc0333-09ad-4c84-bd9a-67e901562c49",
        "Title":"Funny cute Cats and Puppies: Cats",
        "MediaUrl":"http://2.bp.blogspot.com/-WtdFq_e6eKo/TV5W5s-hS-I/AAAAAAAAAvM/gmCUYOx3bX8/s1600/Animals_Cats_Small_cat_005241_.jpg",
        "SourceUrl":"http://rapidleechlink.blogspot.com/2011/05/cats.html",
        "DisplayUrl":"rapidleechlink.blogspot.com/2011/05/cats.html",
        "Width":"1152",
        "Height":"864",
        "FileSize":"267846",
        "ContentType":"jpeg",
        "Thumbnail":{
          "__metadata":{
            "type":"Bing.Thumbnail"
          },
          "MediaUrl":"http://ts3.mm.bing.net/th?id=OIP.M2a50172cce1e37480b2df61561532aa4H0&pid=15.1",
          "ContentType":"jpg",
          "Width":"300",
          "Height":"225",
          "FileSize":"8240"
        }
      },
      {
        "__metadata":{
          "uri":"https://api.datamarket.azure.com/Data.ashx/Bing/Search/Image?Query=\u0027cats\u0027&$skip=1&$top=1",
          "type":"ImageResult"
        },
        "ID":"2f804c39-2ec7-45b5-8435-4d9f4f3df50d",
        "Title":"All Wallpapers: Beautiful Cats Hd Wallpapers",
        "MediaUrl":"http://2.bp.blogspot.com/-8XltDQ2fDJA/T_fJjDFlsUI/AAAAAAAAEIs/gXKoI_SAVxQ/s1600/Beautiful+Cats+Hd+Wallpapers_7.jpg",
        "SourceUrl":"http://newallwallpaper.blogspot.com/2012/07/beautiful-cats-hd-wallpapers.html",
        "DisplayUrl":"newallwallpaper.blogspot.com/2012/07/beautiful-cats-hd-wallpapers.html",
        "Width":"1600",
        "Height":"1200",
        "FileSize":"625493",
        "ContentType":"jpeg",
        "Thumbnail":{
          "__metadata":{
            "type":"Bing.Thumbnail"
          },
          "MediaUrl":"http://ts1.mm.bing.net/th?id=OIP.M3e2bb0e5ca44f5c65c2432aae9d94ab1H0&pid=15.1",
          "ContentType":"jpg",
          "Width":"300",
          "Height":"225",
          "FileSize":"8852"
        }
      },
      {
        "__metadata":{
          "uri":"https://api.datamarket.azure.com/Data.ashx/Bing/Search/Image?Query=\u0027cats\u0027&$skip=2&$top=1",
          "type":"ImageResult"
        },
        "ID":"5b121829-a591-4081-8ae3-75f14c207002",
        "Title":"Proxecto Gato: cats wallpapers by bighdwallpapers",
        "MediaUrl":"http://4.bp.blogspot.com/-XkviAtJ1s6Q/T3YFb2RUhDI/AAAAAAAAAVQ/EHomLZlFMKo/s1600/small+cat.jpg",
        "SourceUrl":"http://proxectogato.blogspot.com/2012/08/cats-wallpapers-by-bighdwallpapers.html",
        "DisplayUrl":"proxectogato.blogspot.com/2012/08/cats-wallpapers-by...",
        "Width":"1600",
        "Height":"1200",
        "FileSize":"241661",
        "ContentType":"jpeg",
        "Thumbnail":{
          "__metadata":{
            "type":"Bing.Thumbnail"
          },
          "MediaUrl":"http://ts3.mm.bing.net/th?id=OIP.M42428010d527fc1225757ada9d9a8bccH0&pid=15.1",
          "ContentType":"jpg",
          "Width":"300",
          "Height":"225",
          "FileSize":"6142"
        }
      },
      {
        "__metadata":{
          "uri":"https://api.datamarket.azure.com/Data.ashx/Bing/Search/Image?Query=\u0027cats\u0027&$skip=3&$top=1",
          "type":"ImageResult"
        },
        "ID":"53138890-24d3-4651-816d-8224884710d1",
        "Title":"Funny Animals: Cats Fight fun Photos",
        "MediaUrl":"http://1.bp.blogspot.com/-HJQXRmUxnZ8/TyVYBGySW6I/AAAAAAAAB58/s3us6xN18l4/s1600/Cats+Fight1.jpg",
        "SourceUrl":"http://funnyanimal4u.blogspot.com/2012/01/cats-fight-fun-photos.html",
        "DisplayUrl":"funnyanimal4u.blogspot.com/2012/01/cats-fight-fun-photos.html",
        "Width":"1600",
        "Height":"1200",
        "FileSize":"330065",
        "ContentType":"jpeg",
        "Thumbnail":{
          "__metadata":{
            "type":"Bing.Thumbnail"
          },
          "MediaUrl":"http://ts3.mm.bing.net/th?id=OIP.M2a3cf31070cc2b3a084ec3429804f88cH0&pid=15.1",
          "ContentType":"jpg",
          "Width":"300",
          "Height":"225",
          "FileSize":"12133"
        }
      },
      {
        "__metadata":{
          "uri":"https://api.datamarket.azure.com/Data.ashx/Bing/Search/Image?Query=\u0027cats\u0027&$skip=4&$top=1",
          "type":"ImageResult"
        },
        "ID":"8a0ca280-d596-444f-9f0d-f7fef2a54b05",
        "Title":"so freakin cute! - Cats Wallpaper (248645) - Fanpop",
        "MediaUrl":"http://images.fanpop.com/images/image_uploads/so-freakin-cute--cats-248645_1024_768.jpg",
        "SourceUrl":"http://www.fanpop.com/clubs/cats/images/248645",
        "DisplayUrl":"www.fanpop.com/clubs/cats/images/248645",
        "Width":"1024",
        "Height":"768",
        "FileSize":"237232",
        "ContentType":"jpeg",
        "Thumbnail":{
          "__metadata":{
            "type":"Bing.Thumbnail"
          },
          "MediaUrl":"http://ts4.mm.bing.net/th?id=OIP.M9e368b7a2cc82fa0f7ae7ce992ab1243H0&pid=15.1",
          "ContentType":"jpg",
          "Width":"300",
          "Height":"225",
          "FileSize":"10720"
        }
      },
      {
        "__metadata":{
          "uri":"https://api.datamarket.azure.com/Data.ashx/Bing/Search/Image?Query=\u0027cats\u0027&$skip=5&$top=1",
          "type":"ImageResult"
        },
        "ID":"6f56881c-f077-4525-93aa-73f410df5074",
        "Title":"Cute&Cool Pets 4U: Cute Cats and Dogs Pictures",
        "MediaUrl":"http://3.bp.blogspot.com/-oIlFUl2Rzss/T38zfqHeK3I/AAAAAAAAACI/Hpl4eEGZPBc/s1600/3-Cats.jpg",
        "SourceUrl":"http://coolpets4u.blogspot.com/2012/04/cute-cats-and-dogs-pictures.html",
        "DisplayUrl":"coolpets4u.blogspot.com/2012/04/cute-cats-and-dogs-pictures.html",
        "Width":"1600",
        "Height":"1200",
        "FileSize":"289701",
        "ContentType":"jpeg",
        "Thumbnail":{
          "__metadata":{
            "type":"Bing.Thumbnail"
          },
          "MediaUrl":"http://ts1.mm.bing.net/th?id=OIP.Ma7c8396d1a85d1b00ca109ba2f9d7611H0&pid=15.1",
          "ContentType":"jpg",
          "Width":"300",
          "Height":"225",
          "FileSize":"12021"
        }
      },
      {
        "__metadata":{
          "uri":"https://api.datamarket.azure.com/Data.ashx/Bing/Search/Image?Query=\u0027cats\u0027&$skip=6&$top=1",
          "type":"ImageResult"
        },
        "ID":"78949153-cc11-4980-b3bc-542d1027f99b",
        "Title":"Cute cats #4",
        "MediaUrl":"http://1.bp.blogspot.com/-9faVVE8IyPM/UF8ym3gOMbI/AAAAAAAADZY/MHfEp3X16OY/s1600/4_Cute_Cats_Wallpaper_1440x900_wallpaperhere.jpg",
        "SourceUrl":"http://9meow.blogspot.com/2012_09_01_archive.html",
        "DisplayUrl":"9meow.blogspot.com/2012_09_01_archive.html",
        "Width":"1440",
        "Height":"900",
        "FileSize":"729856",
        "ContentType":"jpeg",
        "Thumbnail":{
          "__metadata":{
            "type":"Bing.Thumbnail"
          },
          "MediaUrl":"http://ts1.mm.bing.net/th?id=OIP.M0a843263a6d23f08a15f9be24f79bf84H0&pid=15.1",
          "ContentType":"jpg",
          "Width":"300",
          "Height":"187",
          "FileSize":"11395"
        }
      },
      {
        "__metadata":{
          "uri":"https://api.datamarket.azure.com/Data.ashx/Bing/Search/Image?Query=\u0027cats\u0027&$skip=7&$top=1",
          "type":"ImageResult"
        },
        "ID":"c484c344-dee3-4f12-bd27-b1925328ed68",
        "Title":"Proxecto Gato: cats wallpapers by bighdwallpapers",
        "MediaUrl":"http://4.bp.blogspot.com/-h6NZxgZ8CR8/T3YC7kbhaEI/AAAAAAAAAUY/6JSTwT1EaXo/s1600/cat%2Bwallpaper%2B1.jpg",
        "SourceUrl":"http://proxectogato.blogspot.com/2012/08/cats-wallpapers-by-bighdwallpapers.html",
        "DisplayUrl":"proxectogato.blogspot.com/2012/08/cats-wallpapers-by...",
        "Width":"1600",
        "Height":"1000",
        "FileSize":"136652",
        "ContentType":"jpeg",
        "Thumbnail":{
          "__metadata":{
            "type":"Bing.Thumbnail"
          },
          "MediaUrl":"http://ts1.mm.bing.net/th?id=OIP.Mc7e111dd690e61bcc31650b1a3e483f7H0&pid=15.1",
          "ContentType":"jpg",
          "Width":"300",
          "Height":"187",
          "FileSize":"5378"
        }
      },
      {
        "__metadata":{
          "uri":"https://api.datamarket.azure.com/Data.ashx/Bing/Search/Image?Query=\u0027cats\u0027&$skip=8&$top=1",
          "type":"ImageResult"
        },
        "ID":"562ec1fa-1581-4ecc-9fb0-6c446df5975a",
        "Title":"Cats Cats wallpaper",
        "MediaUrl":"http://images2.fanpop.com/images/photos/5100000/Cats-wallpaper-cats-5194568-1280-1024.jpg",
        "SourceUrl":"http://www.fanpop.com/clubs/cats/images/5194568/title/cats-wallpaper-wallpaper",
        "DisplayUrl":"www.fanpop.com/clubs/cats/images/5194568/title/cats-wallpaper...",
        "Width":"1280",
        "Height":"1024",
        "FileSize":"922822",
        "ContentType":"jpeg",
        "Thumbnail":{
          "__metadata":{
            "type":"Bing.Thumbnail"
          },
          "MediaUrl":"http://ts3.mm.bing.net/th?id=OIP.M637e93686a189b8b4e917a5f99002733H0&pid=15.1",
          "ContentType":"jpg",
          "Width":"300",
          "Height":"240",
          "FileSize":"9074"
        }
      },
      {
        "__metadata":{
          "uri":"https://api.datamarket.azure.com/Data.ashx/Bing/Search/Image?Query=\u0027cats\u0027&$skip=9&$top=1",
          "type":"ImageResult"
        },
        "ID":"f3612a33-e8f9-4e62-bda2-84a11d5eb750",
        "Title":"HD Cat Pictures Baby Cats - HD Animal Wallpapers",
        "MediaUrl":"http://4.bp.blogspot.com/-k6LTFexv8mY/UYBILd7wCNI/AAAAAAAAA0o/DjOEpRSGjlc/s1600/funny-cats-wedding-wallpaper.jpg",
        "SourceUrl":"http://animalphotoss.blogspot.com/2013/04/hd-cat-pictures-baby-cats.html",
        "DisplayUrl":"animalphotoss.blogspot.com/2013/04/hd-cat-pictures-baby-cats.html",
        "Width":"1024",
        "Height":"774",
        "FileSize":"94398",
        "ContentType":"jpeg",
        "Thumbnail":{
          "__metadata":{
            "type":"Bing.Thumbnail"
          },
          "MediaUrl":"http://ts2.mm.bing.net/th?id=OIP.M00dc325431ac993785f5387143a7809eH0&pid=15.1",
          "ContentType":"jpg",
          "Width":"300",
          "Height":"226",
          "FileSize":"9511"
        }
      },
      {
        "__metadata":{
          "uri":"https://api.datamarket.azure.com/Data.ashx/Bing/Search/Image?Query=\u0027cats\u0027&$skip=10&$top=1",
          "type":"ImageResult"
        },
        "ID":"c94f3479-3f48-43f2-9484-cda9efa53a94",
        "Title":"Beautiful Cat - Cats Wallpaper (16096437) - Fanpop",
        "MediaUrl":"http://images4.fanpop.com/photos/16000000/Beautiful-Cat-cats-16096437-1280-800.jpg",
        "SourceUrl":"http://www.fanpop.com/clubs/cats/images/16096437/title/beautiful-cat-wallpaper",
        "DisplayUrl":"www.fanpop.com/clubs/cats/images/16096437/title/beautiful-cat...",
        "Width":"1280",
        "Height":"800",
        "FileSize":"768238",
        "ContentType":"jpeg",
        "Thumbnail":{
          "__metadata":{
            "type":"Bing.Thumbnail"
          },
          "MediaUrl":"http://ts1.mm.bing.net/th?id=OIP.M094ee0d312d6fb870f22e4e57a69bdd7H0&pid=15.1",
          "ContentType":"jpg",
          "Width":"300",
          "Height":"187",
          "FileSize":"10818"
        }
      },
      {
        "__metadata":{
          "uri":"https://api.datamarket.azure.com/Data.ashx/Bing/Search/Image?Query=\u0027cats\u0027&$skip=11&$top=1",
          "type":"ImageResult"
        },
        "ID":"89fcc712-8904-4f64-b37a-89b9b124da6d",
        "Title":"Cat’s Tale: Meowing for the right kind of food | Zee Lifestyle",
        "MediaUrl":"http://zeelifestylecebu.com/wp-content/uploads/2015/03/cat3.jpg",
        "SourceUrl":"http://zeelifestylecebu.com/a-cats-tale-meowing-for-the-right-kind-of-food/",
        "DisplayUrl":"zeelifestylecebu.com/a-cats-tale-meowing-for-the-right-kind-of-food",
        "Width":"1600",
        "Height":"1200",
        "FileSize":"414235",
        "ContentType":"jpeg",
        "Thumbnail":{
          "__metadata":{
            "type":"Bing.Thumbnail"
          },
          "MediaUrl":"http://ts3.mm.bing.net/th?id=OIP.Maad90e143dcf4e8b8660b1f18b7c72a7o0&pid=15.1",
          "ContentType":"jpg",
          "Width":"300",
          "Height":"225",
          "FileSize":"7108"
        }
      },
      {
        "__metadata":{
          "uri":"https://api.datamarket.azure.com/Data.ashx/Bing/Search/Image?Query=\u0027cats\u0027&$skip=12&$top=1",
          "type":"ImageResult"
        },
        "ID":"2863c94a-d47f-4005-9c70-aa66fa6f9957",
        "Title":"Cute and Funny Cats & Kittens Photos ~ Hits All",
        "MediaUrl":"http://2.bp.blogspot.com/-XWgOjgptCII/T0UMzRxCDCI/AAAAAAAACcE/an9Iuy_UVOM/s1600/cats-wallpaper-.jpg",
        "SourceUrl":"http://all-hit-movies.blogspot.com/2012/02/cute-and-funny-cats-kittens-photos.html",
        "DisplayUrl":"all-hit-movies.blogspot.com/2012/02/cute-and-funny-cats-kittens...",
        "Width":"1152",
        "Height":"864",
        "FileSize":"101702",
        "ContentType":"jpeg",
        "Thumbnail":{
          "__metadata":{
            "type":"Bing.Thumbnail"
          },
          "MediaUrl":"http://ts3.mm.bing.net/th?id=OIP.M4e12474f9fa569213c211e69d7ca5326H0&pid=15.1",
          "ContentType":"jpg",
          "Width":"300",
          "Height":"225",
          "FileSize":"7811"
        }
      },
      {
        "__metadata":{
          "uri":"https://api.datamarket.azure.com/Data.ashx/Bing/Search/Image?Query=\u0027cats\u0027&$skip=13&$top=1",
          "type":"ImageResult"
        },
        "ID":"a06cfa14-95f5-4d3a-bbe5-c038691616f3",
        "Title":"Cats",
        "MediaUrl":"http://4.bp.blogspot.com/--RBVfn6FzOI/Tq5kOxFGKEI/AAAAAAAACnM/LaiZLD0sUKY/s1600/cats.jpg",
        "SourceUrl":"http://animal-wildlife.blogspot.com/2011/10/cat.html",
        "DisplayUrl":"animal-wildlife.blogspot.com/2011/10/cat.html",
        "Width":"961",
        "Height":"688",
        "FileSize":"174534",
        "ContentType":"jpeg",
        "Thumbnail":{
          "__metadata":{
            "type":"Bing.Thumbnail"
          },
          "MediaUrl":"http://ts3.mm.bing.net/th?id=OIP.Mad4d2e5668a6f3c0b1a30c380f42ae85H0&pid=15.1",
          "ContentType":"jpg",
          "Width":"300",
          "Height":"214",
          "FileSize":"10222"
        }
      },
      {
        "__metadata":{
          "uri":"https://api.datamarket.azure.com/Data.ashx/Bing/Search/Image?Query=\u0027cats\u0027&$skip=14&$top=1",
          "type":"ImageResult"
        },
        "ID":"246283e7-6e37-4b7c-a220-f3f68a22dc19",
        "Title":"cats",
        "MediaUrl":"http://dianakhayyat.files.wordpress.com/2011/05/ragamuffin_cats-kitten_1.jpg",
        "SourceUrl":"http://dianakhayyat.wordpress.com/2011/05/17/cats/",
        "DisplayUrl":"dianakhayyat.wordpress.com/2011/05/17/cats",
        "Width":"1804",
        "Height":"1776",
        "FileSize":"76183",
        "ContentType":"jpeg",
        "Thumbnail":{
          "__metadata":{
            "type":"Bing.Thumbnail"
          },
          "MediaUrl":"http://ts3.mm.bing.net/th?id=OIP.Me3b9b6cf4fcf21f637421c9d4251bb5dH0&pid=15.1",
          "ContentType":"jpg",
          "Width":"300",
          "Height":"295",
          "FileSize":"5221"
        }
      },
      {
        "__metadata":{
          "uri":"https://api.datamarket.azure.com/Data.ashx/Bing/Search/Image?Query=\u0027cats\u0027&$skip=15&$top=1",
          "type":"ImageResult"
        },
        "ID":"d60307bd-2e4a-4898-8456-8fc4a9b6f249",
        "Title":"Amazing Cats Collection",
        "MediaUrl":"http://2.bp.blogspot.com/-0njjs7CVp4E/T2Pjbp1x1uI/AAAAAAAABE0/7THxxQYOgZ4/s1600/CATS.jpg",
        "SourceUrl":"http://amazingcatscollection.blogspot.com/",
        "DisplayUrl":"amazingcatscollection.blogspot.com",
        "Width":"1440",
        "Height":"1080",
        "FileSize":"139290",
        "ContentType":"jpeg",
        "Thumbnail":{
          "__metadata":{
            "type":"Bing.Thumbnail"
          },
          "MediaUrl":"http://ts3.mm.bing.net/th?id=OIP.M63117e8d659f51403b1a5f5b253e1947o0&pid=15.1",
          "ContentType":"jpg",
          "Width":"300",
          "Height":"225",
          "FileSize":"5080"
        }
      },
      {
        "__metadata":{
          "uri":"https://api.datamarket.azure.com/Data.ashx/Bing/Search/Image?Query=\u0027cats\u0027&$skip=16&$top=1",
          "type":"ImageResult"
        },
        "ID":"a6df4c7c-eb94-4bcf-9ce1-0fe6b46da470",
        "Title":"Socializing Cats! - Pet Attack",
        "MediaUrl":"http://petattack.com/wp-content/uploads/2014/07/little_cute_cat_1920x1080.jpg",
        "SourceUrl":"http://petattack.com/socializing-cats/",
        "DisplayUrl":"petattack.com/socializing-cats",
        "Width":"1920",
        "Height":"1080",
        "FileSize":"326434",
        "ContentType":"jpeg",
        "Thumbnail":{
          "__metadata":{
            "type":"Bing.Thumbnail"
          },
          "MediaUrl":"http://ts4.mm.bing.net/th?id=OIP.M3d19e22f8fc92cdbd53337558220e262o0&pid=15.1",
          "ContentType":"jpg",
          "Width":"300",
          "Height":"168",
          "FileSize":"5334"
        }
      },
      {
        "__metadata":{
          "uri":"https://api.datamarket.azure.com/Data.ashx/Bing/Search/Image?Query=\u0027cats\u0027&$skip=17&$top=1",
          "type":"ImageResult"
        },
        "ID":"57789981-bc94-4ce9-9bfe-ff70ddb5eaad",
        "Title":"Cats Wallpaper #19",
        "MediaUrl":"http://media1.santabanta.com/full1/Animals/Cats/cats-18a.jpg",
        "SourceUrl":"http://www.santabanta.com/photos/cats/2121018.htm",
        "DisplayUrl":"www.santabanta.com/photos/cats/2121018.htm",
        "Width":"1024",
        "Height":"768",
        "FileSize":"73060",
        "ContentType":"jpeg",
        "Thumbnail":{
          "__metadata":{
            "type":"Bing.Thumbnail"
          },
          "MediaUrl":"http://ts4.mm.bing.net/th?id=OIP.Md82078f5cb68d9b88052f24b4ee03125H0&pid=15.1",
          "ContentType":"jpg",
          "Width":"300",
          "Height":"225",
          "FileSize":"4333"
        }
      },
      {
        "__metadata":{
          "uri":"https://api.datamarket.azure.com/Data.ashx/Bing/Search/Image?Query=\u0027cats\u0027&$skip=18&$top=1",
          "type":"ImageResult"
        },
        "ID":"0558f9b2-4ccd-4618-9722-e47d392e3a8d",
        "Title":"Adorable and Funny Cats Photos, Enjoy! #LOL",
        "MediaUrl":"http://dougleschan.com/the-recruitment-guru/wp-content/uploads/2014/07/funny-cats-wallpaper-gallery-12.jpg",
        "SourceUrl":"http://dougleschan.com/the-recruitment-guru/funny-2/adorable-and-funny-cats-photos-enjoy-lol/",
        "DisplayUrl":"dougleschan.com/the-recruitment-guru/funny-2/adorable-and-funny...",
        "Width":"1600",
        "Height":"1200",
        "FileSize":"357424",
        "ContentType":"jpeg",
        "Thumbnail":{
          "__metadata":{
            "type":"Bing.Thumbnail"
          },
          "MediaUrl":"http://ts1.mm.bing.net/th?id=OIP.M064ed0d9f91a62774f60d53eb9e55c8eo0&pid=15.1",
          "ContentType":"jpg",
          "Width":"300",
          "Height":"225",
          "FileSize":"12132"
        }
      },
      {
        "__metadata":{
          "uri":"https://api.datamarket.azure.com/Data.ashx/Bing/Search/Image?Query=\u0027cats\u0027&$skip=19&$top=1",
          "type":"ImageResult"
        },
        "ID":"e6104a1d-fdef-41f5-a5c9-9cc039aaae7e",
        "Title":"cats - Cats Wallpaper (22065937) - Fanpop",
        "MediaUrl":"http://images4.fanpop.com/photos/22000000/-_-cats-cats-22065937-1280-1024.jpg",
        "SourceUrl":"http://www.fanpop.com/clubs/cats/images/22065937/title/cats-wallpaper",
        "DisplayUrl":"www.fanpop.com/clubs/cats/images/22065937/title/cats-wallpaper",
        "Width":"1280",
        "Height":"1024",
        "FileSize":"352943",
        "ContentType":"jpeg",
        "Thumbnail":{
          "__metadata":{
            "type":"Bing.Thumbnail"
          },
          "MediaUrl":"http://ts2.mm.bing.net/th?id=OIP.M9f945b08995596d0c56568ea31172a92o0&pid=15.1",
          "ContentType":"jpg",
          "Width":"300",
          "Height":"240",
          "FileSize":"10029"
        }
      },
      {
        "__metadata":{
          "uri":"https://api.datamarket.azure.com/Data.ashx/Bing/Search/Image?Query=\u0027cats\u0027&$skip=20&$top=1",
          "type":"ImageResult"
        },
        "ID":"82f890e9-de79-4c1d-ac80-3d6cc89c2e65",
        "Title":"Cat Wallpaper - Cats Wallpaper (636603) - Fanpop",
        "MediaUrl":"http://images.fanpop.com/images/image_uploads/Cat-Wallpaper-cats-636603_1024_768.jpg",
        "SourceUrl":"http://www.fanpop.com/clubs/cats/images/636603/title/cat-wallpaper-wallpaper",
        "DisplayUrl":"www.fanpop.com/clubs/cats/images/636603/title/cat-wallpaper-wallpaper",
        "Width":"1024",
        "Height":"768",
        "FileSize":"169766",
        "ContentType":"jpeg",
        "Thumbnail":{
          "__metadata":{
            "type":"Bing.Thumbnail"
          },
          "MediaUrl":"http://ts4.mm.bing.net/th?id=OIP.Mffde5c7770b35a4a13a84adb6900427aH0&pid=15.1",
          "ContentType":"jpg",
          "Width":"300",
          "Height":"225",
          "FileSize":"5337"
        }
      },
      {
        "__metadata":{
          "uri":"https://api.datamarket.azure.com/Data.ashx/Bing/Search/Image?Query=\u0027cats\u0027&$skip=21&$top=1",
          "type":"ImageResult"
        },
        "ID":"daad924d-259b-461f-aa37-04eb4af5effc",
        "Title":"Cats - Cats Wallpaper (33441067) - Fanpop",
        "MediaUrl":"http://images6.fanpop.com/photos/33400000/Cats-cats-33441067-1280-800.jpg",
        "SourceUrl":"http://www.fanpop.com/clubs/cats/images/33441067/title/cats-wallpaper",
        "DisplayUrl":"www.fanpop.com/clubs/cats/images/33441067/title/cats-wallpaper",
        "Width":"1280",
        "Height":"800",
        "FileSize":"443230",
        "ContentType":"jpeg",
        "Thumbnail":{
          "__metadata":{
            "type":"Bing.Thumbnail"
          },
          "MediaUrl":"http://ts3.mm.bing.net/th?id=OIP.Mb84d6366deec053ff3fa77df01a54464o0&pid=15.1",
          "ContentType":"jpg",
          "Width":"300",
          "Height":"187",
          "FileSize":"8777"
        }
      },
      {
        "__metadata":{
          "uri":"https://api.datamarket.azure.com/Data.ashx/Bing/Search/Image?Query=\u0027cats\u0027&$skip=22&$top=1",
          "type":"ImageResult"
        },
        "ID":"c9837458-feb4-4586-8cd5-6923e1be52b4",
        "Title":"Cat wallpapers and images - wallpapers, pictures, photos",
        "MediaUrl":"http://www.zastavki.com/pictures/1680x1050/2010/Animals_Cats_Cat_023761_.jpg",
        "SourceUrl":"http://www.zastavki.com/eng/Animals/Cats/wallpaper-23761.htm",
        "DisplayUrl":"www.zastavki.com/eng/Animals/Cats/wallpaper-23761.htm",
        "Width":"1680",
        "Height":"1050",
        "FileSize":"788282",
        "ContentType":"jpeg",
        "Thumbnail":{
          "__metadata":{
            "type":"Bing.Thumbnail"
          },
          "MediaUrl":"http://ts1.mm.bing.net/th?id=OIP.M534b518ebf749a06471d482098674050H0&pid=15.1",
          "ContentType":"jpg",
          "Width":"300",
          "Height":"187",
          "FileSize":"11279"
        }
      },
      {
        "__metadata":{
          "uri":"https://api.datamarket.azure.com/Data.ashx/Bing/Search/Image?Query=\u0027cats\u0027&$skip=23&$top=1",
          "type":"ImageResult"
        },
        "ID":"c81d1019-3d7d-4daa-8156-3027719b5bbb",
        "Title":"All Wallpapers: Funny Cats Hd Wallpapers",
        "MediaUrl":"http://4.bp.blogspot.com/-jNwlyaYaUCc/T_fMPD_TO6I/AAAAAAAAEJ0/RJruiD3tIBg/s1600/Funny+Cats+Hd+Wallpapers_6.jpg",
        "SourceUrl":"http://newallwallpaper.blogspot.com/2012/07/funny-cats-hd-wallpapers.html",
        "DisplayUrl":"newallwallpaper.blogspot.com/2012/07/funny-cats-hd-wallpapers.html",
        "Width":"1024",
        "Height":"768",
        "FileSize":"365085",
        "ContentType":"jpeg",
        "Thumbnail":{
          "__metadata":{
            "type":"Bing.Thumbnail"
          },
          "MediaUrl":"http://ts1.mm.bing.net/th?id=OIP.M4f9192aca4279d4fdb5139fc14fd142eH0&pid=15.1",
          "ContentType":"jpg",
          "Width":"300",
          "Height":"225",
          "FileSize":"6414"
        }
      },
      {
        "__metadata":{
          "uri":"https://api.datamarket.azure.com/Data.ashx/Bing/Search/Image?Query=\u0027cats\u0027&$skip=24&$top=1",
          "type":"ImageResult"
        },
        "ID":"29cdc0a3-f970-4d61-b784-64e024483ece",
        "Title":"Kitten - Cats Wallpaper (18565791) - Fanpop",
        "MediaUrl":"http://images4.fanpop.com/photos/18500000/Kitten-cats-18565791-1024-768.jpg",
        "SourceUrl":"http://www.fanpop.com/clubs/cats/images/18565791/title/kitten-wallpaper",
        "DisplayUrl":"www.fanpop.com/clubs/cats/images/18565791/title/kitten-wallpaper",
        "Width":"1024",
        "Height":"768",
        "FileSize":"207480",
        "ContentType":"jpeg",
        "Thumbnail":{
          "__metadata":{
            "type":"Bing.Thumbnail"
          },
          "MediaUrl":"http://ts2.mm.bing.net/th?id=OIP.M7dfb8973bca22c4939102df3ae3de66do0&pid=15.1",
          "ContentType":"jpg",
          "Width":"300",
          "Height":"225",
          "FileSize":"13203"
        }
      },
      {
        "__metadata":{
          "uri":"https://api.datamarket.azure.com/Data.ashx/Bing/Search/Image?Query=\u0027cats\u0027&$skip=25&$top=1",
          "type":"ImageResult"
        },
        "ID":"9d514d1e-adfa-4d00-8265-70f1e6edcd6c",
        "Title":"Cats- - Cats Photo (23604511) - Fanpop",
        "MediaUrl":"http://images4.fanpop.com/photos/23600000/-Cats-cats-23604511-1316-1061.jpg",
        "SourceUrl":"http://www.fanpop.com/clubs/cats/images/23604511/title/cats-photo",
        "DisplayUrl":"www.fanpop.com/clubs/cats/images/23604511/title/cats-photo",
        "Width":"1316",
        "Height":"1061",
        "FileSize":"116981",
        "ContentType":"jpeg",
        "Thumbnail":{
          "__metadata":{
            "type":"Bing.Thumbnail"
          },
          "MediaUrl":"http://ts3.mm.bing.net/th?id=OIP.M7e4c5a0b83ecab3017625ae1dae6c71fo0&pid=15.1",
          "ContentType":"jpg",
          "Width":"300",
          "Height":"241",
          "FileSize":"6208"
        }
      },
      {
        "__metadata":{
          "uri":"https://api.datamarket.azure.com/Data.ashx/Bing/Search/Image?Query=\u0027cats\u0027&$skip=26&$top=1",
          "type":"ImageResult"
        },
        "ID":"e0c3d949-7d2f-485e-b26c-351e41a73083",
        "Title":"Unique Wallpaper: Funny Cats Ever",
        "MediaUrl":"http://3.bp.blogspot.com/-hIZdzZipHGQ/T_xf8BYswyI/AAAAAAAAA1o/trv7LbmwZw4/s1600/cat+17.jpg",
        "SourceUrl":"http://unikwallpaper.blogspot.com/2012/07/funny-cats-ever.html",
        "DisplayUrl":"unikwallpaper.blogspot.com/2012/07/funny-cats-ever.html",
        "Width":"1280",
        "Height":"1024",
        "FileSize":"289116",
        "ContentType":"jpeg",
        "Thumbnail":{
          "__metadata":{
            "type":"Bing.Thumbnail"
          },
          "MediaUrl":"http://ts4.mm.bing.net/th?id=OIP.M453c543a29ba750f4fd6553128de94a4H0&pid=15.1",
          "ContentType":"jpg",
          "Width":"300",
          "Height":"240",
          "FileSize":"11862"
        }
      },
      {
        "__metadata":{
          "uri":"https://api.datamarket.azure.com/Data.ashx/Bing/Search/Image?Query=\u0027cats\u0027&$skip=27&$top=1",
          "type":"ImageResult"
        },
        "ID":"ae317de1-36be-4c99-bd53-7ec3f9fa7642",
        "Title":"Beautiful Cat - Cats Wallpaper (16121794) - Fanpop",
        "MediaUrl":"http://images4.fanpop.com/photos/16100000/Beautiful-Cat-cats-16121794-1280-800.jpg",
        "SourceUrl":"http://www.fanpop.com/clubs/cats/images/16121794/title/beautiful-cat-wallpaper",
        "DisplayUrl":"www.fanpop.com/clubs/cats/images/16121794/title/beautiful-cat...",
        "Width":"1280",
        "Height":"800",
        "FileSize":"606968",
        "ContentType":"jpeg",
        "Thumbnail":{
          "__metadata":{
            "type":"Bing.Thumbnail"
          },
          "MediaUrl":"http://ts2.mm.bing.net/th?id=OIP.Mb8281ca9eaaddc66e20c6f8777343940H0&pid=15.1",
          "ContentType":"jpg",
          "Width":"300",
          "Height":"187",
          "FileSize":"10202"
        }
      },
      {
        "__metadata":{
          "uri":"https://api.datamarket.azure.com/Data.ashx/Bing/Search/Image?Query=\u0027cats\u0027&$skip=28&$top=1",
          "type":"ImageResult"
        },
        "ID":"e5d49faa-3fdf-4957-ab38-50c3101bb2e9",
        "Title":"Living with cat allergies, and cats - The Conscious Cat",
        "MediaUrl":"http://consciouscat.net/wp-content/uploads/2011/08/bw_cat.jpg",
        "SourceUrl":"http://consciouscat.net/2011/08/29/living-with-cat-allergies-and-cats/",
        "DisplayUrl":"consciouscat.net/2011/08/29/living-with-cat-allergies-and-cats",
        "Width":"2761",
        "Height":"2213",
        "FileSize":"2944157",
        "ContentType":"jpeg",
        "Thumbnail":{
          "__metadata":{
            "type":"Bing.Thumbnail"
          },
          "MediaUrl":"http://ts1.mm.bing.net/th?id=OIP.Md809419330bd5b275486e56169fee247H0&pid=15.1",
          "ContentType":"jpg",
          "Width":"300",
          "Height":"240",
          "FileSize":"8780"
        }
      },
      {
        "__metadata":{
          "uri":"https://api.datamarket.azure.com/Data.ashx/Bing/Search/Image?Query=\u0027cats\u0027&$skip=29&$top=1",
          "type":"ImageResult"
        },
        "ID":"19cd12c7-57b8-4ead-854a-dd381e51839c",
        "Title":"Cats, cats, cats galore",
        "MediaUrl":"http://niqueupnorth.files.wordpress.com/2008/07/cats.jpg",
        "SourceUrl":"http://niqueupnorth.wordpress.com/2008/07/17/cats-cats-cats-galore/",
        "DisplayUrl":"niqueupnorth.wordpress.com/2008/07/17/cats-cats-cats-galore",
        "Width":"1024",
        "Height":"768",
        "FileSize":"143754",
        "ContentType":"jpeg",
        "Thumbnail":{
          "__metadata":{
            "type":"Bing.Thumbnail"
          },
          "MediaUrl":"http://ts1.mm.bing.net/th?id=OIP.Md9d2b13b267e9a08f3dbed0d7fd1cf98H0&pid=15.1",
          "ContentType":"jpg",
          "Width":"300",
          "Height":"225",
          "FileSize":"6749"
        }
      },
      {
        "__metadata":{
          "uri":"https://api.datamarket.azure.com/Data.ashx/Bing/Search/Image?Query=\u0027cats\u0027&$skip=30&$top=1",
          "type":"ImageResult"
        },
        "ID":"400b0e58-1b87-4aeb-97ff-0335a2033a4e",
        "Title":"Animals: Cats, picture nr. 9411",
        "MediaUrl":"http://t.wallpaperweb.org/wallpaper/animals/1024x768/Cats2005cal09ccnan.jpg",
        "SourceUrl":"http://wallpaperweb.org/wallpaper/animals/cats_9411.htm",
        "DisplayUrl":"wallpaperweb.org/wallpaper/animals/cats_9411.htm",
        "Width":"1024",
        "Height":"768",
        "FileSize":"151316",
        "ContentType":"jpeg",
        "Thumbnail":{
          "__metadata":{
            "type":"Bing.Thumbnail"
          },
          "MediaUrl":"http://ts4.mm.bing.net/th?id=OIP.Md1d3a568f683f19c285c0e4c30b0933fH0&pid=15.1",
          "ContentType":"jpg",
          "Width":"300",
          "Height":"225",
          "FileSize":"13207"
        }
      },
      {
        "__metadata":{
          "uri":"https://api.datamarket.azure.com/Data.ashx/Bing/Search/Image?Query=\u0027cats\u0027&$skip=31&$top=1",
          "type":"ImageResult"
        },
        "ID":"4a5fce82-3d45-4e3c-a9fa-d3c056c46201",
        "Title":"cats",
        "MediaUrl":"http://www.gordonrigg.com/the-hub/wp-content/uploads/2015/06/cats.jpg",
        "SourceUrl":"http://www.gordonrigg.com/the-hub/top-tips/frequently-asked-questionsanswers-about-your-cat/",
        "DisplayUrl":"www.gordonrigg.com/the-hub/top-tips/frequently-asked...",
        "Width":"1366",
        "Height":"768",
        "FileSize":"391282",
        "ContentType":"jpeg",
        "Thumbnail":{
          "__metadata":{
            "type":"Bing.Thumbnail"
          },
          "MediaUrl":"http://ts1.mm.bing.net/th?id=OIP.M877d82124d4f6d2a8b2a7e7af1c7f709o0&pid=15.1",
          "ContentType":"jpg",
          "Width":"300",
          "Height":"168",
          "FileSize":"6931"
        }
      },
      {
        "__metadata":{
          "uri":"https://api.datamarket.azure.com/Data.ashx/Bing/Search/Image?Query=\u0027cats\u0027&$skip=32&$top=1",
          "type":"ImageResult"
        },
        "ID":"88e8e991-adca-49c9-a3ed-82c96bb1e016",
        "Title":"tabitha wallpaper slacker cats slacker cats 9 cats cats",
        "MediaUrl":"http://images5.fanpop.com/photos/28500000/Cats-cats-28572014-1600-1200.jpg",
        "SourceUrl":"http://weihnachtenlustig.blogspot.com/2012/12/cats-dec-12-2012-195659.html",
        "DisplayUrl":"weihnachtenlustig.blogspot.com/2012/12/cats-dec-12-2012-195659.html",
        "Width":"1600",
        "Height":"1200",
        "FileSize":"412517",
        "ContentType":"jpeg",
        "Thumbnail":{
          "__metadata":{
            "type":"Bing.Thumbnail"
          },
          "MediaUrl":"http://ts2.mm.bing.net/th?id=OIP.Ma25129d6571d4b2c34eb65ea41c0d90cH0&pid=15.1",
          "ContentType":"jpg",
          "Width":"300",
          "Height":"225",
          "FileSize":"15824"
        }
      },
      {
        "__metadata":{
          "uri":"https://api.datamarket.azure.com/Data.ashx/Bing/Search/Image?Query=\u0027cats\u0027&$skip=33&$top=1",
          "type":"ImageResult"
        },
        "ID":"34ee4869-2bc5-4aa0-aa49-004700bab013",
        "Title":"Purrfect Cat Names | A pet parent\u0027s resource for cat names & more!",
        "MediaUrl":"http://purrfectcatnames.com/wp-content/uploads/2013/11/Gray-Cat-MorgueFile-Nov16th-2013.jpg",
        "SourceUrl":"http://purrfectcatnames.com/",
        "DisplayUrl":"purrfectcatnames.com",
        "Width":"4288",
        "Height":"2848",
        "FileSize":"5990735",
        "ContentType":"jpeg",
        "Thumbnail":{
          "__metadata":{
            "type":"Bing.Thumbnail"
          },
          "MediaUrl":"http://ts2.mm.bing.net/th?id=OIP.M25d8d217bc8f6b63e876c1af946d1109H0&pid=15.1",
          "ContentType":"jpg",
          "Width":"300",
          "Height":"199",
          "FileSize":"6537"
        }
      },
      {
        "__metadata":{
          "uri":"https://api.datamarket.azure.com/Data.ashx/Bing/Search/Image?Query=\u0027cats\u0027&$skip=34&$top=1",
          "type":"ImageResult"
        },
        "ID":"fa1dcafe-5738-4d20-8e20-b4e8bc76f353",
        "Title":"White Cats With Blue Eyes",
        "MediaUrl":"http://stylonica.com/wp-content/uploads/2014/03/cats_animals_kittens_cat_kitten_cute_desktop_1680x1050_hd-wallpaper-753974.jpeg",
        "SourceUrl":"http://stylonica.com/cat-pictures/",
        "DisplayUrl":"stylonica.com/cat-pictures",
        "Width":"1600",
        "Height":"1000",
        "FileSize":"223195",
        "ContentType":"jpeg",
        "Thumbnail":{
          "__metadata":{
            "type":"Bing.Thumbnail"
          },
          "MediaUrl":"http://ts2.mm.bing.net/th?id=OIP.M3e786ebcc792f07f657fc23b5019ad2eH0&pid=15.1",
          "ContentType":"jpg",
          "Width":"300",
          "Height":"187",
          "FileSize":"7001"
        }
      },
      {
        "__metadata":{
          "uri":"https://api.datamarket.azure.com/Data.ashx/Bing/Search/Image?Query=\u0027cats\u0027&$skip=35&$top=1",
          "type":"ImageResult"
        },
        "ID":"d49db107-c3cc-4e83-8fc7-cb7ee0acb77e",
        "Title":"HD Wallpapers: HD Cats",
        "MediaUrl":"http://2.bp.blogspot.com/-F-MtiN3Ysyk/TVY5c_oyEvI/AAAAAAAAAAk/_ObE6-zeMWE/s1600/cats+wallpapers6.jpg",
        "SourceUrl":"http://hdwallpapers4u.blogspot.com/2011/02/hd-cats.html",
        "DisplayUrl":"hdwallpapers4u.blogspot.com/2011/02/hd-cats.html",
        "Width":"1600",
        "Height":"1200",
        "FileSize":"313978",
        "ContentType":"jpeg",
        "Thumbnail":{
          "__metadata":{
            "type":"Bing.Thumbnail"
          },
          "MediaUrl":"http://ts4.mm.bing.net/th?id=OIP.M8ef79103d510ffa54c7c6a7a44cc6f2bH0&pid=15.1",
          "ContentType":"jpg",
          "Width":"300",
          "Height":"225",
          "FileSize":"7109"
        }
      },
      {
        "__metadata":{
          "uri":"https://api.datamarket.azure.com/Data.ashx/Bing/Search/Image?Query=\u0027cats\u0027&$skip=36&$top=1",
          "type":"ImageResult"
        },
        "ID":"6fbbe8f1-4b92-4a22-80da-b3c56192a968",
        "Title":"Cats images cute cats wallpaper and background photos (8477446)",
        "MediaUrl":"http://images2.fanpop.com/images/photos/8400000/cute-cats-cats-8477446-600-600.jpg",
        "SourceUrl":"http://www.fanpop.com/clubs/cats/images/8477446/title/cute-cats-photo",
        "DisplayUrl":"www.fanpop.com/clubs/cats/images/8477446/title/cute-cats-photo",
        "Width":"600",
        "Height":"600",
        "FileSize":"35859",
        "ContentType":"jpeg",
        "Thumbnail":{
          "__metadata":{
            "type":"Bing.Thumbnail"
          },
          "MediaUrl":"http://ts2.mm.bing.net/th?id=OIP.M8120070fcdaa746067424051b1acfafaH0&pid=15.1",
          "ContentType":"jpg",
          "Width":"300",
          "Height":"300",
          "FileSize":"6237"
        }
      },
      {
        "__metadata":{
          "uri":"https://api.datamarket.azure.com/Data.ashx/Bing/Search/Image?Query=\u0027cats\u0027&$skip=37&$top=1",
          "type":"ImageResult"
        },
        "ID":"4ef16120-d493-464e-a708-fdcf52b2bd58",
        "Title":"Cat-to-human TB alert: 2 Brits catch tuberculosis from pet cats",
        "MediaUrl":"http://www.healthnewsline.net/wp-content/uploads/2014/03/Pet-Cat-TB.jpg",
        "SourceUrl":"http://www.healthnewsline.net/cat-human-tb-alert-2-brits-catch-tuberculosis-pet-cats/2533392/",
        "DisplayUrl":"www.healthnewsline.net/cat-human-tb-alert-2-brits-catch...",
        "Width":"1280",
        "Height":"930",
        "FileSize":"306909",
        "ContentType":"jpeg",
        "Thumbnail":{
          "__metadata":{
            "type":"Bing.Thumbnail"
          },
          "MediaUrl":"http://ts1.mm.bing.net/th?id=OIP.Ma99ee351e593332c514b23dede7f2b58o0&pid=15.1",
          "ContentType":"jpg",
          "Width":"300",
          "Height":"217",
          "FileSize":"9027"
        }
      },
      {
        "__metadata":{
          "uri":"https://api.datamarket.azure.com/Data.ashx/Bing/Search/Image?Query=\u0027cats\u0027&$skip=38&$top=1",
          "type":"ImageResult"
        },
        "ID":"468574f9-81f3-4afb-8e20-0cb776fc9c3f",
        "Title":"Sweet Cat - Cats Wallpaper (16156038) - Fanpop",
        "MediaUrl":"http://images4.fanpop.com/photos/16100000/Sweet-Cat-cats-16156038-1280-800.jpg",
        "SourceUrl":"http://www.fanpop.com/clubs/cats/images/16156038/title/sweet-cat-wallpaper",
        "DisplayUrl":"www.fanpop.com/clubs/cats/images/16156038/title/sweet-cat-wallpaper",
        "Width":"1280",
        "Height":"800",
        "FileSize":"663112",
        "ContentType":"jpeg",
        "Thumbnail":{
          "__metadata":{
            "type":"Bing.Thumbnail"
          },
          "MediaUrl":"http://ts4.mm.bing.net/th?id=OIP.Md3abfdddc5cc61e728627cfc8b8f921bH0&pid=15.1",
          "ContentType":"jpg",
          "Width":"300",
          "Height":"187",
          "FileSize":"6502"
        }
      },
      {
        "__metadata":{
          "uri":"https://api.datamarket.azure.com/Data.ashx/Bing/Search/Image?Query=\u0027cats\u0027&$skip=39&$top=1",
          "type":"ImageResult"
        },
        "ID":"4693626f-1544-4a31-97c9-9eb3dde88567",
        "Title":"shedding is a natural process for almost all cats",
        "MediaUrl":"http://images.wisegeek.com/young-calico-cat.jpg",
        "SourceUrl":"http://www.wisegeek.org/how-can-i-minimize-cat-shedding.htm",
        "DisplayUrl":"www.wisegeek.org/how-can-i-minimize-cat-shedding.htm",
        "Width":"1000",
        "Height":"781",
        "FileSize":"75314",
        "ContentType":"jpeg",
        "Thumbnail":{
          "__metadata":{
            "type":"Bing.Thumbnail"
          },
          "MediaUrl":"http://ts4.mm.bing.net/th?id=OIP.M963d110f1035e57afc0e92de4bdc1cf6H0&pid=15.1",
          "ContentType":"jpg",
          "Width":"300",
          "Height":"234",
          "FileSize":"7685"
        }
      },
      {
        "__metadata":{
          "uri":"https://api.datamarket.azure.com/Data.ashx/Bing/Search/Image?Query=\u0027cats\u0027&$skip=40&$top=1",
          "type":"ImageResult"
        },
        "ID":"2d2c83fd-cd0e-48a1-9074-5b11133b8dc6",
        "Title":"Funny Cats - Cats Wallpaper (9474201) - Fanpop",
        "MediaUrl":"http://images2.fanpop.com/photos/9400000/Funny-Cats-cats-9474201-1600-1200.jpg",
        "SourceUrl":"http://www.fanpop.com/clubs/cats/images/9474201/title/funny-cats-wallpaper",
        "DisplayUrl":"www.fanpop.com/clubs/cats/images/9474201/title/funny-cats-wallpaper",
        "Width":"1600",
        "Height":"1200",
        "FileSize":"159517",
        "ContentType":"jpeg",
        "Thumbnail":{
          "__metadata":{
            "type":"Bing.Thumbnail"
          },
          "MediaUrl":"http://ts2.mm.bing.net/th?id=OIP.M0f87b0cf13d7fdb8b175e7c1920d2e71H0&pid=15.1",
          "ContentType":"jpg",
          "Width":"300",
          "Height":"225",
          "FileSize":"4407"
        }
      },
      {
        "__metadata":{
          "uri":"https://api.datamarket.azure.com/Data.ashx/Bing/Search/Image?Query=\u0027cats\u0027&$skip=41&$top=1",
          "type":"ImageResult"
        },
        "ID":"b77889f5-99c2-46b4-9248-f921a0a6fb1f",
        "Title":"Cat - Cats Wallpaper (32040775) - Fanpop",
        "MediaUrl":"http://images5.fanpop.com/photos/32000000/Cat-cats-32040775-1440-900.jpg",
        "SourceUrl":"http://www.fanpop.com/clubs/cats/images/32040775/title/cat-wallpaper",
        "DisplayUrl":"www.fanpop.com/clubs/cats/images/32040775/title/cat-wallpaper",
        "Width":"1440",
        "Height":"900",
        "FileSize":"587792",
        "ContentType":"jpeg",
        "Thumbnail":{
          "__metadata":{
            "type":"Bing.Thumbnail"
          },
          "MediaUrl":"http://ts1.mm.bing.net/th?id=OIP.M2c71213d8a5826444641d299ecdc7ebbH0&pid=15.1",
          "ContentType":"jpg",
          "Width":"300",
          "Height":"187",
          "FileSize":"6272"
        }
      },
      {
        "__metadata":{
          "uri":"https://api.datamarket.azure.com/Data.ashx/Bing/Search/Image?Query=\u0027cats\u0027&$skip=42&$top=1",
          "type":"ImageResult"
        },
        "ID":"ce482509-fcc9-4002-a5b3-098d16cf07cc",
        "Title":"Cute Cats #7 | Cute Cats",
        "MediaUrl":"http://2.bp.blogspot.com/-6Dy9jTOpiK4/UWAJSNbpHBI/AAAAAAAASVE/XeicjM0jCIk/s1600/cute-small-cat-wallpaper.jpg",
        "SourceUrl":"http://9meow.blogspot.com/2013/04/cute-cats-7.html",
        "DisplayUrl":"9meow.blogspot.com/2013/04/cute-cats-7.html",
        "Width":"1600",
        "Height":"1200",
        "FileSize":"541421",
        "ContentType":"jpeg",
        "Thumbnail":{
          "__metadata":{
            "type":"Bing.Thumbnail"
          },
          "MediaUrl":"http://ts3.mm.bing.net/th?id=OIP.M09bb2b359254441d80345f4d536f6178H0&pid=15.1",
          "ContentType":"jpg",
          "Width":"300",
          "Height":"225",
          "FileSize":"8795"
        }
      },
      {
        "__metadata":{
          "uri":"https://api.datamarket.azure.com/Data.ashx/Bing/Search/Image?Query=\u0027cats\u0027&$skip=43&$top=1",
          "type":"ImageResult"
        },
        "ID":"4bfdf1b0-43fd-416c-82e5-96ce4d8d744b",
        "Title":"Cats Cats wallpaper",
        "MediaUrl":"http://images2.fanpop.com/images/photos/5100000/Cats-wallpaper-cats-5194876-1280-1024.jpg",
        "SourceUrl":"http://www.fanpop.com/clubs/cats/images/5194876/title/cats-wallpaper-wallpaper",
        "DisplayUrl":"www.fanpop.com/clubs/cats/images/5194876/title/cats-wallpaper...",
        "Width":"1280",
        "Height":"1024",
        "FileSize":"1003071",
        "ContentType":"jpeg",
        "Thumbnail":{
          "__metadata":{
            "type":"Bing.Thumbnail"
          },
          "MediaUrl":"http://ts3.mm.bing.net/th?id=OIP.M342e3fe8f629eb940b99f8ce05df8b37o0&pid=15.1",
          "ContentType":"jpg",
          "Width":"300",
          "Height":"240",
          "FileSize":"13434"
        }
      },
      {
        "__metadata":{
          "uri":"https://api.datamarket.azure.com/Data.ashx/Bing/Search/Image?Query=\u0027cats\u0027&$skip=44&$top=1",
          "type":"ImageResult"
        },
        "ID":"0f7ad85f-9644-4890-8169-a77b83ce8592",
        "Title":"Adorable And Funny Cats Photo That Makes Your Cat Admires!",
        "MediaUrl":"http://dougleschan.com/the-recruitment-guru/wp-content/uploads/2014/06/funny-cats-pictures-images-photos-0322085539.jpg",
        "SourceUrl":"http://dougleschan.com/the-recruitment-guru/funny-2/adorable-and-funny-cats-photo-that-makes-your-cat-admires/",
        "DisplayUrl":"dougleschan.com/the-recruitment-guru/funny-2/adorable-and-funny...",
        "Width":"1920",
        "Height":"1080",
        "FileSize":"287788",
        "ContentType":"jpeg",
        "Thumbnail":{
          "__metadata":{
            "type":"Bing.Thumbnail"
          },
          "MediaUrl":"http://ts2.mm.bing.net/th?id=OIP.M517340d23607138c69eea7243cf682b3o0&pid=15.1",
          "ContentType":"jpg",
          "Width":"300",
          "Height":"168",
          "FileSize":"4191"
        }
      },
      {
        "__metadata":{
          "uri":"https://api.datamarket.azure.com/Data.ashx/Bing/Search/Image?Query=\u0027cats\u0027&$skip=45&$top=1",
          "type":"ImageResult"
        },
        "ID":"255d1c71-8a49-4146-8a9f-75ec076c2ba9",
        "Title":"11 Adorable Dog and Cats with Mustaches - The Trupanion Blog",
        "MediaUrl":"http://trupanion.com/blog/wp-content/uploads/2013/09/031D8D7F-AC33-4117-B9B0-903957FAF506.jpg",
        "SourceUrl":"http://trupanion.com/blog/2013/09/11-adorable-dog-cats-mustaches/",
        "DisplayUrl":"trupanion.com/blog/2013/09/11-adorable-dog-cats-mustaches",
        "Width":"560",
        "Height":"557",
        "FileSize":"59467",
        "ContentType":"jpeg",
        "Thumbnail":{
          "__metadata":{
            "type":"Bing.Thumbnail"
          },
          "MediaUrl":"http://ts2.mm.bing.net/th?id=OIP.M10003e44777f40c6fdc418fef4b0ed5fH0&pid=15.1",
          "ContentType":"jpg",
          "Width":"300",
          "Height":"298",
          "FileSize":"13579"
        }
      },
      {
        "__metadata":{
          "uri":"https://api.datamarket.azure.com/Data.ashx/Bing/Search/Image?Query=\u0027cats\u0027&$skip=46&$top=1",
          "type":"ImageResult"
        },
        "ID":"03edc97e-3fbb-447b-897d-ea0372435079",
        "Title":"Cats images Cat HD wallpaper and background photos (13494223)",
        "MediaUrl":"http://images2.fanpop.com/photos/13400000/Cat-cats-13494223-2304-1728.jpg",
        "SourceUrl":"http://www.fanpop.com/clubs/cats/images/13494223/title/cat-wallpaper",
        "DisplayUrl":"www.fanpop.com/clubs/cats/images/13494223/title/cat-wallpaper",
        "Width":"2304",
        "Height":"1728",
        "FileSize":"363896",
        "ContentType":"jpeg",
        "Thumbnail":{
          "__metadata":{
            "type":"Bing.Thumbnail"
          },
          "MediaUrl":"http://ts4.mm.bing.net/th?id=OIP.Mdb7a38888dd1f2c009687c4defc4b12aH0&pid=15.1",
          "ContentType":"jpg",
          "Width":"300",
          "Height":"225",
          "FileSize":"5774"
        }
      },
      {
        "__metadata":{
          "uri":"https://api.datamarket.azure.com/Data.ashx/Bing/Search/Image?Query=\u0027cats\u0027&$skip=47&$top=1",
          "type":"ImageResult"
        },
        "ID":"53500403-56d6-4524-a309-3fadd2ba4787",
        "Title":"cats-cats-22066039-1280-1024.jpg",
        "MediaUrl":"http://stylonica.com/wp-content/uploads/2014/03/cats-cats-22066039-1280-1024.jpg",
        "SourceUrl":"http://stylonica.com/cat-pictures/",
        "DisplayUrl":"stylonica.com/cat-pictures",
        "Width":"1280",
        "Height":"1024",
        "FileSize":"184634",
        "ContentType":"jpeg",
        "Thumbnail":{
          "__metadata":{
            "type":"Bing.Thumbnail"
          },
          "MediaUrl":"http://ts3.mm.bing.net/th?id=OIP.M8d06d40ed8a9d4334c06f36e739b665fo0&pid=15.1",
          "ContentType":"jpg",
          "Width":"300",
          "Height":"240",
          "FileSize":"6177"
        }
      },
      {
        "__metadata":{
          "uri":"https://api.datamarket.azure.com/Data.ashx/Bing/Search/Image?Query=\u0027cats\u0027&$skip=48&$top=1",
          "type":"ImageResult"
        },
        "ID":"b061a069-3d28-45dc-9873-a1d584d8b112",
        "Title":"All Things Halloween - Black Cats",
        "MediaUrl":"http://www.thealmightyguru.com/Halloween/Monsters/Images/BlackCat3.jpg",
        "SourceUrl":"http://www.thealmightyguru.com/Halloween/Monsters/Halloween-BlackCats.html",
        "DisplayUrl":"www.thealmightyguru.com/Halloween/Monsters/Halloween-BlackCats.html",
        "Width":"1024",
        "Height":"768",
        "FileSize":"66300",
        "ContentType":"jpeg",
        "Thumbnail":{
          "__metadata":{
            "type":"Bing.Thumbnail"
          },
          "MediaUrl":"http://ts1.mm.bing.net/th?id=OIP.Md220d3ebcc86a3ac4ec4252c92d78ebeH0&pid=15.1",
          "ContentType":"jpg",
          "Width":"300",
          "Height":"225",
          "FileSize":"6477"
        }
      },
      {
        "__metadata":{
          "uri":"https://api.datamarket.azure.com/Data.ashx/Bing/Search/Image?Query=\u0027cats\u0027&$skip=49&$top=1",
          "type":"ImageResult"
        },
        "ID":"b6f8ce61-20ec-4e0c-be53-671e867a32f6",
        "Title":"American Curle Cute Kittens | Cute Cats",
        "MediaUrl":"http://1.bp.blogspot.com/-5IAa1a3XX1A/T93DCjNgNHI/AAAAAAAAALM/GnDYT40wmP0/s1600/1215145026AllthoseKittens.jpg",
        "SourceUrl":"http://9meow.blogspot.com/2012/06/american-curle-cute-kittens.html",
        "DisplayUrl":"9meow.blogspot.com/2012/06/american-curle-cute-kittens.html",
        "Width":"822",
        "Height":"700",
        "FileSize":"78670",
        "ContentType":"jpeg",
        "Thumbnail":{
          "__metadata":{
            "type":"Bing.Thumbnail"
          },
          "MediaUrl":"http://ts3.mm.bing.net/th?id=OIP.M5df1e8c0ad331d21a3298d5845cf2a58H0&pid=15.1",
          "ContentType":"jpg",
          "Width":"300",
          "Height":"255",
          "FileSize":"8897"
        }
      }
    ],
    "__next":"https://api.datamarket.azure.com/Data.ashx/Bing/Search/Image?Query=\u0027cats\u0027&$skip=50&$top=50"
  }
}