{
  "d": {
    "results": [
      {
        "__metadata": {
          "uri": "https://api.datamarket.azure.com/Data.ashx/Bing/Search/Image?Query='dogs'&$skip=60&$top=1",
          "type": "ImageResult"
        },
        "ID": "c5df8849-ec35-4fa5-b8e1-09b81793a3fd",
        "Title": "File:White dogs on hind legs.jpg",
        "MediaUrl": "http://upload.wikimedia.org/wikipedia/commons/4/46/White_dogs_on_hind_legs.jpg",
        "SourceUrl": "http://commons.wikimedia.org/wiki/File:White_dogs_on_hind_legs.jpg",
        "DisplayUrl": "commons.wikimedia.org/wiki/File:White_dogs_on_hind_legs.jpg",
        "Width": "1600",
        "Height": "1200",
        "FileSize": "1208577",
        "ContentType": "jpeg",
        "Thumbnail": {
          "__metadata": {
            "type": "Bing.Thumbnail"
          },
          "MediaUrl": "http://ts4.mm.bing.net/th?id=OIP.Md996afa9c805838f7fbf675da83e3cf9o0&pid=15.1",
          "ContentType": "jpg",
          "Width": "300",
          "Height": "225",
          "FileSize": "18064"
        }
      },
      {
        "__metadata": {
          "uri": "https://api.datamarket.azure.com/Data.ashx/Bing/Search/Image?Query='dogs'&$skip=61&$top=1",
          "type": "ImageResult"
        },
        "ID": "fe40cec9-6a4a-4208-a5ac-42e9efd66274",
        "Title": "Corgi - Dogs Picture",
        "MediaUrl": "http://stuffpoint.com/dogs/image/45002-dogs-corgi.jpg",
        "SourceUrl": "http://stuffpoint.com/dogs/image/45002/corgi-picture/",
        "DisplayUrl": "stuffpoint.com/dogs/image/45002/corgi-picture",
        "Width": "1211",
        "Height": "1108",
        "FileSize": "176231",
        "ContentType": "jpeg",
        "Thumbnail": {
          "__metadata": {
            "type": "Bing.Thumbnail"
          },
          "MediaUrl": "http://ts2.mm.bing.net/th?id=OIP.Mcb1024dc315a0f54fb14d31b476326abH0&pid=15.1",
          "ContentType": "jpg",
          "Width": "300",
          "Height": "274",
          "FileSize": "16334"
        }
      },
      {
        "__metadata": {
          "uri": "https://api.datamarket.azure.com/Data.ashx/Bing/Search/Image?Query='dogs'&$skip=62&$top=1",
          "type": "ImageResult"
        },
        "ID": "dc55dea8-fd12-4acd-a239-dc2febffe12a",
        "Title": "Cute Dogs Wallpaper HD (39) | Freetopwallpaper.com",
        "MediaUrl": "http://freetopwallpaper.com/wp-content/uploads/2013/10/Cute-Dogs-Wallpaper-HD-39.jpg",
        "SourceUrl": "http://freetopwallpaper.com/cute-dogs-wallpaper-hd/cute-dogs-wallpaper-hd-39/",
        "DisplayUrl": "freetopwallpaper.com/cute-dogs-wallpaper-hd/cute-dogs-wallpaper-hd-39",
        "Width": "1920",
        "Height": "1200",
        "FileSize": "518917",
        "ContentType": "jpeg",
        "Thumbnail": {
          "__metadata": {
            "type": "Bing.Thumbnail"
          },
          "MediaUrl": "http://ts1.mm.bing.net/th?id=OIP.M5dc6605c2fbce9ed287528bef28bd900o0&pid=15.1",
          "ContentType": "jpg",
          "Width": "300",
          "Height": "187",
          "FileSize": "9239"
        }
      },
      {
        "__metadata": {
          "uri": "https://api.datamarket.azure.com/Data.ashx/Bing/Search/Image?Query='dogs'&$skip=63&$top=1",
          "type": "ImageResult"
        },
        "ID": "ac2f8c00-878f-4d0d-b856-5b6de22ffd1b",
        "Title": "Cute Dog - Dogs Picture",
        "MediaUrl": "http://stuffpoint.com/dogs/image/190680-dogs-cute-dog.jpg",
        "SourceUrl": "http://stuffpoint.com/dogs/image/190680/cute-dog-picture/",
        "DisplayUrl": "stuffpoint.com/dogs/image/190680/cute-dog-picture",
        "Width": "1600",
        "Height": "1200",
        "FileSize": "81669",
        "ContentType": "jpeg",
        "Thumbnail": {
          "__metadata": {
            "type": "Bing.Thumbnail"
          },
          "MediaUrl": "http://ts2.mm.bing.net/th?id=OIP.M4a4701f45b82d077ab21f4a82a071209H0&pid=15.1",
          "ContentType": "jpg",
          "Width": "300",
          "Height": "225",
          "FileSize": "4037"
        }
      },
      {
        "__metadata": {
          "uri": "https://api.datamarket.azure.com/Data.ashx/Bing/Search/Image?Query='dogs'&$skip=64&$top=1",
          "type": "ImageResult"
        },
        "ID": "06195cfe-48d0-4fc8-9b7f-58ad908d2f3e",
        "Title": "Dogs Wallpaper #52",
        "MediaUrl": "http://media1.santabanta.com/full1/Animals/Dogs/dogs-51v.jpg",
        "SourceUrl": "http://www.santabanta.com/photos/dogs/2113051.htm",
        "DisplayUrl": "www.santabanta.com/photos/dogs/2113051.htm",
        "Width": "1024",
        "Height": "768",
        "FileSize": "139439",
        "ContentType": "jpeg",
        "Thumbnail": {
          "__metadata": {
            "type": "Bing.Thumbnail"
          },
          "MediaUrl": "http://ts2.mm.bing.net/th?id=OIP.M7490dd28d13c6a5c34ab146dcd36ceeaH0&pid=15.1",
          "ContentType": "jpg",
          "Width": "300",
          "Height": "225",
          "FileSize": "9006"
        }
      },
      {
        "__metadata": {
          "uri": "https://api.datamarket.azure.com/Data.ashx/Bing/Search/Image?Query='dogs'&$skip=65&$top=1",
          "type": "ImageResult"
        },
        "ID": "24f58569-9fdf-453f-a8a2-414c841246c2",
        "Title": "Ideas for a Fun Weekend with Your Dog",
        "MediaUrl": "http://splashanddashfordogs.com/wp-content/uploads/2014/07/Dog-2.jpg",
        "SourceUrl": "http://splashanddashfordogs.com/5-ideas-weekend-pet-store",
        "DisplayUrl": "splashanddashfordogs.com/5-ideas-weekend-pet-store",
        "Width": "1920",
        "Height": "1200",
        "FileSize": "552246",
        "ContentType": "jpeg",
        "Thumbnail": {
          "__metadata": {
            "type": "Bing.Thumbnail"
          },
          "MediaUrl": "http://ts2.mm.bing.net/th?id=OIP.M30f25247635841049bc84e5f99998c02o0&pid=15.1",
          "ContentType": "jpg",
          "Width": "300",
          "Height": "187",
          "FileSize": "7545"
        }
      },
      {
        "__metadata": {
          "uri": "https://api.datamarket.azure.com/Data.ashx/Bing/Search/Image?Query='dogs'&$skip=66&$top=1",
          "type": "ImageResult"
        },
        "ID": "ad69e62d-4f0a-4c8b-a0e8-404ed3460f06",
        "Title": "Awesomely cute dogs (15 Pictures)",
        "MediaUrl": "http://www.awesomelycute.com/gallery/2011/10/awesomelycute-dogs-837.jpg",
        "SourceUrl": "http://www.awesomelycute.com/2011/10/awesomely-cute-dogs/",
        "DisplayUrl": "www.awesomelycute.com/2011/10/awesomely-cute-dogs",
        "Width": "2560",
        "Height": "1600",
        "FileSize": "205482",
        "ContentType": "jpeg",
        "Thumbnail": {
          "__metadata": {
            "type": "Bing.Thumbnail"
          },
          "MediaUrl": "http://ts4.mm.bing.net/th?id=OIP.M43181f23e4f56b05f82bff801dc670c4H0&pid=15.1",
          "ContentType": "jpg",
          "Width": "300",
          "Height": "187",
          "FileSize": "3397"
        }
      },
      {
        "__metadata": {
          "uri": "https://api.datamarket.azure.com/Data.ashx/Bing/Search/Image?Query='dogs'&$skip=67&$top=1",
          "type": "ImageResult"
        },
        "ID": "fd8fe6a4-74b0-4e30-be1e-d42884606c77",
        "Title": "Hound Dogs images Beagle puppy dog :) HD wallpaper and background ...",
        "MediaUrl": "http://images4.fanpop.com/image/photos/15300000/Beagle-puppy-dog-hound-dogs-15363092-1600-1200.jpg",
        "SourceUrl": "http://www.fanpop.com/clubs/hound-dogs/images/15363092/title/beagle-puppy-dog-wallpaper",
        "DisplayUrl": "www.fanpop.com/clubs/hound-dogs/images/15363092/title/beagle-puppy...",
        "Width": "1600",
        "Height": "1200",
        "FileSize": "229380",
        "ContentType": "jpeg",
        "Thumbnail": {
          "__metadata": {
            "type": "Bing.Thumbnail"
          },
          "MediaUrl": "http://ts1.mm.bing.net/th?id=OIP.M412109fab4dc0086fa521ceb827a815bo0&pid=15.1",
          "ContentType": "jpg",
          "Width": "300",
          "Height": "225",
          "FileSize": "6205"
        }
      },
      {
        "__metadata": {
          "uri": "https://api.datamarket.azure.com/Data.ashx/Bing/Search/Image?Query='dogs'&$skip=68&$top=1",
          "type": "ImageResult"
        },
        "ID": "1a5ee539-d675-4838-b327-1e8363595005",
        "Title": "Pomeranian - All Small Dogs Wallpaper (18774592) - Fanpop",
        "MediaUrl": "http://images4.fanpop.com/image/photos/18700000/Pomeranian-all-small-dogs-18774592-1280-1024.jpg",
        "SourceUrl": "http://www.fanpop.com/clubs/all-small-dogs/images/18774592/title/pomeranian-wallpaper",
        "DisplayUrl": "www.fanpop.com/clubs/all-small-dogs/images/18774592/title...",
        "Width": "1280",
        "Height": "1024",
        "FileSize": "348017",
        "ContentType": "jpeg",
        "Thumbnail": {
          "__metadata": {
            "type": "Bing.Thumbnail"
          },
          "MediaUrl": "http://ts2.mm.bing.net/th?id=OIP.M7ab805df1ce7032dfb7edc7bda6967aaH0&pid=15.1",
          "ContentType": "jpg",
          "Width": "300",
          "Height": "240",
          "FileSize": "10718"
        }
      },
      {
        "__metadata": {
          "uri": "https://api.datamarket.azure.com/Data.ashx/Bing/Search/Image?Query='dogs'&$skip=69&$top=1",
          "type": "ImageResult"
        },
        "ID": "134cd12a-9e11-4837-9290-177fdb8be0a1",
        "Title": "Dogs images Cute Dogs HD wallpaper and background photos (13883179)",
        "MediaUrl": "http://images2.fanpop.com/image/photos/13800000/Cute-Dogs-dogs-13883179-2560-1931.jpg",
        "SourceUrl": "http://www.fanpop.com/clubs/dogs/images/13883179/title/cute-dogs-photo",
        "DisplayUrl": "www.fanpop.com/clubs/dogs/images/13883179/title/cute-dogs-photo",
        "Width": "2560",
        "Height": "1931",
        "FileSize": "4813993",
        "ContentType": "jpeg",
        "Thumbnail": {
          "__metadata": {
            "type": "Bing.Thumbnail"
          },
          "MediaUrl": "http://ts3.mm.bing.net/th?id=OIP.M2c05feeef11bd728a48ab2153eb54de9H0&pid=15.1",
          "ContentType": "jpg",
          "Width": "300",
          "Height": "226",
          "FileSize": "10336"
        }
      },
      {
        "__metadata": {
          "uri": "https://api.datamarket.azure.com/Data.ashx/Bing/Search/Image?Query='dogs'&$skip=70&$top=1",
          "type": "ImageResult"
        },
        "ID": "0bb152ab-6f72-4b03-8ceb-21d3ced00530",
        "Title": "Free Dogs Online | Free Puppies Online | Find Free Dogs",
        "MediaUrl": "http://www.blirk.net/wallpapers/1400x1050/free-dogs-pictures-3.jpg",
        "SourceUrl": "http://find-free-dogs.blogspot.com/",
        "DisplayUrl": "find-free-dogs.blogspot.com",
        "Width": "1400",
        "Height": "1050",
        "FileSize": "104638",
        "ContentType": "jpeg",
        "Thumbnail": {
          "__metadata": {
            "type": "Bing.Thumbnail"
          },
          "MediaUrl": "http://ts4.mm.bing.net/th?id=OIP.M606ec23716deffcbb18a2e7a454798b7H0&pid=15.1",
          "ContentType": "jpg",
          "Width": "300",
          "Height": "225",
          "FileSize": "6875"
        }
      },
      {
        "__metadata": {
          "uri": "https://api.datamarket.azure.com/Data.ashx/Bing/Search/Image?Query='dogs'&$skip=71&$top=1",
          "type": "ImageResult"
        },
        "ID": "052a0372-b2cd-4423-9c6c-ca60e1ee1152",
        "Title": "Dogs Wallpaper #21",
        "MediaUrl": "http://media1.santabanta.com/full1/Animals/Dogs/dog20v.jpg",
        "SourceUrl": "http://www.santabanta.com/photos/dogs/2113020.htm",
        "DisplayUrl": "www.santabanta.com/photos/dogs/2113020.htm",
        "Width": "1024",
        "Height": "768",
        "FileSize": "192615",
        "ContentType": "jpeg",
        "Thumbnail": {
          "__metadata": {
            "type": "Bing.Thumbnail"
          },
          "MediaUrl": "http://ts4.mm.bing.net/th?id=OIP.M19bf2d9c6c2b3ebd5fec3b5f2b94a805o0&pid=15.1",
          "ContentType": "jpg",
          "Width": "300",
          "Height": "225",
          "FileSize": "14875"
        }
      },
      {
        "__metadata": {
          "uri": "https://api.datamarket.azure.com/Data.ashx/Bing/Search/Image?Query='dogs'&$skip=72&$top=1",
          "type": "ImageResult"
        },
        "ID": "59186a86-4d1b-4fda-9809-12edcbc4e64f",
        "Title": "Pretty Dogs in Garden - Dogs Wallpaper (13905952) - Fanpop",
        "MediaUrl": "http://images2.fanpop.com/image/photos/13900000/Pretty-Dogs-in-Garden-dogs-13905952-1920-1200.jpg",
        "SourceUrl": "http://www.fanpop.com/clubs/dogs/images/13905952/title/pretty-dogs-garden-wallpaper",
        "DisplayUrl": "www.fanpop.com/clubs/dogs/images/13905952/title/pretty-dogs-garden...",
        "Width": "1920",
        "Height": "1200",
        "FileSize": "264930",
        "ContentType": "jpeg",
        "Thumbnail": {
          "__metadata": {
            "type": "Bing.Thumbnail"
          },
          "MediaUrl": "http://ts4.mm.bing.net/th?id=OIP.M5f5734a1d56cc983c034d234d2a9fd1eH0&pid=15.1",
          "ContentType": "jpg",
          "Width": "300",
          "Height": "187",
          "FileSize": "8471"
        }
      },
      {
        "__metadata": {
          "uri": "https://api.datamarket.azure.com/Data.ashx/Bing/Search/Image?Query='dogs'&$skip=73&$top=1",
          "type": "ImageResult"
        },
        "ID": "55705a64-04e5-4b74-ac71-905b756fc079",
        "Title": "Description Flickr - ggallice - Street dogs (1).jpg",
        "MediaUrl": "http://upload.wikimedia.org/wikipedia/commons/a/a2/Flickr_-_ggallice_-_Street_dogs_(1).jpg",
        "SourceUrl": "http://commons.wikimedia.org/wiki/File:Flickr_-_ggallice_-_Street_dogs_(1).jpg",
        "DisplayUrl": "commons.wikimedia.org/wiki/File:Flickr_-_ggallice_-_Street_dogs_(1...",
        "Width": "2900",
        "Height": "1933",
        "FileSize": "492147",
        "ContentType": "jpeg",
        "Thumbnail": {
          "__metadata": {
            "type": "Bing.Thumbnail"
          },
          "MediaUrl": "http://ts2.mm.bing.net/th?id=OIP.Mab6165294b764f7f6847a4ca6fe2db6co0&pid=15.1",
          "ContentType": "jpg",
          "Width": "300",
          "Height": "199",
          "FileSize": "9610"
        }
      },
      {
        "__metadata": {
          "uri": "https://api.datamarket.azure.com/Data.ashx/Bing/Search/Image?Query='dogs'&$skip=74&$top=1",
          "type": "ImageResult"
        },
        "ID": "d49b21ff-d4b9-4c91-947b-fd456d3f3f08",
        "Title": "2group_dogs",
        "MediaUrl": "http://animalrescueqld.org.au/wp-content/uploads/2013/06/2group_dogs.png",
        "SourceUrl": "http://www.animalrescueqld.org.au/making-the-decision-to-adopt/",
        "DisplayUrl": "www.animalrescueqld.org.au/making-the-decision-to-adopt",
        "Width": "425",
        "Height": "424",
        "FileSize": "238765",
        "ContentType": "png",
        "Thumbnail": {
          "__metadata": {
            "type": "Bing.Thumbnail"
          },
          "MediaUrl": "http://ts4.mm.bing.net/th?id=OIP.M2a5a1060d08d385b5e09ebaa9cbfdf02o0&pid=15.1",
          "ContentType": "jpg",
          "Width": "300",
          "Height": "299",
          "FileSize": "10502"
        }
      },
      {
        "__metadata": {
          "uri": "https://api.datamarket.azure.com/Data.ashx/Bing/Search/Image?Query='dogs'&$skip=75&$top=1",
          "type": "ImageResult"
        },
        "ID": "40b042aa-5092-4e8f-93a2-439c74849e33",
        "Title": "Bullmastiff - Dogs breeds (Molosoides) | Pets",
        "MediaUrl": "http://www.mascotarios.org/wp-content/gallery/bullmastiff/bullmastiff7.jpg",
        "SourceUrl": "http://www.mascotarios.org/en/bullmastiff/",
        "DisplayUrl": "www.mascotarios.org/en/bullmastiff",
        "Width": "1000",
        "Height": "834",
        "FileSize": "75908",
        "ContentType": "jpeg",
        "Thumbnail": {
          "__metadata": {
            "type": "Bing.Thumbnail"
          },
          "MediaUrl": "http://ts1.mm.bing.net/th?id=OIP.M9b9c2d7a954b94d20fdc2679da1833d2H0&pid=15.1",
          "ContentType": "jpg",
          "Width": "300",
          "Height": "250",
          "FileSize": "7478"
        }
      },
      {
        "__metadata": {
          "uri": "https://api.datamarket.azure.com/Data.ashx/Bing/Search/Image?Query='dogs'&$skip=76&$top=1",
          "type": "ImageResult"
        },
        "ID": "74a9074c-7c47-4d80-a97a-057d1c4d7f3b",
        "Title": "Finally, check out this adorable puggle puppy. Adorable isn’t he?",
        "MediaUrl": "http://www.designerdogsbreeds.com/wp-content/uploads/2013/02/Puggle-Puppy.jpg",
        "SourceUrl": "http://www.designerdogsbreeds.com/pug-and-beagle-mix/",
        "DisplayUrl": "www.designerdogsbreeds.com/pug-and-beagle-mix",
        "Width": "1280",
        "Height": "960",
        "FileSize": "429049",
        "ContentType": "jpeg",
        "Thumbnail": {
          "__metadata": {
            "type": "Bing.Thumbnail"
          },
          "MediaUrl": "http://ts1.mm.bing.net/th?id=OIP.M7baa678e3128f7169137c45a1e9cdebdH0&pid=15.1",
          "ContentType": "jpg",
          "Width": "300",
          "Height": "225",
          "FileSize": "16657"
        }
      },
      {
        "__metadata": {
          "uri": "https://api.datamarket.azure.com/Data.ashx/Bing/Search/Image?Query='dogs'&$skip=77&$top=1",
          "type": "ImageResult"
        },
        "ID": "6006770f-0a08-40fc-8b87-1ef29adafd58",
        "Title": "GUIDE Dogs Victoria is putting the call out for new puppy raisers from ...",
        "MediaUrl": "http://www.essendonblog.com.au/wp-content/uploads/2012/10/dogs15.jpg",
        "SourceUrl": "http://www.essendonblog.com.au/2012/11/volunteers-to-help-raise-guide-dogs/",
        "DisplayUrl": "www.essendonblog.com.au/2012/11/volunteers-to-help-raise-guide-dogs",
        "Width": "1200",
        "Height": "1024",
        "FileSize": "113054",
        "ContentType": "jpeg",
        "Thumbnail": {
          "__metadata": {
            "type": "Bing.Thumbnail"
          },
          "MediaUrl": "http://ts2.mm.bing.net/th?id=OIP.M4ce50c70de9e123f0b6c565559ee63f5H0&pid=15.1",
          "ContentType": "jpg",
          "Width": "300",
          "Height": "256",
          "FileSize": "5014"
        }
      },
      {
        "__metadata": {
          "uri": "https://api.datamarket.azure.com/Data.ashx/Bing/Search/Image?Query='dogs'&$skip=78&$top=1",
          "type": "ImageResult"
        },
        "ID": "5d4d69f1-92ef-4ec1-995a-8fb43c77fce7",
        "Title": "Dogs - Wallpapers, Pictures, Pics, Images, Photos | Desktop ...",
        "MediaUrl": "http://desktopbackgrounds1.com/wp-content/uploads/2012/11/dogs-wallpapers-3.jpg",
        "SourceUrl": "http://desktopbackgrounds1.com/dogs-wallpapers/",
        "DisplayUrl": "desktopbackgrounds1.com/dogs-wallpapers",
        "Width": "1600",
        "Height": "1200",
        "FileSize": "606917",
        "ContentType": "jpeg",
        "Thumbnail": {
          "__metadata": {
            "type": "Bing.Thumbnail"
          },
          "MediaUrl": "http://ts4.mm.bing.net/th?id=OIP.M6cf2359c97b312d2df9ee7178444fe0cH0&pid=15.1",
          "ContentType": "jpg",
          "Width": "300",
          "Height": "225",
          "FileSize": "13356"
        }
      },
      {
        "__metadata": {
          "uri": "https://api.datamarket.azure.com/Data.ashx/Bing/Search/Image?Query='dogs'&$skip=79&$top=1",
          "type": "ImageResult"
        },
        "ID": "a82343c2-7b4c-4688-98e9-1be8eab2187f",
        "Title": "Whipworms | Pets & Parasites: The Pet Owner's Parasite Resource",
        "MediaUrl": "http://www.petsandparasites.org/images/uploads/images/Mixed_Breed_Puppy_Four_Months.jpg",
        "SourceUrl": "http://www.petsandparasites.org/dog-owners/whipworms/",
        "DisplayUrl": "www.petsandparasites.org/dog-owners/whipworms",
        "Width": "332",
        "Height": "361",
        "FileSize": "105141",
        "ContentType": "jpeg",
        "Thumbnail": {
          "__metadata": {
            "type": "Bing.Thumbnail"
          },
          "MediaUrl": "http://ts1.mm.bing.net/th?id=OIP.M635abae91d10b99cf5300f3df76a8108o0&pid=15.1",
          "ContentType": "jpg",
          "Width": "275",
          "Height": "300",
          "FileSize": "6635"
        }
      },
      {
        "__metadata": {
          "uri": "https://api.datamarket.azure.com/Data.ashx/Bing/Search/Image?Query='dogs'&$skip=80&$top=1",
          "type": "ImageResult"
        },
        "ID": "d391a8a2-cae7-4179-9e2d-1fcfd2f6cfb8",
        "Title": "Dogs images Dogs HD wallpaper and background photos (16762038)",
        "MediaUrl": "http://images4.fanpop.com/image/photos/16700000/Dogs-dogs-16762038-1024-768.jpg",
        "SourceUrl": "http://www.fanpop.com/clubs/dogs/images/16762038/title/dogs-wallpaper",
        "DisplayUrl": "www.fanpop.com/clubs/dogs/images/16762038/title/dogs-wallpaper",
        "Width": "1024",
        "Height": "768",
        "FileSize": "128400",
        "ContentType": "jpeg",
        "Thumbnail": {
          "__metadata": {
            "type": "Bing.Thumbnail"
          },
          "MediaUrl": "http://ts3.mm.bing.net/th?id=OIP.M0c5ef846a58292171c241bf5c4d58493H0&pid=15.1",
          "ContentType": "jpg",
          "Width": "300",
          "Height": "225",
          "FileSize": "6173"
        }
      },
      {
        "__metadata": {
          "uri": "https://api.datamarket.azure.com/Data.ashx/Bing/Search/Image?Query='dogs'&$skip=81&$top=1",
          "type": "ImageResult"
        },
        "ID": "6b75158a-3b95-44cd-bde5-b630a908a598",
        "Title": "Dogs Dogs - Kids' Guide Feeding Your Dog",
        "MediaUrl": "http://www.pfma.org.uk/_assets/images/general/image/Collection%20of%20Dogs%20wb(1).jpg",
        "SourceUrl": "http://www.pfma.org.uk/dogs-dinners/",
        "DisplayUrl": "www.pfma.org.uk/dogs-dinners",
        "Width": "4500",
        "Height": "1494",
        "FileSize": "2045889",
        "ContentType": "jpeg",
        "Thumbnail": {
          "__metadata": {
            "type": "Bing.Thumbnail"
          },
          "MediaUrl": "http://ts1.mm.bing.net/th?id=OIP.Me1e025ebcd1f0c75605e404561f15282o0&pid=15.1",
          "ContentType": "jpg",
          "Width": "300",
          "Height": "99",
          "FileSize": "5198"
        }
      },
      {
        "__metadata": {
          "uri": "https://api.datamarket.azure.com/Data.ashx/Bing/Search/Image?Query='dogs'&$skip=82&$top=1",
          "type": "ImageResult"
        },
        "ID": "6f55256d-7d2b-4a80-8b58-85cfbd2a58f2",
        "Title": "Golden State Service Dogs | For All Your Dog Training Needs",
        "MediaUrl": "http://goldenstateservicedogs.com/wp-content/uploads/2015/04/c50bdb2e-95bc-4423-862f-83e949001fbf.jpg",
        "SourceUrl": "http://goldenstateservicedogs.com/",
        "DisplayUrl": "goldenstateservicedogs.com",
        "Width": "1240",
        "Height": "775",
        "FileSize": "116781",
        "ContentType": "jpeg",
        "Thumbnail": {
          "__metadata": {
            "type": "Bing.Thumbnail"
          },
          "MediaUrl": "http://ts1.mm.bing.net/th?id=OIP.Md04ece76cd8bbe4c0fa6acd7ea185869o0&pid=15.1",
          "ContentType": "jpg",
          "Width": "300",
          "Height": "187",
          "FileSize": "5908"
        }
      },
      {
        "__metadata": {
          "uri": "https://api.datamarket.azure.com/Data.ashx/Bing/Search/Image?Query='dogs'&$skip=83&$top=1",
          "type": "ImageResult"
        },
        "ID": "863e9ccd-d8cd-4061-b1df-3cb0f2659248",
        "Title": "Easy Care Dogs | Dog Breeds Guide",
        "MediaUrl": "http://www.dogbreedsguide.com/wp-content/uploads/2010/03/easycare.jpg",
        "SourceUrl": "http://www.dogbreedsguide.com/easy-care-dogs/",
        "DisplayUrl": "www.dogbreedsguide.com/easy-care-dogs",
        "Width": "1024",
        "Height": "1024",
        "FileSize": "155877",
        "ContentType": "jpeg",
        "Thumbnail": {
          "__metadata": {
            "type": "Bing.Thumbnail"
          },
          "MediaUrl": "http://ts2.mm.bing.net/th?id=OIP.M39d5e087a4b7c9f52d12da3aa5ce7766H0&pid=15.1",
          "ContentType": "jpg",
          "Width": "300",
          "Height": "300",
          "FileSize": "8776"
        }
      },
      {
        "__metadata": {
          "uri": "https://api.datamarket.azure.com/Data.ashx/Bing/Search/Image?Query='dogs'&$skip=84&$top=1",
          "type": "ImageResult"
        },
        "ID": "810c02e8-a32b-4f9b-b011-437d508f5862",
        "Title": "Dooooogs ... people best friends, There are two dogs .... sooo sweet",
        "MediaUrl": "http://stuffpoint.com/dogs/image/159134-dogs-dooooogs-people-best-friends.jpg",
        "SourceUrl": "http://stuffpoint.com/dogs/image/159134/dooooogs-people-best-friends-picture/",
        "DisplayUrl": "stuffpoint.com/dogs/image/159134/dooooogs-people-best-friends-picture",
        "Width": "3064",
        "Height": "2142",
        "FileSize": "524301",
        "ContentType": "jpeg",
        "Thumbnail": {
          "__metadata": {
            "type": "Bing.Thumbnail"
          },
          "MediaUrl": "http://ts4.mm.bing.net/th?id=OIP.M0eb956561ac33257a4890ab2770d5d7dH0&pid=15.1",
          "ContentType": "jpg",
          "Width": "300",
          "Height": "209",
          "FileSize": "7882"
        }
      },
      {
        "__metadata": {
          "uri": "https://api.datamarket.azure.com/Data.ashx/Bing/Search/Image?Query='dogs'&$skip=85&$top=1",
          "type": "ImageResult"
        },
        "ID": "65d3d349-7c45-4cab-bc76-2eac715edc82",
        "Title": "Download Animal Cute Cat And Dog Cuddling Cats Dogs Wallpaper ...",
        "MediaUrl": "http://www.pageresource.com/wallpapers/wallpaper/animal-cute-cat-and-dog-cuddling-cats-dogs_309803.jpg",
        "SourceUrl": "http://happyandcuteanimals.blogspot.com/2015/01/cute-cats-and-dogs.html",
        "DisplayUrl": "happyandcuteanimals.blogspot.com/2015/01/cute-cats-and-dogs.html",
        "Width": "1600",
        "Height": "1000",
        "FileSize": "309803",
        "ContentType": "jpeg",
        "Thumbnail": {
          "__metadata": {
            "type": "Bing.Thumbnail"
          },
          "MediaUrl": "http://ts4.mm.bing.net/th?id=OIP.M4f0a72fa750ec3f7c52aeb902e3ddf9bH0&pid=15.1",
          "ContentType": "jpg",
          "Width": "300",
          "Height": "187",
          "FileSize": "9997"
        }
      },
      {
        "__metadata": {
          "uri": "https://api.datamarket.azure.com/Data.ashx/Bing/Search/Image?Query='dogs'&$skip=86&$top=1",
          "type": "ImageResult"
        },
        "ID": "73a1ffb2-1380-4296-8d6b-8327efb2deaa",
        "Title": "Dog Pictures: Cute Dog Pictures",
        "MediaUrl": "http://4.bp.blogspot.com/-jMDC42qsBCY/UR-yOIdg3BI/AAAAAAAAACA/0EZ6N7QwLbA/s1600/cute%2Bdog%2Bpictures.jpg",
        "SourceUrl": "http://dogpicturesblog.blogspot.com/2013/02/cute-dog-pictures.html",
        "DisplayUrl": "dogpicturesblog.blogspot.com/2013/02/cute-dog-pictures.html",
        "Width": "900",
        "Height": "600",
        "FileSize": "86790",
        "ContentType": "jpeg",
        "Thumbnail": {
          "__metadata": {
            "type": "Bing.Thumbnail"
          },
          "MediaUrl": "http://ts2.mm.bing.net/th?id=OIP.M81aa5cd624929c889b665d9959847460H0&pid=15.1",
          "ContentType": "jpg",
          "Width": "300",
          "Height": "200",
          "FileSize": "7308"
        }
      },
      {
        "__metadata": {
          "uri": "https://api.datamarket.azure.com/Data.ashx/Bing/Search/Image?Query='dogs'&$skip=87&$top=1",
          "type": "ImageResult"
        },
        "ID": "aec28e33-c4fe-40a0-b3eb-98dd6798b431",
        "Title": "dogs wallpapers for desktop cute dogs wallpapers bulldogs bull dogs ...",
        "MediaUrl": "http://2.bp.blogspot.com/-ZpDEXUL0TEM/UTyjicj5rwI/AAAAAAAAEvE/_tqrbVk244I/s1600/Bull+dogs+wallpapers+4.jpg",
        "SourceUrl": "http://world-beautifulwallpapers.blogspot.com/2013/02/dogs-wallpapers.html",
        "DisplayUrl": "world-beautifulwallpapers.blogspot.com/2013/02/dogs-wallpapers.html",
        "Width": "1024",
        "Height": "768",
        "FileSize": "100520",
        "ContentType": "jpeg",
        "Thumbnail": {
          "__metadata": {
            "type": "Bing.Thumbnail"
          },
          "MediaUrl": "http://ts2.mm.bing.net/th?id=OIP.M171ed1ae94c4333aae344b34c58de853o0&pid=15.1",
          "ContentType": "jpg",
          "Width": "300",
          "Height": "225",
          "FileSize": "11597"
        }
      },
      {
        "__metadata": {
          "uri": "https://api.datamarket.azure.com/Data.ashx/Bing/Search/Image?Query='dogs'&$skip=88&$top=1",
          "type": "ImageResult"
        },
        "ID": "51bf0f39-ba32-4dfe-8cfe-747ac9e0e68d",
        "Title": "Dogs soo cute",
        "MediaUrl": "http://images1.fanpop.com/images/image_uploads/soo-cute-3-dogs-1120743_1600_1200.jpg",
        "SourceUrl": "http://www.fanpop.com/clubs/dogs/images/1120743/title/soo-cute-3-wallpaper",
        "DisplayUrl": "www.fanpop.com/clubs/dogs/images/1120743/title/soo-cute-3-wallpaper",
        "Width": "1600",
        "Height": "1200",
        "FileSize": "548870",
        "ContentType": "jpeg",
        "Thumbnail": {
          "__metadata": {
            "type": "Bing.Thumbnail"
          },
          "MediaUrl": "http://ts4.mm.bing.net/th?id=OIP.Ma414f83f131b37eab89d8b1c76031a41o0&pid=15.1",
          "ContentType": "jpg",
          "Width": "300",
          "Height": "225",
          "FileSize": "6018"
        }
      },
      {
        "__metadata": {
          "uri": "https://api.datamarket.azure.com/Data.ashx/Bing/Search/Image?Query='dogs'&$skip=89&$top=1",
          "type": "ImageResult"
        },
        "ID": "25ddad85-298a-4791-9922-74cd4ccb79b6",
        "Title": "Dogs images Dogs HD wallpaper and background photos (16761989)",
        "MediaUrl": "http://images4.fanpop.com/image/photos/16700000/Dogs-dogs-16761989-1024-768.jpg",
        "SourceUrl": "http://www.fanpop.com/clubs/dogs/images/16761989/title/dogs-wallpaper",
        "DisplayUrl": "www.fanpop.com/clubs/dogs/images/16761989/title/dogs-wallpaper",
        "Width": "1024",
        "Height": "768",
        "FileSize": "147435",
        "ContentType": "jpeg",
        "Thumbnail": {
          "__metadata": {
            "type": "Bing.Thumbnail"
          },
          "MediaUrl": "http://ts3.mm.bing.net/th?id=OIP.Mf9930acc9bcc2308e39a478b37941cefH0&pid=15.1",
          "ContentType": "jpg",
          "Width": "300",
          "Height": "225",
          "FileSize": "7651"
        }
      },
      {
        "__metadata": {
          "uri": "https://api.datamarket.azure.com/Data.ashx/Bing/Search/Image?Query='dogs'&$skip=90&$top=1",
          "type": "ImageResult"
        },
        "ID": "4828b4f2-5abb-478d-8ac6-3514144c6cd5",
        "Title": "chubby dog - Dogs Wallpaper",
        "MediaUrl": "http://stuffpoint.com/dogs/image/338076-dogs-chubby-dog.jpg",
        "SourceUrl": "http://stuffpoint.com/dogs/image/338076/chubby-dog-wallpaper/",
        "DisplayUrl": "stuffpoint.com/dogs/image/338076/chubby-dog-wallpaper",
        "Width": "1024",
        "Height": "768",
        "FileSize": "137189",
        "ContentType": "jpeg",
        "Thumbnail": {
          "__metadata": {
            "type": "Bing.Thumbnail"
          },
          "MediaUrl": "http://ts3.mm.bing.net/th?id=OIP.Mec45071cd5cfe4b9383d67ff377ba9ddH0&pid=15.1",
          "ContentType": "jpg",
          "Width": "300",
          "Height": "225",
          "FileSize": "11784"
        }
      },
      {
        "__metadata": {
          "uri": "https://api.datamarket.azure.com/Data.ashx/Bing/Search/Image?Query='dogs'&$skip=91&$top=1",
          "type": "ImageResult"
        },
        "ID": "65e43da2-0ce6-4e93-aa26-5c876af90dbc",
        "Title": "Cute dog! - Dogs Picture",
        "MediaUrl": "http://stuffpoint.com/dogs/image/338835-dogs-cute-dog.jpg",
        "SourceUrl": "http://stuffpoint.com/dogs/image/338835/cute-dog-picture/",
        "DisplayUrl": "stuffpoint.com/dogs/image/338835/cute-dog-picture",
        "Width": "1600",
        "Height": "1200",
        "FileSize": "163613",
        "ContentType": "jpeg",
        "Thumbnail": {
          "__metadata": {
            "type": "Bing.Thumbnail"
          },
          "MediaUrl": "http://ts1.mm.bing.net/th?id=OIP.M8b5406a28cd14ae34b71d40a37216c84H0&pid=15.1",
          "ContentType": "jpg",
          "Width": "300",
          "Height": "225",
          "FileSize": "5822"
        }
      },
      {
        "__metadata": {
          "uri": "https://api.datamarket.azure.com/Data.ashx/Bing/Search/Image?Query='dogs'&$skip=92&$top=1",
          "type": "ImageResult"
        },
        "ID": "5610aa37-0b93-4960-a884-0a92545eb3e8",
        "Title": "Guard Dogs Wallpapers - Pets Cute and Docile",
        "MediaUrl": "http://2.bp.blogspot.com/-EO0rGvU5_SA/UC4TTSQpl2I/AAAAAAAAF3o/JTfrylGextQ/s1600/Guard+Dogs+Wallpapers+2.jpg",
        "SourceUrl": "http://dark-horse-adaptations.blogspot.com/2012/08/guard-dogs-wallpapers.html",
        "DisplayUrl": "dark-horse-adaptations.blogspot.com/2012/08/guard-dogs-wallpapers.html",
        "Width": "1536",
        "Height": "1024",
        "FileSize": "314572",
        "ContentType": "jpeg",
        "Thumbnail": {
          "__metadata": {
            "type": "Bing.Thumbnail"
          },
          "MediaUrl": "http://ts1.mm.bing.net/th?id=OIP.M3bceb7cbc51d61651f418938f97587b3H0&pid=15.1",
          "ContentType": "jpg",
          "Width": "480",
          "Height": "320",
          "FileSize": "25460"
        }
      },
      {
        "__metadata": {
          "uri": "https://api.datamarket.azure.com/Data.ashx/Bing/Search/Image?Query='dogs'&$skip=93&$top=1",
          "type": "ImageResult"
        },
        "ID": "90cab71f-ce7c-4687-af0d-7e302fbcc80f",
        "Title": "Do hunting dogs make good pets? | Pets4Homes",
        "MediaUrl": "http://www.pets4homes.co.uk/images/articles/1044/large/do-hunting-dogs-make-good-pets-521717ef38010.jpg",
        "SourceUrl": "http://www.pets4homes.co.uk/pet-advice/do-hunting-dogs-make-good-pets.html",
        "DisplayUrl": "www.pets4homes.co.uk/pet-advice/do-hunting-dogs-make-good-pets.html",
        "Width": "1280",
        "Height": "853",
        "FileSize": "155796",
        "ContentType": "jpeg",
        "Thumbnail": {
          "__metadata": {
            "type": "Bing.Thumbnail"
          },
          "MediaUrl": "http://ts2.mm.bing.net/th?id=OIP.Ma67f0b006726bbf9777f1b3606960358H0&pid=15.1",
          "ContentType": "jpg",
          "Width": "300",
          "Height": "199",
          "FileSize": "10503"
        }
      },
      {
        "__metadata": {
          "uri": "https://api.datamarket.azure.com/Data.ashx/Bing/Search/Image?Query='dogs'&$skip=94&$top=1",
          "type": "ImageResult"
        },
        "ID": "b40e0b79-aff3-4f92-a01d-4cde24945cb1",
        "Title": "Dogs images Dogs wallpaper photos (16761935)",
        "MediaUrl": "http://images4.fanpop.com/image/photos/16700000/Dogs-dogs-16761935-1024-768.jpg",
        "SourceUrl": "http://www.fanpop.com/clubs/dogs/images/16761935/title/dogs-wallpaper",
        "DisplayUrl": "www.fanpop.com/clubs/dogs/images/16761935/title/dogs-wallpaper",
        "Width": "1024",
        "Height": "768",
        "FileSize": "201492",
        "ContentType": "jpeg",
        "Thumbnail": {
          "__metadata": {
            "type": "Bing.Thumbnail"
          },
          "MediaUrl": "http://ts1.mm.bing.net/th?id=OIP.M2c5b20981ac0bb54cb5856caea9e3ec7H0&pid=15.1",
          "ContentType": "jpg",
          "Width": "300",
          "Height": "225",
          "FileSize": "8153"
        }
      },
      {
        "__metadata": {
          "uri": "https://api.datamarket.azure.com/Data.ashx/Bing/Search/Image?Query='dogs'&$skip=95&$top=1",
          "type": "ImageResult"
        },
        "ID": "8d972abb-ec54-4b25-8892-a102b28c1124",
        "Title": "cute dog !! :) - Dogs Picture",
        "MediaUrl": "http://stuffpoint.com/dogs/image/224832-dogs-cute-dog.jpg",
        "SourceUrl": "http://stuffpoint.com/dogs/image/224832/cute-dog-picture/",
        "DisplayUrl": "stuffpoint.com/dogs/image/224832/cute-dog-picture",
        "Width": "1440",
        "Height": "900",
        "FileSize": "107809",
        "ContentType": "jpeg",
        "Thumbnail": {
          "__metadata": {
            "type": "Bing.Thumbnail"
          },
          "MediaUrl": "http://ts3.mm.bing.net/th?id=OIP.Mb122efb423865addcd45cead29023dc9H0&pid=15.1",
          "ContentType": "jpg",
          "Width": "300",
          "Height": "187",
          "FileSize": "5959"
        }
      },
      {
        "__metadata": {
          "uri": "https://api.datamarket.azure.com/Data.ashx/Bing/Search/Image?Query='dogs'&$skip=96&$top=1",
          "type": "ImageResult"
        },
        "ID": "26f54d1b-b026-421f-b6f3-a860ef55b8c9",
        "Title": "Cute Dogs | Freetopwallpaper.com",
        "MediaUrl": "http://freetopwallpaper.com/wp-content/gallery/cute-dog/cute-dog-baby-wallpaper-hd-15.jpg",
        "SourceUrl": "http://freetopwallpaper.com/category/cute-dogs/",
        "DisplayUrl": "freetopwallpaper.com/category/cute-dogs",
        "Width": "2560",
        "Height": "1600",
        "FileSize": "446928",
        "ContentType": "jpeg",
        "Thumbnail": {
          "__metadata": {
            "type": "Bing.Thumbnail"
          },
          "MediaUrl": "http://ts1.mm.bing.net/th?id=OIP.M603ca917f0056d7641e7dcc1d98b40f9o0&pid=15.1",
          "ContentType": "jpg",
          "Width": "300",
          "Height": "187",
          "FileSize": "4171"
        }
      },
      {
        "__metadata": {
          "uri": "https://api.datamarket.azure.com/Data.ashx/Bing/Search/Image?Query='dogs'&$skip=97&$top=1",
          "type": "ImageResult"
        },
        "ID": "39f0468f-7433-4472-8453-3fc8504cfb9a",
        "Title": "Dog's Facial Expression Shows Its Mood - Business Insider",
        "MediaUrl": "http://static6.businessinsider.com/image/51f973726bb3f7665f000024/a-dogs-facial-expression-shows-its-mood.jpg",
        "SourceUrl": "http://www.businessinsider.com/a-dogs-facial-expression-shows-its-happiness-2013-7",
        "DisplayUrl": "www.businessinsider.com/a-dogs-facial-expression-shows-its...",
        "Width": "3450",
        "Height": "2587",
        "FileSize": "400057",
        "ContentType": "jpeg",
        "Thumbnail": {
          "__metadata": {
            "type": "Bing.Thumbnail"
          },
          "MediaUrl": "http://ts3.mm.bing.net/th?id=OIP.M33ae9ac7a1f6217b2f0148167e3d4b2do0&pid=15.1",
          "ContentType": "jpg",
          "Width": "300",
          "Height": "224",
          "FileSize": "8729"
        }
      },
      {
        "__metadata": {
          "uri": "https://api.datamarket.azure.com/Data.ashx/Bing/Search/Image?Query='dogs'&$skip=98&$top=1",
          "type": "ImageResult"
        },
        "ID": "8f556d07-5987-4b63-a80c-116af8460d4c",
        "Title": "Dogs HD Wallpaper 2015",
        "MediaUrl": "http://www.shortday.in/wp-content/uploads/2015/10/dogs-HD-Wallpapers.jpg",
        "SourceUrl": "http://www.shortday.in/dogs-hd-wallpaper-2015.html",
        "DisplayUrl": "www.shortday.in/dogs-hd-wallpaper-2015.html",
        "Width": "1920",
        "Height": "1200",
        "FileSize": "401297",
        "ContentType": "jpeg",
        "Thumbnail": {
          "__metadata": {
            "type": "Bing.Thumbnail"
          },
          "MediaUrl": "http://ts4.mm.bing.net/th?id=OIP.M5ab9b0a8f6d01b4f9fa48efd510008f9o0&pid=15.1",
          "ContentType": "jpg",
          "Width": "300",
          "Height": "187",
          "FileSize": "7188"
        }
      },
      {
        "__metadata": {
          "uri": "https://api.datamarket.azure.com/Data.ashx/Bing/Search/Image?Query='dogs'&$skip=99&$top=1",
          "type": "ImageResult"
        },
        "ID": "09c3be46-3ced-4c15-b6fa-ff3495184204",
        "Title": "Dogs Wallpaper #64",
        "MediaUrl": "http://media1.santabanta.com/full1/Animals/Dogs/dogs-63a.jpg",
        "SourceUrl": "http://www.santabanta.com/photos/dogs/2113063.htm",
        "DisplayUrl": "www.santabanta.com/photos/dogs/2113063.htm",
        "Width": "1024",
        "Height": "768",
        "FileSize": "231975",
        "ContentType": "jpeg",
        "Thumbnail": {
          "__metadata": {
            "type": "Bing.Thumbnail"
          },
          "MediaUrl": "http://ts2.mm.bing.net/th?id=OIP.M25906be92a13b31ec42cbe9c3894eafaH0&pid=15.1",
          "ContentType": "jpg",
          "Width": "300",
          "Height": "225",
          "FileSize": "15183"
        }
      },
      {
        "__metadata": {
          "uri": "https://api.datamarket.azure.com/Data.ashx/Bing/Search/Image?Query='dogs'&$skip=100&$top=1",
          "type": "ImageResult"
        },
        "ID": "fc476190-c689-4a94-95e7-15d2a9795f65",
        "Title": "Cute Dog - Dogs Wallpaper (33698322) - Fanpop",
        "MediaUrl": "http://images6.fanpop.com/image/photos/33600000/Cute-Dog-dogs-33698322-1024-768.jpg",
        "SourceUrl": "http://www.fanpop.com/clubs/dogs/images/33698322/title/cute-dog-wallpaper",
        "DisplayUrl": "www.fanpop.com/clubs/dogs/images/33698322/title/cute-dog-wallpaper",
        "Width": "1024",
        "Height": "768",
        "FileSize": "97132",
        "ContentType": "jpeg",
        "Thumbnail": {
          "__metadata": {
            "type": "Bing.Thumbnail"
          },
          "MediaUrl": "http://ts3.mm.bing.net/th?id=OIP.M55813e4b0dff01bf0e19a4c0396b072co0&pid=15.1",
          "ContentType": "jpg",
          "Width": "300",
          "Height": "225",
          "FileSize": "6013"
        }
      },
      {
        "__metadata": {
          "uri": "https://api.datamarket.azure.com/Data.ashx/Bing/Search/Image?Query='dogs'&$skip=101&$top=1",
          "type": "ImageResult"
        },
        "ID": "9cd46903-ea0c-418d-9c04-4fb343e37635",
        "Title": "Animals Cats Dogs Birds News » Blog Archive » Boxer",
        "MediaUrl": "http://www.animalsites.net/news/gallery/boxer-dog/boxer-dog-1.jpg",
        "SourceUrl": "http://www.animalsites.net/news/dogs/boxer-specs-pictures/",
        "DisplayUrl": "www.animalsites.net/news/dogs/boxer-specs-pictures",
        "Width": "500",
        "Height": "500",
        "FileSize": "153209",
        "ContentType": "jpeg",
        "Thumbnail": {
          "__metadata": {
            "type": "Bing.Thumbnail"
          },
          "MediaUrl": "http://ts4.mm.bing.net/th?id=OIP.M62be060e07fe0a0ecea8e45ed5e92303o0&pid=15.1",
          "ContentType": "jpg",
          "Width": "300",
          "Height": "300",
          "FileSize": "12119"
        }
      },
      {
        "__metadata": {
          "uri": "https://api.datamarket.azure.com/Data.ashx/Bing/Search/Image?Query='dogs'&$skip=102&$top=1",
          "type": "ImageResult"
        },
        "ID": "147ebd52-c608-4a10-a2f9-86659dcebb0b",
        "Title": "My sweet dog,Sam. - Dogs Photo (32838680) - Fanpop",
        "MediaUrl": "http://images6.fanpop.com/image/photos/32800000/My-sweet-dog-Sam-dogs-32838680-3264-2448.jpg",
        "SourceUrl": "http://www.fanpop.com/clubs/dogs/images/32838680/title/sweet-dog-sam-photo",
        "DisplayUrl": "www.fanpop.com/clubs/dogs/images/32838680/title/sweet-dog-sam-photo",
        "Width": "3264",
        "Height": "2448",
        "FileSize": "1227452",
        "ContentType": "jpeg",
        "Thumbnail": {
          "__metadata": {
            "type": "Bing.Thumbnail"
          },
          "MediaUrl": "http://ts2.mm.bing.net/th?id=OIP.M520c847d8fa03ddbad5243664ecd4a5cH0&pid=15.1",
          "ContentType": "jpg",
          "Width": "300",
          "Height": "225",
          "FileSize": "3863"
        }
      },
      {
        "__metadata": {
          "uri": "https://api.datamarket.azure.com/Data.ashx/Bing/Search/Image?Query='dogs'&$skip=103&$top=1",
          "type": "ImageResult"
        },
        "ID": "21bbbfc3-690e-49e4-b164-7928a3820d07",
        "Title": "Top 10 Dogs That Stay Small • BunkBlog - Part 2",
        "MediaUrl": "http://bunkblog.net/wp-content/uploads/2013/11/Yorkie.jpg",
        "SourceUrl": "http://bunkblog.net/dog-information/top-10-dogs-stay-small/2",
        "DisplayUrl": "bunkblog.net/dog-information/top-10-dogs-stay-small/2",
        "Width": "1920",
        "Height": "1200",
        "FileSize": "54529",
        "ContentType": "jpeg",
        "Thumbnail": {
          "__metadata": {
            "type": "Bing.Thumbnail"
          },
          "MediaUrl": "http://ts4.mm.bing.net/th?id=OIP.M93341b64243525d4baa8c8d40aa375e4H0&pid=15.1",
          "ContentType": "jpg",
          "Width": "300",
          "Height": "187",
          "FileSize": "5443"
        }
      },
      {
        "__metadata": {
          "uri": "https://api.datamarket.azure.com/Data.ashx/Bing/Search/Image?Query='dogs'&$skip=104&$top=1",
          "type": "ImageResult"
        },
        "ID": "afa360b4-93d8-4cb5-8a73-ffdc0a97ff42",
        "Title": "well truth be told dogs don t actually hate cats many dogs that live ...",
        "MediaUrl": "http://thedogbreedsbible.com/wp-content/uploads/2014/02/cats-and-dogs.jpg",
        "SourceUrl": "http://thedogbreedsbible.com/why-do-dogs-hate-cats",
        "DisplayUrl": "thedogbreedsbible.com/why-do-dogs-hate-cats",
        "Width": "1024",
        "Height": "768",
        "FileSize": "42781",
        "ContentType": "jpeg",
        "Thumbnail": {
          "__metadata": {
            "type": "Bing.Thumbnail"
          },
          "MediaUrl": "http://ts1.mm.bing.net/th?id=OIP.M38e4dcb6a089db87ed60e40f5df6ee36o0&pid=15.1",
          "ContentType": "jpg",
          "Width": "300",
          "Height": "225",
          "FileSize": "6192"
        }
      },
      {
        "__metadata": {
          "uri": "https://api.datamarket.azure.com/Data.ashx/Bing/Search/Image?Query='dogs'&$skip=105&$top=1",
          "type": "ImageResult"
        },
        "ID": "94a34425-f909-4b4b-b28a-b6ea2ddea67e",
        "Title": "Tired Dog - Dogs Wallpaper (13789122) - Fanpop",
        "MediaUrl": "http://images2.fanpop.com/image/photos/13700000/Tired-Dog-dogs-13789122-1024-768.jpg",
        "SourceUrl": "http://www.fanpop.com/clubs/dogs/images/13789122/title/tired-dog-wallpaper",
        "DisplayUrl": "www.fanpop.com/clubs/dogs/images/13789122/title/tired-dog-wallpaper",
        "Width": "1024",
        "Height": "768",
        "FileSize": "252342",
        "ContentType": "jpeg",
        "Thumbnail": {
          "__metadata": {
            "type": "Bing.Thumbnail"
          },
          "MediaUrl": "http://ts1.mm.bing.net/th?id=OIP.M8352aa6610430d4e9ebeab74da052b01o0&pid=15.1",
          "ContentType": "jpg",
          "Width": "300",
          "Height": "225",
          "FileSize": "12590"
        }
      },
      {
        "__metadata": {
          "uri": "https://api.datamarket.azure.com/Data.ashx/Bing/Search/Image?Query='dogs'&$skip=106&$top=1",
          "type": "ImageResult"
        },
        "ID": "5161df5c-c7ea-49d3-b8a0-bf9acf91d6e5",
        "Title": "Working & Active Dogs",
        "MediaUrl": "http://www.hydrohounds.co.uk/userimages/workingdog1.jpg",
        "SourceUrl": "http://www.hydrohounds.co.uk/page28.htm",
        "DisplayUrl": "www.hydrohounds.co.uk/page28.htm",
        "Width": "1031",
        "Height": "784",
        "FileSize": "207589",
        "ContentType": "jpeg",
        "Thumbnail": {
          "__metadata": {
            "type": "Bing.Thumbnail"
          },
          "MediaUrl": "http://ts4.mm.bing.net/th?id=OIP.Mae64dccf46b4d48eb7e25eb832d01599H0&pid=15.1",
          "ContentType": "jpg",
          "Width": "300",
          "Height": "228",
          "FileSize": "15955"
        }
      },
      {
        "__metadata": {
          "uri": "https://api.datamarket.azure.com/Data.ashx/Bing/Search/Image?Query='dogs'&$skip=107&$top=1",
          "type": "ImageResult"
        },
        "ID": "10579ef7-7182-476b-b04b-17f913b38016",
        "Title": "Sweet-Dogs-dogs-17473106-1024-768.jpg",
        "MediaUrl": "http://images4.fanpop.com/image/photos/17400000/Sweet-Dogs-dogs-17473106-1024-768.jpg",
        "SourceUrl": "http://www.fanpop.com/clubs/dogs/images/17473106/title/sweet-wallpaper",
        "DisplayUrl": "www.fanpop.com/clubs/dogs/images/17473106/title/sweet-wallpaper",
        "Width": "1024",
        "Height": "768",
        "FileSize": "124475",
        "ContentType": "jpeg",
        "Thumbnail": {
          "__metadata": {
            "type": "Bing.Thumbnail"
          },
          "MediaUrl": "http://ts3.mm.bing.net/th?id=OIP.M185254b32ac60307f68658b5e26c8314H0&pid=15.1",
          "ContentType": "jpg",
          "Width": "300",
          "Height": "225",
          "FileSize": "5978"
        }
      },
      {
        "__metadata": {
          "uri": "https://api.datamarket.azure.com/Data.ashx/Bing/Search/Image?Query='dogs'&$skip=108&$top=1",
          "type": "ImageResult"
        },
        "ID": "ec70dcbf-f5b3-432e-a941-ae9c0d6831e5",
        "Title": "Pretty Dogs in Garden - Dogs Wallpaper (13906016) - Fanpop",
        "MediaUrl": "http://images2.fanpop.com/image/photos/13900000/Pretty-Dogs-in-Garden-dogs-13906016-1920-1200.jpg",
        "SourceUrl": "http://www.fanpop.com/clubs/dogs/images/13906016/title/pretty-dogs-garden-wallpaper",
        "DisplayUrl": "www.fanpop.com/clubs/dogs/images/13906016/title/pretty-dogs-garden...",
        "Width": "1920",
        "Height": "1200",
        "FileSize": "258912",
        "ContentType": "jpeg",
        "Thumbnail": {
          "__metadata": {
            "type": "Bing.Thumbnail"
          },
          "MediaUrl": "http://ts4.mm.bing.net/th?id=OIP.Ma965f9b9bbaf9efd7e4e656cc8d6d718H0&pid=15.1",
          "ContentType": "jpg",
          "Width": "300",
          "Height": "187",
          "FileSize": "8574"
        }
      },
      {
        "__metadata": {
          "uri": "https://api.datamarket.azure.com/Data.ashx/Bing/Search/Image?Query='dogs'&$skip=109&$top=1",
          "type": "ImageResult"
        },
        "ID": "83f47834-d8e2-46d3-9ea4-6235093cb256",
        "Title": "Dogs images Puppies!",
        "MediaUrl": "http://images1.fanpop.com/images/photos/1900000/Puppies-3-dogs-1993812-1024-768.jpg",
        "SourceUrl": "http://www.fanpop.com/clubs/dogs/images/1993812/title/puppies-3-wallpaper",
        "DisplayUrl": "www.fanpop.com/clubs/dogs/images/1993812/title/puppies-3-wallpaper",
        "Width": "1024",
        "Height": "768",
        "FileSize": "55617",
        "ContentType": "jpeg",
        "Thumbnail": {
          "__metadata": {
            "type": "Bing.Thumbnail"
          },
          "MediaUrl": "http://ts4.mm.bing.net/th?id=OIP.Mcbb4b1aeb2423adc99ab660877577b2fH0&pid=15.1",
          "ContentType": "jpg",
          "Width": "300",
          "Height": "225",
          "FileSize": "7240"
        }
      }
    ],
    "__next": "https://api.datamarket.azure.com/Data.ashx/Bing/Search/Image?Query='dogs'&$skip=110&$top=50"
  }
}