{
  "d": {
    "results": [
      {
        "__metadata": {
          "uri": "https://api.datamarket.azure.com/Data.ashx/Bing/Search/Image?Query='Pet Rabbits'&$skip=50&$top=1",
          "type": "ImageResult"
        },
        "ID": "cd0d3a66-02be-4839-ba44-3dbe87f132fd",
        "Title": "Pet Rabbits 101 - Hoppy Pet Rabbit Guide",
        "MediaUrl": "http://rabbitbreeders.us/newsletter/wp-content/uploads/2014/11/Pet-Rabbits.jpg",
        "SourceUrl": "http://rabbitbreeders.us/newsletter/pet-rabbits-101/",
        "DisplayUrl": "rabbitbreeders.us/newsletter/pet-rabbits-101",
        "Width": "2400",
        "Height": "1200",
        "FileSize": "493200",
        "ContentType": "jpeg",
        "Thumbnail": {
          "__metadata": {
            "type": "Bing.Thumbnail"
          },
          "MediaUrl": "http://ts1.mm.bing.net/th?id=OIP.M5c8c8377019653b864655a874a2b5460o0&pid=15.1",
          "ContentType": "jpg",
          "Width": "150",
          "Height": "300",
          "FileSize": "11922"
        }
      },
      {
        "__metadata": {
          "uri": "https://api.datamarket.azure.com/Data.ashx/Bing/Search/Image?Query='Pet Rabbits'&$skip=51&$top=1",
          "type": "ImageResult"
        },
        "ID": "9d1366f7-46c6-463e-a27c-2a75c1bf7d58",
        "Title": "... of rabbit cute rabbit cute rabbit pics pet rabbit pet rabbits rabbit",
        "MediaUrl": "http://www.seeyourinterest.com/wp-content/uploads/2013/05/pet-rabbit.jpg",
        "SourceUrl": "http://www.seeyourinterest.com/2013/05/the-cute-rabbits/",
        "DisplayUrl": "www.seeyourinterest.com/2013/05/the-cute-rabbits",
        "Width": "700",
        "Height": "437",
        "FileSize": "38586",
        "ContentType": "jpeg",
        "Thumbnail": {
          "__metadata": {
            "type": "Bing.Thumbnail"
          },
          "MediaUrl": "http://ts3.mm.bing.net/th?id=OIP.M472488b994e5da480b0936ac373df860o0&pid=15.1",
          "ContentType": "jpg",
          "Width": "300",
          "Height": "187",
          "FileSize": "5936"
        }
      },
      {
        "__metadata": {
          "uri": "https://api.datamarket.azure.com/Data.ashx/Bing/Search/Image?Query='Pet Rabbits'&$skip=52&$top=1",
          "type": "ImageResult"
        },
        "ID": "3e63bfe8-2dfe-4daa-9ce0-7928504377b8",
        "Title": "Pet rabbits for sale, Pet rabbit, Pet rabbit pictures, Pet rabbit ...",
        "MediaUrl": "http://2.bp.blogspot.com/-cPwAojJdLdQ/TosErVPof8I/AAAAAAAAANo/GQi1eJMGUdo/s1600/Pet+rabbits+for+sale1.jpg",
        "SourceUrl": "http://very-sweet-and-cute-animal-funny.blogspot.com/2011/10/pet-rabbits-for-sale.html",
        "DisplayUrl": "very-sweet-and-cute-animal-funny.blogspot.com/2011/10/pet-rabbits...",
        "Width": "625",
        "Height": "469",
        "FileSize": "30295",
        "ContentType": "jpeg",
        "Thumbnail": {
          "__metadata": {
            "type": "Bing.Thumbnail"
          },
          "MediaUrl": "http://ts1.mm.bing.net/th?id=OIP.M2cdbff3786470414c11b49ebcc9166f9H0&pid=15.1",
          "ContentType": "jpg",
          "Width": "300",
          "Height": "225",
          "FileSize": "6591"
        }
      },
      {
        "__metadata": {
          "uri": "https://api.datamarket.azure.com/Data.ashx/Bing/Search/Image?Query='Pet Rabbits'&$skip=53&$top=1",
          "type": "ImageResult"
        },
        "ID": "13a7622e-0e81-4b94-a449-087a5a3af5f4",
        "Title": "... Rabbits are pretty inexpensive as far as long-term care, and they are",
        "MediaUrl": "http://www.busyparentsonline.com/pets/images/rabbits_white.jpg",
        "SourceUrl": "http://www.busyparentsonline.com/pets/20035_rightpetforyou.htm",
        "DisplayUrl": "www.busyparentsonline.com/pets/20035_rightpetforyou.htm",
        "Width": "640",
        "Height": "478",
        "FileSize": "31303",
        "ContentType": "jpeg",
        "Thumbnail": {
          "__metadata": {
            "type": "Bing.Thumbnail"
          },
          "MediaUrl": "http://ts3.mm.bing.net/th?id=OIP.M3439081ab334c4fa313cb65d1ed9001eo0&pid=15.1",
          "ContentType": "jpg",
          "Width": "300",
          "Height": "224",
          "FileSize": "5714"
        }
      },
      {
        "__metadata": {
          "uri": "https://api.datamarket.azure.com/Data.ashx/Bing/Search/Image?Query='Pet Rabbits'&$skip=54&$top=1",
          "type": "ImageResult"
        },
        "ID": "b78e5e13-a622-485a-b9e3-8e790b587dc0",
        "Title": "all pets rabbit",
        "MediaUrl": "http://telaf.files.wordpress.com/2013/07/all-pets-rabbit.jpg",
        "SourceUrl": "http://telaf.wordpress.com/category/other-animals-found/",
        "DisplayUrl": "telaf.wordpress.com/category/other-animals-found",
        "Width": "1040",
        "Height": "904",
        "FileSize": "144696",
        "ContentType": "jpeg",
        "Thumbnail": {
          "__metadata": {
            "type": "Bing.Thumbnail"
          },
          "MediaUrl": "http://ts1.mm.bing.net/th?id=OIP.Me99c7ba869ee41240eb5075627d13e8eH0&pid=15.1",
          "ContentType": "jpg",
          "Width": "300",
          "Height": "260",
          "FileSize": "6240"
        }
      },
      {
        "__metadata": {
          "uri": "https://api.datamarket.azure.com/Data.ashx/Bing/Search/Image?Query='Pet Rabbits'&$skip=55&$top=1",
          "type": "ImageResult"
        },
        "ID": "90257fa7-dd3b-4bd0-97ba-000023407d13",
        "Title": "Pet Rabbit Names",
        "MediaUrl": "http://cf.ltkcdn.net/small-pets/images/std/140633-411x292-lop-rabbit.jpg",
        "SourceUrl": "http://small-pets.lovetoknow.com/pet-rabbit-names",
        "DisplayUrl": "small-pets.lovetoknow.com/pet-rabbit-names",
        "Width": "411",
        "Height": "292",
        "FileSize": "10178",
        "ContentType": "jpeg",
        "Thumbnail": {
          "__metadata": {
            "type": "Bing.Thumbnail"
          },
          "MediaUrl": "http://ts4.mm.bing.net/th?id=OIP.M9b4e85896d4ab9b5317e7b09099e5d4eo0&pid=15.1",
          "ContentType": "jpg",
          "Width": "300",
          "Height": "213",
          "FileSize": "3945"
        }
      },
      {
        "__metadata": {
          "uri": "https://api.datamarket.azure.com/Data.ashx/Bing/Search/Image?Query='Pet Rabbits'&$skip=56&$top=1",
          "type": "ImageResult"
        },
        "ID": "b9f1057b-a32c-4f1c-893b-9b33f0388813",
        "Title": "Pet Rabbits Breed | Black Models Picture",
        "MediaUrl": "https://www.petfinder.com/wp-content/uploads/2012/11/152171561-rabbits-basic-needs.jpg",
        "SourceUrl": "http://blackmodelspicture.net/pet/pet-rabbits-breed.html",
        "DisplayUrl": "blackmodelspicture.net/pet/pet-rabbits-breed.html",
        "Width": "2716",
        "Height": "1811",
        "FileSize": "3069984",
        "ContentType": "jpeg",
        "Thumbnail": {
          "__metadata": {
            "type": "Bing.Thumbnail"
          },
          "MediaUrl": "http://ts2.mm.bing.net/th?id=OIP.M914f3b3105e8857fe8afedec33ba42edo0&pid=15.1",
          "ContentType": "jpg",
          "Width": "300",
          "Height": "200",
          "FileSize": "7064"
        }
      },
      {
        "__metadata": {
          "uri": "https://api.datamarket.azure.com/Data.ashx/Bing/Search/Image?Query='Pet Rabbits'&$skip=57&$top=1",
          "type": "ImageResult"
        },
        "ID": "11f9719d-a53a-4da9-8441-e558922b8a1c",
        "Title": "of pet rabbits brought in with myxomatosis . If you have pet rabbits ...",
        "MediaUrl": "http://archive.vetknowledge.com/files/images/rabbit-brown-grass.jpg",
        "SourceUrl": "http://essendonvet.com.au/news/alert-to-rabbit-owners-increasing-number-of-rabbits-diagnosed-with-myxomatosis-0",
        "DisplayUrl": "essendonvet.com.au/news/alert-to-rabbit-owners-increasing-number-of...",
        "Width": "640",
        "Height": "608",
        "FileSize": "89973",
        "ContentType": "jpeg",
        "Thumbnail": {
          "__metadata": {
            "type": "Bing.Thumbnail"
          },
          "MediaUrl": "http://ts2.mm.bing.net/th?id=OIP.M27061359410e3f16251ac36b57add151H0&pid=15.1",
          "ContentType": "jpg",
          "Width": "300",
          "Height": "285",
          "FileSize": "15556"
        }
      },
      {
        "__metadata": {
          "uri": "https://api.datamarket.azure.com/Data.ashx/Bing/Search/Image?Query='Pet Rabbits'&$skip=58&$top=1",
          "type": "ImageResult"
        },
        "ID": "fa3533f3-4542-49ad-8ab6-ccc1c7b65442",
        "Title": "Buying Live Rabbits – A comprehensive guide to buying rabbits. All ...",
        "MediaUrl": "http://raisingrabbitsblog.com/wp-content/uploads/2013/12/Buying-Live-Rabbits.jpg",
        "SourceUrl": "http://raisingrabbitsblog.com/buying-live-rabbits/",
        "DisplayUrl": "raisingrabbitsblog.com/buying-live-rabbits",
        "Width": "2272",
        "Height": "1704",
        "FileSize": "1583720",
        "ContentType": "jpeg",
        "Thumbnail": {
          "__metadata": {
            "type": "Bing.Thumbnail"
          },
          "MediaUrl": "http://ts2.mm.bing.net/th?id=OIP.M76b003702e66432e65eeaf9da2df62f2o0&pid=15.1",
          "ContentType": "jpg",
          "Width": "300",
          "Height": "225",
          "FileSize": "21193"
        }
      },
      {
        "__metadata": {
          "uri": "https://api.datamarket.azure.com/Data.ashx/Bing/Search/Image?Query='Pet Rabbits'&$skip=59&$top=1",
          "type": "ImageResult"
        },
        "ID": "b1660553-da3f-4bf4-84bc-35a20444463b",
        "Title": "... in the sport of hopping also they make excellent show and pet rabbits",
        "MediaUrl": "http://4.bp.blogspot.com/-pa3B7nw7hFE/T30hScE8wbI/AAAAAAAAAz4/G0hXFmRVeV4/s1600/449541035.jpg",
        "SourceUrl": "http://petsareyours.blogspot.com/2012/04/dutch-rabbit.html",
        "DisplayUrl": "petsareyours.blogspot.com/2012/04/dutch-rabbit.html",
        "Width": "1280",
        "Height": "960",
        "FileSize": "195076",
        "ContentType": "jpeg",
        "Thumbnail": {
          "__metadata": {
            "type": "Bing.Thumbnail"
          },
          "MediaUrl": "http://ts2.mm.bing.net/th?id=OIP.M2d35b6ab71cc43374986749f95f5a020H0&pid=15.1",
          "ContentType": "jpg",
          "Width": "300",
          "Height": "225",
          "FileSize": "19810"
        }
      },
      {
        "__metadata": {
          "uri": "https://api.datamarket.azure.com/Data.ashx/Bing/Search/Image?Query='Pet Rabbits'&$skip=60&$top=1",
          "type": "ImageResult"
        },
        "ID": "7d36c87a-41ab-44e7-91f5-a65e05ca8164",
        "Title": "Rabbits Pet | Rabbit cage",
        "MediaUrl": "http://pethealthcare99.files.wordpress.com/2011/07/wallcoo_com_lovely_rabbit_picture_da033008s.jpg",
        "SourceUrl": "http://www.rabbitcage.org.uk/rabbits-pet/",
        "DisplayUrl": "www.rabbitcage.org.uk/rabbits-pet",
        "Width": "1024",
        "Height": "768",
        "FileSize": "361649",
        "ContentType": "jpeg",
        "Thumbnail": {
          "__metadata": {
            "type": "Bing.Thumbnail"
          },
          "MediaUrl": "http://ts4.mm.bing.net/th?id=OIP.Mb262c261281dd1dd5a11c6530ab310c9H0&pid=15.1",
          "ContentType": "jpg",
          "Width": "300",
          "Height": "225",
          "FileSize": "6798"
        }
      },
      {
        "__metadata": {
          "uri": "https://api.datamarket.azure.com/Data.ashx/Bing/Search/Image?Query='Pet Rabbits'&$skip=61&$top=1",
          "type": "ImageResult"
        },
        "ID": "6025dc6b-6c06-4266-b624-49b4b935daa0",
        "Title": "Rabbits As Pets Breeds Netherland dwarf pet rabbits",
        "MediaUrl": "http://rabbitbreeders.us/wp-content/uploads/Netherland-Dwarf-Pet-Rabbits.jpg",
        "SourceUrl": "http://imgarcade.com/1/rabbits-as-pets-breeds/",
        "DisplayUrl": "imgarcade.com/1/rabbits-as-pets-breeds",
        "Width": "960",
        "Height": "720",
        "FileSize": "114480",
        "ContentType": "jpeg",
        "Thumbnail": {
          "__metadata": {
            "type": "Bing.Thumbnail"
          },
          "MediaUrl": "http://ts1.mm.bing.net/th?id=OIP.M4412801ae38f3a1d7aba1e9aaf1578d0H0&pid=15.1",
          "ContentType": "jpg",
          "Width": "300",
          "Height": "225",
          "FileSize": "10450"
        }
      },
      {
        "__metadata": {
          "uri": "https://api.datamarket.azure.com/Data.ashx/Bing/Search/Image?Query='Pet Rabbits'&$skip=62&$top=1",
          "type": "ImageResult"
        },
        "ID": "cd9b076f-992f-45d7-b390-0fbbab04aac7",
        "Title": "INSIGHT RABBIT: A Few Tips On Finding The Best Pet Rabbit Breed For ...",
        "MediaUrl": "http://2.bp.blogspot.com/-AnWQVO8SgYQ/TlSy0Gob0kI/AAAAAAAAEjY/Tw1sUTTJu-I/s1600/rabbit39_1024_vkaa.jpg",
        "SourceUrl": "http://insight-rabbit.blogspot.com/2011/08/by-dean-erickson-rabbits-are-popular.html",
        "DisplayUrl": "insight-rabbit.blogspot.com/2011/08/by-dean-erickson-rabbits-are...",
        "Width": "1024",
        "Height": "768",
        "FileSize": "242399",
        "ContentType": "jpeg",
        "Thumbnail": {
          "__metadata": {
            "type": "Bing.Thumbnail"
          },
          "MediaUrl": "http://ts4.mm.bing.net/th?id=OIP.Me880af64055f7e190db2e3155896d1d6o0&pid=15.1",
          "ContentType": "jpg",
          "Width": "300",
          "Height": "225",
          "FileSize": "7581"
        }
      },
      {
        "__metadata": {
          "uri": "https://api.datamarket.azure.com/Data.ashx/Bing/Search/Image?Query='Pet Rabbits'&$skip=63&$top=1",
          "type": "ImageResult"
        },
        "ID": "789da389-3dc9-4d35-b63e-7d89eccf6e04",
        "Title": "Pet Rabbits Beneficial to Woman’s Health",
        "MediaUrl": "http://geniusbeauty.com/wp-content/uploads/2011/01/Rabbit.jpg",
        "SourceUrl": "http://geniusbeauty.com/woman-health/pet-rabbits-beneficial-woman-health/",
        "DisplayUrl": "geniusbeauty.com/woman-health/pet-rabbits-beneficial-woman-health",
        "Width": "400",
        "Height": "496",
        "FileSize": "45099",
        "ContentType": "jpeg",
        "Thumbnail": {
          "__metadata": {
            "type": "Bing.Thumbnail"
          },
          "MediaUrl": "http://ts2.mm.bing.net/th?id=OIP.M4f3a2570b38947beda300ecf5671011eo0&pid=15.1",
          "ContentType": "jpg",
          "Width": "241",
          "Height": "300",
          "FileSize": "9953"
        }
      },
      {
        "__metadata": {
          "uri": "https://api.datamarket.azure.com/Data.ashx/Bing/Search/Image?Query='Pet Rabbits'&$skip=64&$top=1",
          "type": "ImageResult"
        },
        "ID": "f7c6361d-56d3-4af9-8c9e-8b44653669b3",
        "Title": "Pet Rabbits",
        "MediaUrl": "http://www.animalliberationfront.com/Practical/Pets/WildAnimals/home_rabbit_1.jpg",
        "SourceUrl": "http://www.animalliberationfront.com/Practical/Pets/WildAnimals/PetRabbits.htm",
        "DisplayUrl": "www.animalliberationfront.com/Practical/Pets/WildAnimals/PetRabbits...",
        "Width": "534",
        "Height": "442",
        "FileSize": "92464",
        "ContentType": "jpeg",
        "Thumbnail": {
          "__metadata": {
            "type": "Bing.Thumbnail"
          },
          "MediaUrl": "http://ts2.mm.bing.net/th?id=OIP.Me150e9092d7ae9126b4286f4340971cco0&pid=15.1",
          "ContentType": "jpg",
          "Width": "300",
          "Height": "248",
          "FileSize": "17128"
        }
      },
      {
        "__metadata": {
          "uri": "https://api.datamarket.azure.com/Data.ashx/Bing/Search/Image?Query='Pet Rabbits'&$skip=65&$top=1",
          "type": "ImageResult"
        },
        "ID": "40c3659c-8c22-42f0-8c0f-5cccc43fbdcb",
        "Title": "My Active Life: Basic Pet Rabbit Care",
        "MediaUrl": "http://4.bp.blogspot.com/_ybuGuS3v_54/TMhHbKQnjuI/AAAAAAAAAAo/Vss3xwj7EoQ/s1600/04.jpg",
        "SourceUrl": "http://myactivelife-lyndi1027.blogspot.com/2010/10/basic-pet-rabbit-care.html",
        "DisplayUrl": "myactivelife-lyndi1027.blogspot.com/2010/10/basic-pet-rabbit-care.html",
        "Width": "777",
        "Height": "408",
        "FileSize": "133142",
        "ContentType": "jpeg",
        "Thumbnail": {
          "__metadata": {
            "type": "Bing.Thumbnail"
          },
          "MediaUrl": "http://ts4.mm.bing.net/th?id=OIP.M28118e7312176229d09ecc3d30b205c6o0&pid=15.1",
          "ContentType": "jpg",
          "Width": "300",
          "Height": "157",
          "FileSize": "10239"
        }
      },
      {
        "__metadata": {
          "uri": "https://api.datamarket.azure.com/Data.ashx/Bing/Search/Image?Query='Pet Rabbits'&$skip=66&$top=1",
          "type": "ImageResult"
        },
        "ID": "464b0761-1ea5-4728-8e55-8e19ffd0d8bb",
        "Title": "so you want a new pet well congratulations rabbits are very social and ...",
        "MediaUrl": "http://petattack.com/wp-content/uploads/2014/05/rabbits.jpg",
        "SourceUrl": "http://petattack.com/rabbits-pets/",
        "DisplayUrl": "petattack.com/rabbits-pets",
        "Width": "400",
        "Height": "267",
        "FileSize": "29640",
        "ContentType": "jpeg",
        "Thumbnail": {
          "__metadata": {
            "type": "Bing.Thumbnail"
          },
          "MediaUrl": "http://ts3.mm.bing.net/th?id=OIP.M94436b8091643b50171439e01b4bce96o0&pid=15.1",
          "ContentType": "jpg",
          "Width": "300",
          "Height": "200",
          "FileSize": "7382"
        }
      },
      {
        "__metadata": {
          "uri": "https://api.datamarket.azure.com/Data.ashx/Bing/Search/Image?Query='Pet Rabbits'&$skip=67&$top=1",
          "type": "ImageResult"
        },
        "ID": "65c4db66-f76d-43fd-ba7c-ff5a9c335ae8",
        "Title": "Luckily the rabbits didn’t notice that Tommy was so chilled out and ...",
        "MediaUrl": "https://tinaholmes.files.wordpress.com/2012/11/p1070135.jpg",
        "SourceUrl": "https://tinaholmes.wordpress.com/2012/11/12/pets-at-home-fund-raising-visit/",
        "DisplayUrl": "https://tinaholmes.wordpress.com/2012/11/12/pets-at-home-fund...",
        "Width": "3264",
        "Height": "2176",
        "FileSize": "3210171",
        "ContentType": "jpeg",
        "Thumbnail": {
          "__metadata": {
            "type": "Bing.Thumbnail"
          },
          "MediaUrl": "http://ts1.mm.bing.net/th?id=OIP.M3b1e2d90404bbdac269a610e1ac8635eo0&pid=15.1",
          "ContentType": "jpg",
          "Width": "300",
          "Height": "200",
          "FileSize": "10238"
        }
      },
      {
        "__metadata": {
          "uri": "https://api.datamarket.azure.com/Data.ashx/Bing/Search/Image?Query='Pet Rabbits'&$skip=68&$top=1",
          "type": "ImageResult"
        },
        "ID": "d087225b-4830-4240-94c8-7e660c500600",
        "Title": "How to Raise Pet Rabbits . Lots of useful information and resources ...",
        "MediaUrl": "http://rabbitbreeders.us/wp-content/uploads/Raising-Pet-Rabbits.jpg",
        "SourceUrl": "http://rabbitbreeders.us/raising-pet-rabbits",
        "DisplayUrl": "rabbitbreeders.us/raising-pet-rabbits",
        "Width": "1500",
        "Height": "1200",
        "FileSize": "1436228",
        "ContentType": "jpeg",
        "Thumbnail": {
          "__metadata": {
            "type": "Bing.Thumbnail"
          },
          "MediaUrl": "http://ts3.mm.bing.net/th?id=OIP.M6c6a13c0ba173719f00030e6b7153682H0&pid=15.1",
          "ContentType": "jpg",
          "Width": "300",
          "Height": "240",
          "FileSize": "17659"
        }
      },
      {
        "__metadata": {
          "uri": "https://api.datamarket.azure.com/Data.ashx/Bing/Search/Image?Query='Pet Rabbits'&$skip=69&$top=1",
          "type": "ImageResult"
        },
        "ID": "a639cc33-292f-4ae6-8c81-add8d15d0cfa",
        "Title": "How to feed your pet rabbit easily",
        "MediaUrl": "http://www.petklips.com/wp-content/uploads/2012/11/How-to-feed-your-pet-rabbit-easily.jpg",
        "SourceUrl": "http://www.petklips.com/category/pet-feed/",
        "DisplayUrl": "www.petklips.com/category/pet-feed",
        "Width": "1024",
        "Height": "768",
        "FileSize": "131340",
        "ContentType": "jpeg",
        "Thumbnail": {
          "__metadata": {
            "type": "Bing.Thumbnail"
          },
          "MediaUrl": "http://ts1.mm.bing.net/th?id=OIP.Ma0043df223a147c436399110c445c2cfo0&pid=15.1",
          "ContentType": "jpg",
          "Width": "300",
          "Height": "225",
          "FileSize": "9216"
        }
      },
      {
        "__metadata": {
          "uri": "https://api.datamarket.azure.com/Data.ashx/Bing/Search/Image?Query='Pet Rabbits'&$skip=70&$top=1",
          "type": "ImageResult"
        },
        "ID": "caa34ffe-1ace-4826-8ef0-0333f3fc7a6a",
        "Title": "INSIGHT RABBIT: Pet Rabbit Care-Get Answers to All Your Pet Rabbit ...",
        "MediaUrl": "http://4.bp.blogspot.com/-U0bK4842AO4/TlSvj5RK1lI/AAAAAAAAEjQ/dZvftHKbnr0/s1600/rabbit41_1024_w3hr.jpg",
        "SourceUrl": "http://insight-rabbit.blogspot.com/2011/08/pet-rabbit-care-get-answers-to-all-your.html",
        "DisplayUrl": "insight-rabbit.blogspot.com/2011/08/pet-rabbit-care-get-answers-to...",
        "Width": "1024",
        "Height": "768",
        "FileSize": "110925",
        "ContentType": "jpeg",
        "Thumbnail": {
          "__metadata": {
            "type": "Bing.Thumbnail"
          },
          "MediaUrl": "http://ts4.mm.bing.net/th?id=OIP.M759db69756c4152343a4397b933e050fo0&pid=15.1",
          "ContentType": "jpg",
          "Width": "300",
          "Height": "225",
          "FileSize": "7560"
        }
      },
      {
        "__metadata": {
          "uri": "https://api.datamarket.azure.com/Data.ashx/Bing/Search/Image?Query='Pet Rabbits'&$skip=71&$top=1",
          "type": "ImageResult"
        },
        "ID": "6afbe040-7718-4d69-8ae9-e5081da33ef8",
        "Title": "Rabbits2",
        "MediaUrl": "http://www.petsfoto.com/wp-content/uploads/2010/06/Rabbits2.png",
        "SourceUrl": "http://www.petsfoto.com/beautiful-rabbit-breeds/",
        "DisplayUrl": "www.petsfoto.com/beautiful-rabbit-breeds",
        "Width": "600",
        "Height": "450",
        "FileSize": "663030",
        "ContentType": "png",
        "Thumbnail": {
          "__metadata": {
            "type": "Bing.Thumbnail"
          },
          "MediaUrl": "http://ts3.mm.bing.net/th?id=OIP.M313a3e80d8d8af1387baf7720dbae3c8o0&pid=15.1",
          "ContentType": "jpg",
          "Width": "300",
          "Height": "225",
          "FileSize": "7327"
        }
      },
      {
        "__metadata": {
          "uri": "https://api.datamarket.azure.com/Data.ashx/Bing/Search/Image?Query='Pet Rabbits'&$skip=72&$top=1",
          "type": "ImageResult"
        },
        "ID": "9deb0fa4-73b3-4058-addf-9e51c72c0718",
        "Title": "Pet Rabbits",
        "MediaUrl": "http://www.animalliberationfront.com/Practical/Pets/WildAnimals/home_rabbit_2.jpg",
        "SourceUrl": "http://www.animalliberationfront.com/Practical/Pets/WildAnimals/PetRabbits.htm",
        "DisplayUrl": "www.animalliberationfront.com/Practical/Pets/WildAnimals/PetRabbits...",
        "Width": "573",
        "Height": "442",
        "FileSize": "75093",
        "ContentType": "jpeg",
        "Thumbnail": {
          "__metadata": {
            "type": "Bing.Thumbnail"
          },
          "MediaUrl": "http://ts2.mm.bing.net/th?id=OIP.M6809742127a5caa8ea1286a58730b0cao0&pid=15.1",
          "ContentType": "jpg",
          "Width": "300",
          "Height": "231",
          "FileSize": "9292"
        }
      },
      {
        "__metadata": {
          "uri": "https://api.datamarket.azure.com/Data.ashx/Bing/Search/Image?Query='Pet Rabbits'&$skip=73&$top=1",
          "type": "ImageResult"
        },
        "ID": "e4305b6e-f22c-46cf-a06f-3fb78ecc1076",
        "Title": "10-reasons-rescue-rabbits-rule-thinkstock-148125620",
        "MediaUrl": "https://www.petfinder.com/wp-content/uploads/2012/11/10-reasons-rescue-rabbits-rule-thinkstock-148125620.jpg",
        "SourceUrl": "https://www.petfinder.com/pet-adoption/other-pet-adoption/pet-adoptionotheradopt-a-rescued-rabbit-month-html-2/",
        "DisplayUrl": "https://www.petfinder.com/pet-adoption/other-pet-adoption/pet...",
        "Width": "3495",
        "Height": "2765",
        "FileSize": "2111951",
        "ContentType": "jpeg",
        "Thumbnail": {
          "__metadata": {
            "type": "Bing.Thumbnail"
          },
          "MediaUrl": "http://ts1.mm.bing.net/th?id=OIP.M8c523e3d8f9f4dc1bf436dc1f1ae8c7bo0&pid=15.1",
          "ContentType": "jpg",
          "Width": "300",
          "Height": "237",
          "FileSize": "4895"
        }
      },
      {
        "__metadata": {
          "uri": "https://api.datamarket.azure.com/Data.ashx/Bing/Search/Image?Query='Pet Rabbits'&$skip=74&$top=1",
          "type": "ImageResult"
        },
        "ID": "1929da49-b3d0-413a-aa4e-49d5ba722e00",
        "Title": "Pet Hooligans Interview: My House Rabbit | Pet Hooligans",
        "MediaUrl": "http://pethooligans.com/wp-content/uploads/2010/09/Tilly.jpg",
        "SourceUrl": "http://pethooligans.com/2010/09/11/pet-hooligans-interview-my-house-rabbit/",
        "DisplayUrl": "pethooligans.com/2010/09/11/pet-hooligans-interview-my-house-rabbit",
        "Width": "507",
        "Height": "567",
        "FileSize": "416831",
        "ContentType": "jpeg",
        "Thumbnail": {
          "__metadata": {
            "type": "Bing.Thumbnail"
          },
          "MediaUrl": "http://ts3.mm.bing.net/th?id=OIP.M073172376d60a843b3cba37bd9b9c9deo0&pid=15.1",
          "ContentType": "jpg",
          "Width": "268",
          "Height": "300",
          "FileSize": "6706"
        }
      },
      {
        "__metadata": {
          "uri": "https://api.datamarket.azure.com/Data.ashx/Bing/Search/Image?Query='Pet Rabbits'&$skip=75&$top=1",
          "type": "ImageResult"
        },
        "ID": "51b8b2a7-f315-4093-aca0-9005aeb11b56",
        "Title": "Fanpop Pets images My pet rabbit Goldie and my brothers rabbit,Flopsy ...",
        "MediaUrl": "http://images2.fanpop.com/images/photos/3400000/My-pet-rabbit-Goldie-and-my-brothers-rabbit-Flopsy-fanpop-pets-3465589-1600-1200.jpg",
        "SourceUrl": "http://www.fanpop.com/clubs/fanpop-pets/images/3465589/title/pet-rabbit-goldie-brothers-rabbit-flopsy-photo",
        "DisplayUrl": "www.fanpop.com/clubs/fanpop-pets/images/3465589/title/pet-rabbit...",
        "Width": "1600",
        "Height": "1200",
        "FileSize": "306146",
        "ContentType": "jpeg",
        "Thumbnail": {
          "__metadata": {
            "type": "Bing.Thumbnail"
          },
          "MediaUrl": "http://ts4.mm.bing.net/th?id=OIP.M69facc0a06f0950cfc9723233d48bce1H0&pid=15.1",
          "ContentType": "jpg",
          "Width": "300",
          "Height": "225",
          "FileSize": "11143"
        }
      },
      {
        "__metadata": {
          "uri": "https://api.datamarket.azure.com/Data.ashx/Bing/Search/Image?Query='Pet Rabbits'&$skip=76&$top=1",
          "type": "ImageResult"
        },
        "ID": "06ff31d3-729d-4e77-a126-b9c128a4b7c0",
        "Title": "animal, rabbits, rabbit-pet-photos, rabbit, rabbit-photos, animal ...",
        "MediaUrl": "http://www.blirk.net/wallpapers/852x480/rabbit-pet-photos-1.jpg",
        "SourceUrl": "http://blirk.net/rabbit-pet-photos/1/852x480",
        "DisplayUrl": "blirk.net/rabbit-pet-photos/1/852x480",
        "Width": "852",
        "Height": "480",
        "FileSize": "53137",
        "ContentType": "jpeg",
        "Thumbnail": {
          "__metadata": {
            "type": "Bing.Thumbnail"
          },
          "MediaUrl": "http://ts4.mm.bing.net/th?id=OIP.M7c3c0b40becc5bcab8c78689fc739c57o0&pid=15.1",
          "ContentType": "jpg",
          "Width": "300",
          "Height": "169",
          "FileSize": "9063"
        }
      },
      {
        "__metadata": {
          "uri": "https://api.datamarket.azure.com/Data.ashx/Bing/Search/Image?Query='Pet Rabbits'&$skip=77&$top=1",
          "type": "ImageResult"
        },
        "ID": "339c91ca-2ba0-4cee-b2e9-a219aa75beea",
        "Title": "Caring for Pet Rabbits | Pet Naturals Blog",
        "MediaUrl": "http://petnaturals.com/blog/wp-content/uploads/2013/07/pet-rabbit-3.jpg",
        "SourceUrl": "http://petnaturals.com/blog/caring-for-pet-rabbits/",
        "DisplayUrl": "petnaturals.com/blog/caring-for-pet-rabbits",
        "Width": "338",
        "Height": "507",
        "FileSize": "100033",
        "ContentType": "jpeg",
        "Thumbnail": {
          "__metadata": {
            "type": "Bing.Thumbnail"
          },
          "MediaUrl": "http://ts3.mm.bing.net/th?id=OIP.Md307ca9df30f0824ce907666c9ea6428o0&pid=15.1",
          "ContentType": "jpg",
          "Width": "200",
          "Height": "300",
          "FileSize": "11936"
        }
      },
      {
        "__metadata": {
          "uri": "https://api.datamarket.azure.com/Data.ashx/Bing/Search/Image?Query='Pet Rabbits'&$skip=78&$top=1",
          "type": "ImageResult"
        },
        "ID": "5ab8a471-5661-4273-9a2c-b49ed9cf73c0",
        "Title": "Pet Rabbit Pet Rabbit Pictures Pet Rabbit Images Pet Rabbit Cage",
        "MediaUrl": "http://imagesci.com/img/2013/09/pet-rabbit-22594-hd-wallpapers.jpg",
        "SourceUrl": "http://funny-pictures.picphotos.net/funny-pet-rabbit-picture-pet-rabbit-pictures-pet-rabbit-image-pet/cartoonstock.com*newscartoons*cartoonists*pju*lowres*animals-kid-pet_rabbit-boy-girl-rabbit-pjun1125l.jpg",
        "DisplayUrl": "funny-pictures.picphotos.net/funny-pet-rabbit-picture-pet-rabbit...",
        "Width": "1024",
        "Height": "768",
        "FileSize": "156449",
        "ContentType": "jpeg",
        "Thumbnail": {
          "__metadata": {
            "type": "Bing.Thumbnail"
          },
          "MediaUrl": "http://ts4.mm.bing.net/th?id=OIP.Mcc07cc24c3ade936c115c43d61cd16aco0&pid=15.1",
          "ContentType": "jpg",
          "Width": "300",
          "Height": "225",
          "FileSize": "10808"
        }
      },
      {
        "__metadata": {
          "uri": "https://api.datamarket.azure.com/Data.ashx/Bing/Search/Image?Query='Pet Rabbits'&$skip=79&$top=1",
          "type": "ImageResult"
        },
        "ID": "3a089bcd-b612-49ba-a616-7e35af1498c2",
        "Title": "... charming exotic pets pet stories pets animals rabbits on march 23 2011",
        "MediaUrl": "http://www.petsfoto.com/wp-content/uploads/2011/03/Charming-Rabbits13.jpg",
        "SourceUrl": "http://www.petsfoto.com/tag/rabbits/",
        "DisplayUrl": "www.petsfoto.com/tag/rabbits",
        "Width": "600",
        "Height": "418",
        "FileSize": "18449",
        "ContentType": "jpeg",
        "Thumbnail": {
          "__metadata": {
            "type": "Bing.Thumbnail"
          },
          "MediaUrl": "http://ts3.mm.bing.net/th?id=OIP.M042351d45a2f4301669d4058f8a356fbo0&pid=15.1",
          "ContentType": "jpg",
          "Width": "300",
          "Height": "209",
          "FileSize": "6820"
        }
      },
      {
        "__metadata": {
          "uri": "https://api.datamarket.azure.com/Data.ashx/Bing/Search/Image?Query='Pet Rabbits'&$skip=80&$top=1",
          "type": "ImageResult"
        },
        "ID": "b3f1b4b4-74cc-44c3-971d-94bb1675fe81",
        "Title": "Lionhead Rabbits -bred to be easy pets | Maidstone, Kent | Pets4Homes",
        "MediaUrl": "http://www.pets4homes.co.uk/images/classifieds/2013/09/07/414364/large/lionhead-rabbits-bred-to-be-easy-pets-522ac54249e34.jpg",
        "SourceUrl": "http://www.pets4homes.co.uk/classifieds/414364-lionhead-rabbits-bred-to-be-easy-pets-maidstone.html",
        "DisplayUrl": "www.pets4homes.co.uk/classifieds/414364-lionhead-rabbits-bred-to-be...",
        "Width": "1280",
        "Height": "983",
        "FileSize": "165484",
        "ContentType": "jpeg",
        "Thumbnail": {
          "__metadata": {
            "type": "Bing.Thumbnail"
          },
          "MediaUrl": "http://ts4.mm.bing.net/th?id=OIP.Me8feeebe6a5dc43e9830a6b8c713ec45o0&pid=15.1",
          "ContentType": "jpg",
          "Width": "300",
          "Height": "230",
          "FileSize": "6474"
        }
      },
      {
        "__metadata": {
          "uri": "https://api.datamarket.azure.com/Data.ashx/Bing/Search/Image?Query='Pet Rabbits'&$skip=81&$top=1",
          "type": "ImageResult"
        },
        "ID": "664db40a-a083-42f2-82b5-efc6b97ecb4b",
        "Title": "Save Pet Rabbits from Deadly Myxomatosis Virus Send a Toy Rabbit to ...",
        "MediaUrl": "http://4.bp.blogspot.com/_-59eLceWsp4/TUNQBeB9ldI/AAAAAAAADiE/giUebAOg3BY/s1600/Rabbits-Myxo1.jpg",
        "SourceUrl": "http://rabbitrescuesanctuary.blogspot.com/2011/01/save-pet-rabbits-from-deadly.html",
        "DisplayUrl": "rabbitrescuesanctuary.blogspot.com/2011/01/save-pet-rabbits-from...",
        "Width": "1600",
        "Height": "1107",
        "FileSize": "302462",
        "ContentType": "jpeg",
        "Thumbnail": {
          "__metadata": {
            "type": "Bing.Thumbnail"
          },
          "MediaUrl": "http://ts4.mm.bing.net/th?id=OIP.M40ff91e4e7b6e47671746916ff90c5eeo0&pid=15.1",
          "ContentType": "jpg",
          "Width": "300",
          "Height": "207",
          "FileSize": "11216"
        }
      },
      {
        "__metadata": {
          "uri": "https://api.datamarket.azure.com/Data.ashx/Bing/Search/Image?Query='Pet Rabbits'&$skip=82&$top=1",
          "type": "ImageResult"
        },
        "ID": "963c24b6-6f49-4ae1-a696-d114c2288c72",
        "Title": "Whether indoor or outdoor, pet rabbits' pens are often equipped with ...",
        "MediaUrl": "http://3.bp.blogspot.com/_R9jWDBjMl24/S6rRN6DHe9I/AAAAAAAABto/_L9ImvrkRPk/s1600/House+rabbit.JPG",
        "SourceUrl": "http://petstoresguide.blogspot.com/",
        "DisplayUrl": "petstoresguide.blogspot.com",
        "Width": "866",
        "Height": "1280",
        "FileSize": "135333",
        "ContentType": "jpeg",
        "Thumbnail": {
          "__metadata": {
            "type": "Bing.Thumbnail"
          },
          "MediaUrl": "http://ts1.mm.bing.net/th?id=OIP.M7d2dccccca7735cb330954ac9daa6e3eo0&pid=15.1",
          "ContentType": "jpg",
          "Width": "202",
          "Height": "300",
          "FileSize": "9700"
        }
      },
      {
        "__metadata": {
          "uri": "https://api.datamarket.azure.com/Data.ashx/Bing/Search/Image?Query='Pet Rabbits'&$skip=83&$top=1",
          "type": "ImageResult"
        },
        "ID": "95f69573-fb13-46f3-ac45-2623a4b844d9",
        "Title": "Pet Rabbit Pet rabbits are now legal in",
        "MediaUrl": "http://hoppingtonpost.com/wp-content/uploads/2012/06/pet-rabbit-outside.jpg",
        "SourceUrl": "http://imgarcade.com/1/pet-rabbit/",
        "DisplayUrl": "imgarcade.com/1/pet-rabbit",
        "Width": "400",
        "Height": "321",
        "FileSize": "50513",
        "ContentType": "jpeg",
        "Thumbnail": {
          "__metadata": {
            "type": "Bing.Thumbnail"
          },
          "MediaUrl": "http://ts1.mm.bing.net/th?id=OIP.Mcaec92f270e56b4deb0460c406bb4e68o0&pid=15.1",
          "ContentType": "jpg",
          "Width": "300",
          "Height": "240",
          "FileSize": "13607"
        }
      },
      {
        "__metadata": {
          "uri": "https://api.datamarket.azure.com/Data.ashx/Bing/Search/Image?Query='Pet Rabbits'&$skip=84&$top=1",
          "type": "ImageResult"
        },
        "ID": "3dd6bc7b-7960-4201-8d82-e2909f17d9a1",
        "Title": "having a rabbit as a pet can be fun and rewarding oftentimes rabbits ...",
        "MediaUrl": "http://2.bp.blogspot.com/-NV3Gkaf4rZs/TVa0AI6qylI/AAAAAAAAAqA/krcnvgQ4-M4/s1600/3.jpg",
        "SourceUrl": "http://pets-to-me.blogspot.com/2011/02/rabbits-can-make-good-house-pets.html",
        "DisplayUrl": "pets-to-me.blogspot.com/2011/02/rabbits-can-make-good-house-pets.html",
        "Width": "1024",
        "Height": "768",
        "FileSize": "59941",
        "ContentType": "jpeg",
        "Thumbnail": {
          "__metadata": {
            "type": "Bing.Thumbnail"
          },
          "MediaUrl": "http://ts1.mm.bing.net/th?id=OIP.M256134afb1840e65432eaf042a237d84o0&pid=15.1",
          "ContentType": "jpg",
          "Width": "300",
          "Height": "225",
          "FileSize": "10264"
        }
      },
      {
        "__metadata": {
          "uri": "https://api.datamarket.azure.com/Data.ashx/Bing/Search/Image?Query='Pet Rabbits'&$skip=85&$top=1",
          "type": "ImageResult"
        },
        "ID": "0ab5fb32-c7c8-4f5a-924f-9186e66bd04a",
        "Title": "Pet Bunny Rabbit Free Stock Photo - Public Domain Pictures",
        "MediaUrl": "http://www.publicdomainpictures.net/pictures/40000/velka/pet-bunnie-rabbit.jpg",
        "SourceUrl": "http://publicdomainpictures.net/view-image.php?image=34350&picture=pet-bunny-rabbit&large=1",
        "DisplayUrl": "publicdomainpictures.net/view-image.php?image=34350&picture=pet...",
        "Width": "1920",
        "Height": "1280",
        "FileSize": "818566",
        "ContentType": "jpeg",
        "Thumbnail": {
          "__metadata": {
            "type": "Bing.Thumbnail"
          },
          "MediaUrl": "http://ts2.mm.bing.net/th?id=OIP.Mec7e7cdae4e9e2fc116c767a24ff3d24o0&pid=15.1",
          "ContentType": "jpg",
          "Width": "300",
          "Height": "200",
          "FileSize": "14291"
        }
      },
      {
        "__metadata": {
          "uri": "https://api.datamarket.azure.com/Data.ashx/Bing/Search/Image?Query='Pet Rabbits'&$skip=86&$top=1",
          "type": "ImageResult"
        },
        "ID": "63e71e42-f788-4f16-b128-2b95a3f67fb8",
        "Title": "pet rabbit images pet rabbit cage wallpaper 2011rabbit roger rabbit ...",
        "MediaUrl": "http://4.bp.blogspot.com/-7BBHG4cCIBU/TosBlFuohAI/AAAAAAAAANA/DK4-1ZrojU4/s400/Pet+rabbit+images.jpg",
        "SourceUrl": "http://2leeponlie.blogspot.com/2011/11/pet-rabbit-images.html",
        "DisplayUrl": "2leeponlie.blogspot.com/2011/11/pet-rabbit-images.html",
        "Width": "300",
        "Height": "240",
        "FileSize": "13132",
        "ContentType": "jpeg",
        "Thumbnail": {
          "__metadata": {
            "type": "Bing.Thumbnail"
          },
          "MediaUrl": "http://ts4.mm.bing.net/th?id=OIP.M140d90c7aecf23a38b00094aa248ac6do0&pid=15.1",
          "ContentType": "jpg",
          "Width": "300",
          "Height": "240",
          "FileSize": "6010"
        }
      },
      {
        "__metadata": {
          "uri": "https://api.datamarket.azure.com/Data.ashx/Bing/Search/Image?Query='Pet Rabbits'&$skip=87&$top=1",
          "type": "ImageResult"
        },
        "ID": "bafb65ee-ad8b-4dc0-be1c-84e42825f519",
        "Title": "Timperley Aquatics Pet Reptile & Watergarden Centre",
        "MediaUrl": "http://www.supremepetfoods.com/wordpress/wp-content/uploads/2011/03/rabbit1.png",
        "SourceUrl": "http://www.theukpetshop.co.uk/site/index.php/furry-pets/rabbits",
        "DisplayUrl": "www.theukpetshop.co.uk/site/index.php/furry-pets/rabbits",
        "Width": "560",
        "Height": "358",
        "FileSize": "213622",
        "ContentType": "png",
        "Thumbnail": {
          "__metadata": {
            "type": "Bing.Thumbnail"
          },
          "MediaUrl": "http://ts1.mm.bing.net/th?id=OIP.M1045d7e0888bf95e14210c549d97cd60o0&pid=15.1",
          "ContentType": "jpg",
          "Width": "300",
          "Height": "191",
          "FileSize": "6556"
        }
      },
      {
        "__metadata": {
          "uri": "https://api.datamarket.azure.com/Data.ashx/Bing/Search/Image?Query='Pet Rabbits'&$skip=88&$top=1",
          "type": "ImageResult"
        },
        "ID": "e75cc42b-2953-43d3-a434-32e4048d5caa",
        "Title": "The Pet Rabbit – 15 things you should know…. - Vital Pet Health ...",
        "MediaUrl": "http://vitalpethealth.co.uk/wp-content/uploads/2015/04/Rabbits-Kiss.jpg",
        "SourceUrl": "http://vitalpethealth.co.uk/the-pet-rabbit-15-things-you-should-know/",
        "DisplayUrl": "vitalpethealth.co.uk/the-pet-rabbit-15-things-you-should-know",
        "Width": "1920",
        "Height": "1200",
        "FileSize": "1128920",
        "ContentType": "jpeg",
        "Thumbnail": {
          "__metadata": {
            "type": "Bing.Thumbnail"
          },
          "MediaUrl": "http://ts1.mm.bing.net/th?id=OIP.M708e736b282e7c7803070ae798aedf9do0&pid=15.1",
          "ContentType": "jpg",
          "Width": "300",
          "Height": "187",
          "FileSize": "11735"
        }
      },
      {
        "__metadata": {
          "uri": "https://api.datamarket.azure.com/Data.ashx/Bing/Search/Image?Query='Pet Rabbits'&$skip=89&$top=1",
          "type": "ImageResult"
        },
        "ID": "e05a9903-9dba-4269-8876-594a38f3fb4c",
        "Title": "Pets Pantry is a fully stocked pet care centre based in Anstruther in ...",
        "MediaUrl": "http://www.pets-pantry.co.uk/DSCF0002.JPG",
        "SourceUrl": "http://www.pets-pantry.co.uk/",
        "DisplayUrl": "www.pets-pantry.co.uk",
        "Width": "3072",
        "Height": "2304",
        "FileSize": "416759",
        "ContentType": "jpeg",
        "Thumbnail": {
          "__metadata": {
            "type": "Bing.Thumbnail"
          },
          "MediaUrl": "http://ts1.mm.bing.net/th?id=OIP.Me4b6188a184f830b3f7e024c7bae8ac2o0&pid=15.1",
          "ContentType": "jpg",
          "Width": "300",
          "Height": "225",
          "FileSize": "9248"
        }
      },
      {
        "__metadata": {
          "uri": "https://api.datamarket.azure.com/Data.ashx/Bing/Search/Image?Query='Pet Rabbits'&$skip=90&$top=1",
          "type": "ImageResult"
        },
        "ID": "90ddf184-0ad0-4e8f-8f62-e1493cae647f",
        "Title": "Pet Rabbits File:pet rabbits 1 2014-01-27.",
        "MediaUrl": "http://upload.wikimedia.org/wikipedia/commons/a/a5/Pet_rabbits_1_2014-01-27.jpg",
        "SourceUrl": "http://galleryhip.com/pet-rabbits.html",
        "DisplayUrl": "galleryhip.com/pet-rabbits.html",
        "Width": "3872",
        "Height": "2592",
        "FileSize": "3762482",
        "ContentType": "jpeg",
        "Thumbnail": {
          "__metadata": {
            "type": "Bing.Thumbnail"
          },
          "MediaUrl": "http://ts4.mm.bing.net/th?id=OIP.Mb48c427271086016cf4550cdcf52119co0&pid=15.1",
          "ContentType": "jpg",
          "Width": "300",
          "Height": "200",
          "FileSize": "6292"
        }
      },
      {
        "__metadata": {
          "uri": "https://api.datamarket.azure.com/Data.ashx/Bing/Search/Image?Query='Pet Rabbits'&$skip=91&$top=1",
          "type": "ImageResult"
        },
        "ID": "aa43ca2b-0f9f-4197-a25c-17562edd91f6",
        "Title": "10 popular and cute rabbit breeds that are raised as pets | The Self ...",
        "MediaUrl": "http://theselfsufficientliving.com/wp-content/uploads/2014/03/Himalayan-rabbits-1024x682.jpg",
        "SourceUrl": "http://theselfsufficientliving.com/popular-breeds-of-pet-rabbits/",
        "DisplayUrl": "theselfsufficientliving.com/popular-breeds-of-pet-rabbits",
        "Width": "1024",
        "Height": "682",
        "FileSize": "149650",
        "ContentType": "jpeg",
        "Thumbnail": {
          "__metadata": {
            "type": "Bing.Thumbnail"
          },
          "MediaUrl": "http://ts3.mm.bing.net/th?id=OIP.M6fd92d6d4cc4ddb2acbbd6a84c826353H0&pid=15.1",
          "ContentType": "jpg",
          "Width": "300",
          "Height": "199",
          "FileSize": "9105"
        }
      },
      {
        "__metadata": {
          "uri": "https://api.datamarket.azure.com/Data.ashx/Bing/Search/Image?Query='Pet Rabbits'&$skip=92&$top=1",
          "type": "ImageResult"
        },
        "ID": "734a1247-37bb-4eca-82cf-9cc63643de65",
        "Title": "Easter: Pet Rabbits Cost More Than Most Parents Think | TIME.com",
        "MediaUrl": "https://timebusinessblog.files.wordpress.com/2012/04/10141355-e13334720588771.jpg?w=480&h=320&crop=1",
        "SourceUrl": "http://business.time.com/2012/04/05/think-twice-before-putting-a-pet-bunny-in-the-easter-basket-this-weekend/",
        "DisplayUrl": "business.time.com/2012/04/05/think-twice-before-putting-a-pet-bunny...",
        "Width": "480",
        "Height": "320",
        "FileSize": "37707",
        "ContentType": "jpeg",
        "Thumbnail": {
          "__metadata": {
            "type": "Bing.Thumbnail"
          },
          "MediaUrl": "http://ts3.mm.bing.net/th?id=OIP.Mb735808fb586773c672df495081faa66o0&pid=15.1",
          "ContentType": "jpg",
          "Width": "300",
          "Height": "200",
          "FileSize": "6787"
        }
      },
      {
        "__metadata": {
          "uri": "https://api.datamarket.azure.com/Data.ashx/Bing/Search/Image?Query='Pet Rabbits'&$skip=93&$top=1",
          "type": "ImageResult"
        },
        "ID": "5fb1136d-86e0-4620-a8ed-20401372f398",
        "Title": "Pet Rabbit Breeds For Kids 10 popular and cute rabbit breeds that are ...",
        "MediaUrl": "http://theselfsufficientliving.com/wp-content/uploads/2014/03/Mini-Rex-1024x768.jpg",
        "SourceUrl": "http://pixgood.com/pet-rabbit-breeds-for-kids.html",
        "DisplayUrl": "pixgood.com/pet-rabbit-breeds-for-kids.html",
        "Width": "1024",
        "Height": "768",
        "FileSize": "173379",
        "ContentType": "jpeg",
        "Thumbnail": {
          "__metadata": {
            "type": "Bing.Thumbnail"
          },
          "MediaUrl": "http://ts2.mm.bing.net/th?id=OIP.M886297871efebd42ced0e975d53a2d74o0&pid=15.1",
          "ContentType": "jpg",
          "Width": "300",
          "Height": "225",
          "FileSize": "9019"
        }
      },
      {
        "__metadata": {
          "uri": "https://api.datamarket.azure.com/Data.ashx/Bing/Search/Image?Query='Pet Rabbits'&$skip=94&$top=1",
          "type": "ImageResult"
        },
        "ID": "0776fd3d-703a-4364-bc94-e9fcefe28439",
        "Title": "Rabbit Pet | Rabbit cage",
        "MediaUrl": "http://www.petanim.com/wp-content/uploads/2010/09/pet_rabbit.jpg",
        "SourceUrl": "http://www.rabbitcage.org.uk/rabbit-pet/",
        "DisplayUrl": "www.rabbitcage.org.uk/rabbit-pet",
        "Width": "381",
        "Height": "280",
        "FileSize": "26440",
        "ContentType": "jpeg",
        "Thumbnail": {
          "__metadata": {
            "type": "Bing.Thumbnail"
          },
          "MediaUrl": "http://ts3.mm.bing.net/th?id=OIP.M87f90d8d95dc7163f1708d83dad63904o0&pid=15.1",
          "ContentType": "jpg",
          "Width": "300",
          "Height": "220",
          "FileSize": "8486"
        }
      },
      {
        "__metadata": {
          "uri": "https://api.datamarket.azure.com/Data.ashx/Bing/Search/Image?Query='Pet Rabbits'&$skip=95&$top=1",
          "type": "ImageResult"
        },
        "ID": "ab5bdb92-d46f-4b09-9398-3ff3ee300f3a",
        "Title": "pet rabbit",
        "MediaUrl": "http://www.thepawblog.com/wp-content/uploads/2007/06/petrabbit.jpg",
        "SourceUrl": "http://www.thepawblog.com/dental-disease-in-rabbits/",
        "DisplayUrl": "www.thepawblog.com/dental-disease-in-rabbits",
        "Width": "500",
        "Height": "334",
        "FileSize": "114391",
        "ContentType": "jpeg",
        "Thumbnail": {
          "__metadata": {
            "type": "Bing.Thumbnail"
          },
          "MediaUrl": "http://ts2.mm.bing.net/th?id=OIP.M0fd00371bf1e0c7724bb79f2c144ceefo0&pid=15.1",
          "ContentType": "jpg",
          "Width": "300",
          "Height": "200",
          "FileSize": "11071"
        }
      },
      {
        "__metadata": {
          "uri": "https://api.datamarket.azure.com/Data.ashx/Bing/Search/Image?Query='Pet Rabbits'&$skip=96&$top=1",
          "type": "ImageResult"
        },
        "ID": "252b1b08-b7f7-4717-97dd-b6b97a8a361a",
        "Title": "Funny Names for Pet Rabbits",
        "MediaUrl": "http://img.answcdn.com/view:feature/getty/Animal_Life/f13e3fa6/84189548.jpg",
        "SourceUrl": "http://pets.answers.com/rabbits/funny-names-for-pet-rabbits",
        "DisplayUrl": "pets.answers.com/rabbits/funny-names-for-pet-rabbits",
        "Width": "526",
        "Height": "667",
        "FileSize": "119309",
        "ContentType": "jpeg",
        "Thumbnail": {
          "__metadata": {
            "type": "Bing.Thumbnail"
          },
          "MediaUrl": "http://ts3.mm.bing.net/th?id=OIP.Mc6f01626663af7fd3aa76f529bde88c0o0&pid=15.1",
          "ContentType": "jpg",
          "Width": "236",
          "Height": "300",
          "FileSize": "3949"
        }
      },
      {
        "__metadata": {
          "uri": "https://api.datamarket.azure.com/Data.ashx/Bing/Search/Image?Query='Pet Rabbits'&$skip=97&$top=1",
          "type": "ImageResult"
        },
        "ID": "22b4017c-b926-43e2-8e8a-730c1b71db09",
        "Title": "How to Care for Your Pet Rabbit 101 [Basis Care] ~ Era Fey Gossips",
        "MediaUrl": "http://4.bp.blogspot.com/-nhpNrOROKvc/UgV7IybResI/AAAAAAAAFs8/6e3RvTidVi4/s1600/How+to+Care+for+your+pet+rabbit+bunny+outting.jpg",
        "SourceUrl": "http://erafeygossips.blogspot.com/2014/01/how-to-care-for-your-pet-rabbit-101.html",
        "DisplayUrl": "erafeygossips.blogspot.com/2014/01/how-to-care-for-your-pet-rabbit...",
        "Width": "960",
        "Height": "720",
        "FileSize": "157643",
        "ContentType": "jpeg",
        "Thumbnail": {
          "__metadata": {
            "type": "Bing.Thumbnail"
          },
          "MediaUrl": "http://ts3.mm.bing.net/th?id=OIP.Mff57dad8527b755600c6537c49ec4ab2o0&pid=15.1",
          "ContentType": "jpg",
          "Width": "300",
          "Height": "225",
          "FileSize": "13559"
        }
      },
      {
        "__metadata": {
          "uri": "https://api.datamarket.azure.com/Data.ashx/Bing/Search/Image?Query='Pet Rabbits'&$skip=98&$top=1",
          "type": "ImageResult"
        },
        "ID": "76a34d2f-ac24-4df6-a217-b9856368e8d3",
        "Title": "Pet Rabbit Care Sheet & Bunny Supplies",
        "MediaUrl": "http://petrabbitcare.org/wp-content/uploads/2009/11/rabbit-21.jpg",
        "SourceUrl": "http://petrabbitcare.org/care-sheet/",
        "DisplayUrl": "petrabbitcare.org/care-sheet",
        "Width": "345",
        "Height": "351",
        "FileSize": "29940",
        "ContentType": "jpeg",
        "Thumbnail": {
          "__metadata": {
            "type": "Bing.Thumbnail"
          },
          "MediaUrl": "http://ts4.mm.bing.net/th?id=OIP.M25b2c2037432743e7cbc65fec2c155bdo0&pid=15.1",
          "ContentType": "jpg",
          "Width": "294",
          "Height": "300",
          "FileSize": "6090"
        }
      },
      {
        "__metadata": {
          "uri": "https://api.datamarket.azure.com/Data.ashx/Bing/Search/Image?Query='Pet Rabbits'&$skip=99&$top=1",
          "type": "ImageResult"
        },
        "ID": "ce8ad666-88c5-42ff-90ba-a0866b897a46",
        "Title": "rabbits’ ‘bunnies’ ‘bunnys’ ‘cute’ ‘pet’ ‘pets ...",
        "MediaUrl": "https://beachhutting.files.wordpress.com/2009/11/rabbits-and-summer-087.jpg",
        "SourceUrl": "https://beachhutting.wordpress.com/tag/rabbits-bunny-rabbits-bunnies-bunnys-cute-pet-pets-babys-baby-rabbits-animals-lop-eared-rabbit-dutch-rabbit-lopped-eared/",
        "DisplayUrl": "https://beachhutting.wordpress.com/tag/rabbits-bunny-rabbits...",
        "Width": "4000",
        "Height": "3000",
        "FileSize": "6633539",
        "ContentType": "jpeg",
        "Thumbnail": {
          "__metadata": {
            "type": "Bing.Thumbnail"
          },
          "MediaUrl": "http://ts4.mm.bing.net/th?id=OIP.M351b983b19d42e2790cdc7ca33682bbbH0&pid=15.1",
          "ContentType": "jpg",
          "Width": "300",
          "Height": "225",
          "FileSize": "16153"
        }
      }
    ],
    "__next": "https://api.datamarket.azure.com/Data.ashx/Bing/Search/Image?Query='Pet%20Rabbits'&$skip=100&$top=50"
  }
}