{
  "d": {
    "results": [
      {
        "__metadata": {
          "uri": "https://api.datamarket.azure.com/Data.ashx/Bing/Search/Image?Query='Fotoblur Website people'&$skip=5&$top=1",
          "type": "ImageResult"
        },
        "ID": "2d88556e-86de-4987-b9ad-c618e55ff954",
        "Title": "Vlad Dumitrescu on Fotoblur | real people | Pinterest",
        "MediaUrl": "http://media-cache-ec0.pinimg.com/736x/a4/9a/a6/a49aa6ef171c12d6ee41bbba4fd2692e.jpg",
        "SourceUrl": "http://pinterest.com/pin/113293746849007423/",
        "DisplayUrl": "pinterest.com/pin/113293746849007423",
        "Width": "470",
        "Height": "470",
        "FileSize": "32326",
        "ContentType": "jpeg",
        "Thumbnail": {
          "__metadata": {
            "type": "Bing.Thumbnail"
          },
          "MediaUrl": "http://ts2.mm.bing.net/th?id=OIP.Mb9b157e6ce8ead9054676ec6f1d0db28o0&pid=15.1",
          "ContentType": "jpg",
          "Width": "300",
          "Height": "300",
          "FileSize": "9082"
        }
      },
      {
        "__metadata": {
          "uri": "https://api.datamarket.azure.com/Data.ashx/Bing/Search/Image?Query='Fotoblur Website people'&$skip=6&$top=1",
          "type": "ImageResult"
        },
        "ID": "9495a72d-1ac2-42dd-b485-b35903a1e580",
        "Title": "Pin by Marielle Solan Photography on Photo: Reflections & Images with ...",
        "MediaUrl": "http://media-cache-ak0.pinimg.com/736x/3d/1e/42/3d1e42c5b752b20d89269ad87dd1eb7d.jpg",
        "SourceUrl": "http://pinterest.com/pin/143059725637730796/",
        "DisplayUrl": "pinterest.com/pin/143059725637730796",
        "Width": "663",
        "Height": "1000",
        "FileSize": "58105",
        "ContentType": "jpeg",
        "Thumbnail": {
          "__metadata": {
            "type": "Bing.Thumbnail"
          },
          "MediaUrl": "http://ts3.mm.bing.net/th?id=OIP.Mc57b9c01d33dd963e3d660f3e8b74ce8o0&pid=15.1",
          "ContentType": "jpg",
          "Width": "198",
          "Height": "300",
          "FileSize": "3979"
        }
      },
      {
        "__metadata": {
          "uri": "https://api.datamarket.azure.com/Data.ashx/Bing/Search/Image?Query='Fotoblur Website people'&$skip=7&$top=1",
          "type": "ImageResult"
        },
        "ID": "c1341630-523d-457b-a748-e9a72605843f",
        "Title": "Pour voir son site, www.fotoblur.com/people/engledow",
        "MediaUrl": "https://icekubenews.files.wordpress.com/2013/12/dave-engledow-pancake.jpg",
        "SourceUrl": "https://icekubenews.wordpress.com/tag/insolite-2/",
        "DisplayUrl": "https://icekubenews.wordpress.com/tag/insolite-2",
        "Width": "600",
        "Height": "396",
        "FileSize": "84435",
        "ContentType": "jpeg",
        "Thumbnail": {
          "__metadata": {
            "type": "Bing.Thumbnail"
          },
          "MediaUrl": "http://ts4.mm.bing.net/th?id=OIP.M8afb8b3874f1f858b1b083c458e01b27o0&pid=15.1",
          "ContentType": "jpg",
          "Width": "300",
          "Height": "198",
          "FileSize": "12623"
        }
      },
      {
        "__metadata": {
          "uri": "https://api.datamarket.azure.com/Data.ashx/Bing/Search/Image?Query='Fotoblur Website people'&$skip=8&$top=1",
          "type": "ImageResult"
        },
        "ID": "50d2581e-ea4e-4694-afa1-3fe5464e77ec",
        "Title": "schoolgirls by Annemieke on Fotoblur | People Photography",
        "MediaUrl": "http://media-cache-ak0.pinimg.com/736x/04/40/e5/0440e52f1260d29965fa23548ea93e24.jpg",
        "SourceUrl": "http://pinterest.com/pin/52284045647391815/",
        "DisplayUrl": "pinterest.com/pin/52284045647391815",
        "Width": "736",
        "Height": "513",
        "FileSize": "28078",
        "ContentType": "jpeg",
        "Thumbnail": {
          "__metadata": {
            "type": "Bing.Thumbnail"
          },
          "MediaUrl": "http://ts3.mm.bing.net/th?id=OIP.M4f6a9982d874becd2906ed43850aa815o0&pid=15.1",
          "ContentType": "jpg",
          "Width": "300",
          "Height": "209",
          "FileSize": "5173"
        }
      },
      {
        "__metadata": {
          "uri": "https://api.datamarket.azure.com/Data.ashx/Bing/Search/Image?Query='Fotoblur Website people'&$skip=9&$top=1",
          "type": "ImageResult"
        },
        "ID": "3348622e-dcf9-4d99-9b98-9b62b4f833ad",
        "Title": "Dave Engledow on Fotoblur | my brand of humor | Pinterest",
        "MediaUrl": "http://media-cache-ak0.pinimg.com/736x/0a/cb/10/0acb10b1bbafc96bcb191ee66af0fc3d.jpg",
        "SourceUrl": "http://pinterest.com/pin/125749014568452123/",
        "DisplayUrl": "pinterest.com/pin/125749014568452123",
        "Width": "235",
        "Height": "235",
        "FileSize": "33287",
        "ContentType": "jpeg",
        "Thumbnail": {
          "__metadata": {
            "type": "Bing.Thumbnail"
          },
          "MediaUrl": "http://ts2.mm.bing.net/th?id=OIP.Mfd755e94f3179f1b4559b4114c58480ao0&pid=15.1",
          "ContentType": "jpg",
          "Width": "235",
          "Height": "235",
          "FileSize": "12643"
        }
      },
      {
        "__metadata": {
          "uri": "https://api.datamarket.azure.com/Data.ashx/Bing/Search/Image?Query='Fotoblur Website people'&$skip=10&$top=1",
          "type": "ImageResult"
        },
        "ID": "df1adb6c-777a-42b7-9f6f-5f1ba833ceaf",
        "Title": "Pin by Riccardo Cattani on B&W Portraits | Pinterest",
        "MediaUrl": "http://media-cache-ak0.pinimg.com/736x/22/69/a7/2269a72bdb786e4fa667012f69f6c803.jpg",
        "SourceUrl": "http://pinterest.com/pin/52284045644116669/",
        "DisplayUrl": "pinterest.com/pin/52284045644116669",
        "Width": "560",
        "Height": "560",
        "FileSize": "117482",
        "ContentType": "jpeg",
        "Thumbnail": {
          "__metadata": {
            "type": "Bing.Thumbnail"
          },
          "MediaUrl": "http://ts4.mm.bing.net/th?id=OIP.M48aa1c2e6c6c063e72f7b84cf372e68eo2&pid=15.1",
          "ContentType": "jpg",
          "Width": "300",
          "Height": "300",
          "FileSize": "10019"
        }
      },
      {
        "__metadata": {
          "uri": "https://api.datamarket.azure.com/Data.ashx/Bing/Search/Image?Query='Fotoblur Website people'&$skip=11&$top=1",
          "type": "ImageResult"
        },
        "ID": "10b81d16-50ad-4e10-84b7-ca7f3287ae46",
        "Title": "late for work | Fotos y Pictures | Pinterest",
        "MediaUrl": "http://media-cache-ec0.pinimg.com/736x/6b/d9/e0/6bd9e05a55641fe066f4b7835f647bbc.jpg",
        "SourceUrl": "http://pinterest.com/pin/120260252521045790/",
        "DisplayUrl": "pinterest.com/pin/120260252521045790",
        "Width": "736",
        "Height": "519",
        "FileSize": "142051",
        "ContentType": "jpeg",
        "Thumbnail": {
          "__metadata": {
            "type": "Bing.Thumbnail"
          },
          "MediaUrl": "http://ts3.mm.bing.net/th?id=OIP.Mc57477b1b22d829efede186b61352c2do0&pid=15.1",
          "ContentType": "jpg",
          "Width": "300",
          "Height": "211",
          "FileSize": "12207"
        }
      },
      {
        "__metadata": {
          "uri": "https://api.datamarket.azure.com/Data.ashx/Bing/Search/Image?Query='Fotoblur Website people'&$skip=12&$top=1",
          "type": "ImageResult"
        },
        "ID": "00c96219-46a3-44bb-8a58-eb08ae82762f",
        "Title": "... homme et une femme by Alexandre Hodak on Fotoblur | People Photography",
        "MediaUrl": "http://media-cache-ec0.pinimg.com/736x/d3/8d/e5/d38de579be8c2cbca539108ae40fb8a4.jpg",
        "SourceUrl": "http://pinterest.com/pin/343118065332356571/",
        "DisplayUrl": "pinterest.com/pin/343118065332356571",
        "Width": "400",
        "Height": "600",
        "FileSize": "13165",
        "ContentType": "jpeg",
        "Thumbnail": {
          "__metadata": {
            "type": "Bing.Thumbnail"
          },
          "MediaUrl": "http://ts4.mm.bing.net/th?id=OIP.Mf878cf5a4a3435506553202e2b398913o0&pid=15.1",
          "ContentType": "jpg",
          "Width": "200",
          "Height": "300",
          "FileSize": "1183"
        }
      },
      {
        "__metadata": {
          "uri": "https://api.datamarket.azure.com/Data.ashx/Bing/Search/Image?Query='Fotoblur Website people'&$skip=13&$top=1",
          "type": "ImageResult"
        },
        "ID": "f8538e00-00f8-4ca7-a478-d8be566d93c7",
        "Title": "Dave Engledow on Fotoblur | Clever... | Pinterest",
        "MediaUrl": "http://media-cache-ak0.pinimg.com/736x/33/66/e2/3366e2d7af4e2206417104ae1b9473af.jpg",
        "SourceUrl": "http://pinterest.com/pin/173459023121540038/",
        "DisplayUrl": "pinterest.com/pin/173459023121540038",
        "Width": "470",
        "Height": "235",
        "FileSize": "23146",
        "ContentType": "jpeg",
        "Thumbnail": {
          "__metadata": {
            "type": "Bing.Thumbnail"
          },
          "MediaUrl": "http://ts1.mm.bing.net/th?id=OIP.Med266d8dfef6122ddb1b6a5830e92876o0&pid=15.1",
          "ContentType": "jpg",
          "Width": "300",
          "Height": "150",
          "FileSize": "8328"
        }
      },
      {
        "__metadata": {
          "uri": "https://api.datamarket.azure.com/Data.ashx/Bing/Search/Image?Query='Fotoblur Website people'&$skip=14&$top=1",
          "type": "ImageResult"
        },
        "ID": "4debd168-9cfa-43ab-92bb-02974ecd63f9",
        "Title": "Cambodian portrait 3 | People | Pinterest",
        "MediaUrl": "http://media-cache-ec0.pinimg.com/736x/1d/7f/0d/1d7f0d0837cfefe936c448f9a53f3068.jpg",
        "SourceUrl": "http://pinterest.com/pin/251216485435696008/",
        "DisplayUrl": "pinterest.com/pin/251216485435696008",
        "Width": "516",
        "Height": "775",
        "FileSize": "84253",
        "ContentType": "jpeg",
        "Thumbnail": {
          "__metadata": {
            "type": "Bing.Thumbnail"
          },
          "MediaUrl": "http://ts2.mm.bing.net/th?id=OIP.Mcf396a62ebd0d6cdc2eaf2ab865342ceo1&pid=15.1",
          "ContentType": "jpg",
          "Width": "199",
          "Height": "300",
          "FileSize": "4711"
        }
      },
      {
        "__metadata": {
          "uri": "https://api.datamarket.azure.com/Data.ashx/Bing/Search/Image?Query='Fotoblur Website people'&$skip=15&$top=1",
          "type": "ImageResult"
        },
        "ID": "23389374-2806-45ac-acfa-4ede03c8bc10",
        "Title": "Pin by Mikhail Lindine on Etnography | Pinterest",
        "MediaUrl": "http://media-cache-ec0.pinimg.com/736x/40/f6/6e/40f66e0dfcb1079587cc6c309c48d867.jpg",
        "SourceUrl": "http://pinterest.com/pin/151926187399573924/",
        "DisplayUrl": "pinterest.com/pin/151926187399573924",
        "Width": "421",
        "Height": "576",
        "FileSize": "80207",
        "ContentType": "jpeg",
        "Thumbnail": {
          "__metadata": {
            "type": "Bing.Thumbnail"
          },
          "MediaUrl": "http://ts2.mm.bing.net/th?id=OIP.M3f92ca887f4c09df84e4e862574a034ao2&pid=15.1",
          "ContentType": "jpg",
          "Width": "219",
          "Height": "300",
          "FileSize": "8394"
        }
      },
      {
        "__metadata": {
          "uri": "https://api.datamarket.azure.com/Data.ashx/Bing/Search/Image?Query='Fotoblur Website people'&$skip=16&$top=1",
          "type": "ImageResult"
        },
        "ID": "0e65ad45-4373-4b3b-a939-86f25c056d9c",
        "Title": "People to go town 2; Takashi Suzuki | Black and White I. | Pinterest",
        "MediaUrl": "http://media-cache-ec0.pinimg.com/736x/bd/2c/d9/bd2cd9dcb000f3bf4d4b2991f3869fba.jpg",
        "SourceUrl": "http://pinterest.com/pin/555842778980526088/",
        "DisplayUrl": "pinterest.com/pin/555842778980526088",
        "Width": "539",
        "Height": "768",
        "FileSize": "65820",
        "ContentType": "jpeg",
        "Thumbnail": {
          "__metadata": {
            "type": "Bing.Thumbnail"
          },
          "MediaUrl": "http://ts1.mm.bing.net/th?id=OIP.M1f162c4a01ba34abcdb9ac892b546101o0&pid=15.1",
          "ContentType": "jpg",
          "Width": "210",
          "Height": "300",
          "FileSize": "9504"
        }
      },
      {
        "__metadata": {
          "uri": "https://api.datamarket.azure.com/Data.ashx/Bing/Search/Image?Query='Fotoblur Website people'&$skip=17&$top=1",
          "type": "ImageResult"
        },
        "ID": "6ae21264-5509-46b6-aa43-ff23afc7314c",
        "Title": "Dave Engledow on Fotoblur | Dave Engledow & Alice Bee | Pinterest",
        "MediaUrl": "http://media-cache-ak0.pinimg.com/736x/0d/bf/c0/0dbfc0f1ae17dc7f736bb6ac2f6a1cb3.jpg",
        "SourceUrl": "http://pinterest.com/pin/223983781441074545/",
        "DisplayUrl": "pinterest.com/pin/223983781441074545",
        "Width": "470",
        "Height": "470",
        "FileSize": "55247",
        "ContentType": "jpeg",
        "Thumbnail": {
          "__metadata": {
            "type": "Bing.Thumbnail"
          },
          "MediaUrl": "http://ts4.mm.bing.net/th?id=OIP.Mac4a271013423535ed0aac5b16790357o0&pid=15.1",
          "ContentType": "jpg",
          "Width": "300",
          "Height": "300",
          "FileSize": "18699"
        }
      },
      {
        "__metadata": {
          "uri": "https://api.datamarket.azure.com/Data.ashx/Bing/Search/Image?Query='Fotoblur Website people'&$skip=18&$top=1",
          "type": "ImageResult"
        },
        "ID": "7d1d2d20-949a-4cf3-9faf-45489cef4f23",
        "Title": "Migle Golubickaite on Fotoblur",
        "MediaUrl": "http://www.fotoblur.com/api/resize?width=470&trim_height=235&id=530716",
        "SourceUrl": "http://www.fotoblur.com/people/migleg",
        "DisplayUrl": "www.fotoblur.com/people/migleg",
        "Width": "470",
        "Height": "235",
        "FileSize": "65536",
        "ContentType": "jpeg",
        "Thumbnail": {
          "__metadata": {
            "type": "Bing.Thumbnail"
          },
          "MediaUrl": "http://ts4.mm.bing.net/th?id=OIP.Mdf93e7f423c1826d0cfa9bcbfc0117bao0&pid=15.1",
          "ContentType": "jpg",
          "Width": "300",
          "Height": "150",
          "FileSize": "7750"
        }
      },
      {
        "__metadata": {
          "uri": "https://api.datamarket.azure.com/Data.ashx/Bing/Search/Image?Query='Fotoblur Website people'&$skip=19&$top=1",
          "type": "ImageResult"
        },
        "ID": "593846c0-5207-4359-bb42-c1450d291b03",
        "Title": "Pin by SammyPhoto on I love Photography | Pinterest",
        "MediaUrl": "http://media-cache-ec0.pinimg.com/736x/86/ee/3f/86ee3f270e82d75cd79741696e44f767.jpg",
        "SourceUrl": "http://pinterest.com/pin/180918110005203561",
        "DisplayUrl": "pinterest.com/pin/180918110005203561",
        "Width": "736",
        "Height": "490",
        "FileSize": "72138",
        "ContentType": "jpeg",
        "Thumbnail": {
          "__metadata": {
            "type": "Bing.Thumbnail"
          },
          "MediaUrl": "http://ts1.mm.bing.net/th?id=OIP.M46716500edf819b953bf8a6c03d3cfcfo0&pid=15.1",
          "ContentType": "jpg",
          "Width": "300",
          "Height": "199",
          "FileSize": "12819"
        }
      },
      {
        "__metadata": {
          "uri": "https://api.datamarket.azure.com/Data.ashx/Bing/Search/Image?Query='Fotoblur Website people'&$skip=20&$top=1",
          "type": "ImageResult"
        },
        "ID": "d204a42f-3b59-4ddc-ae09-ac40a62f26f8",
        "Title": "World’s best father : Un papa photographie sa fille avec humour",
        "MediaUrl": "https://icekubenews.files.wordpress.com/2013/12/dave-engledow-doigt-coupe.jpg",
        "SourceUrl": "https://icekubenews.wordpress.com/",
        "DisplayUrl": "https://icekubenews.wordpress.com",
        "Width": "600",
        "Height": "478",
        "FileSize": "93383",
        "ContentType": "jpeg",
        "Thumbnail": {
          "__metadata": {
            "type": "Bing.Thumbnail"
          },
          "MediaUrl": "http://ts4.mm.bing.net/th?id=OIP.M712d5d69586a619753455353273ff7ddo0&pid=15.1",
          "ContentType": "jpg",
          "Width": "300",
          "Height": "239",
          "FileSize": "13871"
        }
      },
      {
        "__metadata": {
          "uri": "https://api.datamarket.azure.com/Data.ashx/Bing/Search/Image?Query='Fotoblur Website people'&$skip=21&$top=1",
          "type": "ImageResult"
        },
        "ID": "cd8097ec-f6c0-41a2-afc5-865415fff282",
        "Title": "Pin by Alameda Cab on Taxi Service Oakland | Pinterest",
        "MediaUrl": "http://media-cache-ec0.pinimg.com/736x/d1/cf/76/d1cf76df321911cb9d809cbc2e8f7e20.jpg",
        "SourceUrl": "http://pinterest.com/pin/366199013424898179/",
        "DisplayUrl": "pinterest.com/pin/366199013424898179",
        "Width": "280",
        "Height": "280",
        "FileSize": "18076",
        "ContentType": "jpeg",
        "Thumbnail": {
          "__metadata": {
            "type": "Bing.Thumbnail"
          },
          "MediaUrl": "http://ts3.mm.bing.net/th?id=OIP.Maaafb9cba9addf74ce07f85a30675e7co0&pid=15.1",
          "ContentType": "jpg",
          "Width": "280",
          "Height": "280",
          "FileSize": "13874"
        }
      },
      {
        "__metadata": {
          "uri": "https://api.datamarket.azure.com/Data.ashx/Bing/Search/Image?Query='Fotoblur Website people'&$skip=22&$top=1",
          "type": "ImageResult"
        },
        "ID": "717fa89f-a5bb-40de-a4ce-b39d30aaba53",
        "Title": "Dave Engledow on Fotoblur | Cracks Me Up | Pinterest",
        "MediaUrl": "http://media-cache-ak0.pinimg.com/736x/90/13/81/901381e5e198e17798c0e7f283a6386c.jpg",
        "SourceUrl": "http://pinterest.com/pin/302585668684349449/",
        "DisplayUrl": "pinterest.com/pin/302585668684349449",
        "Width": "235",
        "Height": "235",
        "FileSize": "18930",
        "ContentType": "jpeg",
        "Thumbnail": {
          "__metadata": {
            "type": "Bing.Thumbnail"
          },
          "MediaUrl": "http://ts1.mm.bing.net/th?id=OIP.Ma04984a7f45d30ce1b3a70cdd52d9bb5o0&pid=15.1",
          "ContentType": "jpg",
          "Width": "235",
          "Height": "235",
          "FileSize": "6681"
        }
      },
      {
        "__metadata": {
          "uri": "https://api.datamarket.azure.com/Data.ashx/Bing/Search/Image?Query='Fotoblur Website people'&$skip=23&$top=1",
          "type": "ImageResult"
        },
        "ID": "4f85715e-9351-495c-a543-9285bebe811a",
        "Title": "These are some fun photos. these people must spend a lot of time with ...",
        "MediaUrl": "http://media-cache-ec0.pinimg.com/736x/f7/96/3b/f7963b1108c26daec2b56e60a909d895.jpg",
        "SourceUrl": "http://pinterest.com/pin/240590805066043672/",
        "DisplayUrl": "pinterest.com/pin/240590805066043672",
        "Width": "736",
        "Height": "490",
        "FileSize": "176416",
        "ContentType": "jpeg",
        "Thumbnail": {
          "__metadata": {
            "type": "Bing.Thumbnail"
          },
          "MediaUrl": "http://ts4.mm.bing.net/th?id=OIP.Ma72acba52bc9ae6c4c4119a7c668251eo0&pid=15.1",
          "ContentType": "jpg",
          "Width": "300",
          "Height": "199",
          "FileSize": "13234"
        }
      },
      {
        "__metadata": {
          "uri": "https://api.datamarket.azure.com/Data.ashx/Bing/Search/Image?Query='Fotoblur Website people'&$skip=24&$top=1",
          "type": "ImageResult"
        },
        "ID": "15d7fd8b-bde0-4c9e-b5de-97d7583e12ba",
        "Title": "photo credit: http://www.fotoblur.com/people/atria)",
        "MediaUrl": "http://media-cache-ak0.pinimg.com/736x/9e/2f/a2/9e2fa22bc8628c1098a8a983a58168b2.jpg",
        "SourceUrl": "http://pinterest.com/pin/48906345925631876/",
        "DisplayUrl": "pinterest.com/pin/48906345925631876",
        "Width": "514",
        "Height": "775",
        "FileSize": "128868",
        "ContentType": "jpeg",
        "Thumbnail": {
          "__metadata": {
            "type": "Bing.Thumbnail"
          },
          "MediaUrl": "http://ts1.mm.bing.net/th?id=OIP.M0adbfe4cdbb99229c2c2f1054d00b479o0&pid=15.1",
          "ContentType": "jpg",
          "Width": "198",
          "Height": "300",
          "FileSize": "8413"
        }
      },
      {
        "__metadata": {
          "uri": "https://api.datamarket.azure.com/Data.ashx/Bing/Search/Image?Query='Fotoblur Website people'&$skip=25&$top=1",
          "type": "ImageResult"
        },
        "ID": "5563a531-d5aa-4fe4-9ec1-0c4b60ed0728",
        "Title": "Papa photographe immortalise la vie disjonctée de son bébé ...",
        "MediaUrl": "http://golem13.fr/wp-content/uploads/2012/09/Dave-Engledow017.jpg",
        "SourceUrl": "http://golem13.fr/papa-photographe-immortalise-la-vie-disjonctee-de-son-bebe/",
        "DisplayUrl": "golem13.fr/papa-photographe-immortalise-la-vie-disjonctee-de-son-bebe",
        "Width": "600",
        "Height": "413",
        "FileSize": "116754",
        "ContentType": "jpeg",
        "Thumbnail": {
          "__metadata": {
            "type": "Bing.Thumbnail"
          },
          "MediaUrl": "http://ts1.mm.bing.net/th?id=OIP.Md91b51b2ef8af200bd19ca6d17b9247eo0&pid=15.1",
          "ContentType": "jpg",
          "Width": "300",
          "Height": "206",
          "FileSize": "19811"
        }
      },
      {
        "__metadata": {
          "uri": "https://api.datamarket.azure.com/Data.ashx/Bing/Search/Image?Query='Fotoblur Website people'&$skip=26&$top=1",
          "type": "ImageResult"
        },
        "ID": "82548422-c3bc-424f-81dd-ef1f6522bfcf",
        "Title": "Satoshi Okazaki - People Do Not Stop | Photography | Pinterest",
        "MediaUrl": "http://media-cache-ak0.pinimg.com/736x/7e/6b/cf/7e6bcf189dd0d2d3ec14a1d31dce5c10.jpg",
        "SourceUrl": "http://pinterest.com/pin/110760472058087031/",
        "DisplayUrl": "pinterest.com/pin/110760472058087031",
        "Width": "466",
        "Height": "700",
        "FileSize": "142370",
        "ContentType": "jpeg",
        "Thumbnail": {
          "__metadata": {
            "type": "Bing.Thumbnail"
          },
          "MediaUrl": "http://ts1.mm.bing.net/th?id=OIP.Mdd7ece0134593492c360be901b7b5fd6o0&pid=15.1",
          "ContentType": "jpg",
          "Width": "199",
          "Height": "300",
          "FileSize": "13610"
        }
      },
      {
        "__metadata": {
          "uri": "https://api.datamarket.azure.com/Data.ashx/Bing/Search/Image?Query='Fotoblur Website people'&$skip=27&$top=1",
          "type": "ImageResult"
        },
        "ID": "ab74cab8-1dda-4026-9845-117d0f96c207",
        "Title": "Solitude by Katarina Ivičević on Fotoblur | People Photography",
        "MediaUrl": "http://media-cache-ec0.pinimg.com/736x/25/c1/30/25c13025558043c4a69ff30870cdef05.jpg",
        "SourceUrl": "http://pinterest.com/pin/516154807265588010",
        "DisplayUrl": "pinterest.com/pin/516154807265588010",
        "Width": "736",
        "Height": "552",
        "FileSize": "30464",
        "ContentType": "jpeg",
        "Thumbnail": {
          "__metadata": {
            "type": "Bing.Thumbnail"
          },
          "MediaUrl": "http://ts2.mm.bing.net/th?id=OIP.M33606d879e14b6c890b5d1bc721c3a70o0&pid=15.1",
          "ContentType": "jpg",
          "Width": "300",
          "Height": "225",
          "FileSize": "2791"
        }
      },
      {
        "__metadata": {
          "uri": "https://api.datamarket.azure.com/Data.ashx/Bing/Search/Image?Query='Fotoblur Website people'&$skip=28&$top=1",
          "type": "ImageResult"
        },
        "ID": "16c5e6e3-5764-4488-825b-af964a45295b",
        "Title": "World’s best father : Un papa photographie sa fille avec humour ...",
        "MediaUrl": "https://icekubenews.files.wordpress.com/2013/12/resize.jpeg",
        "SourceUrl": "http://icekubenews.wordpress.com/2013/12/14/worlds-best-father-un-papa-photographie-sa-fille-avec-humour",
        "DisplayUrl": "icekubenews.wordpress.com/2013/12/14/worlds-best-father-un-papa...",
        "Width": "507",
        "Height": "768",
        "FileSize": "154709",
        "ContentType": "jpeg",
        "Thumbnail": {
          "__metadata": {
            "type": "Bing.Thumbnail"
          },
          "MediaUrl": "http://ts3.mm.bing.net/th?id=OIP.M45527e965bb13169151fa63a0b0e9e32o0&pid=15.1",
          "ContentType": "jpg",
          "Width": "198",
          "Height": "300",
          "FileSize": "13171"
        }
      },
      {
        "__metadata": {
          "uri": "https://api.datamarket.azure.com/Data.ashx/Bing/Search/Image?Query='Fotoblur Website people'&$skip=29&$top=1",
          "type": "ImageResult"
        },
        "ID": "09384935-47a5-47a1-8372-b865fd06541f",
        "Title": "Come on in! Join today ...it only takes a few seconds. Join Us! Sign ...",
        "MediaUrl": "https://www.fotoblur.com/api/resize?width=470&trim_height=235&id=797313",
        "SourceUrl": "https://www.fotoblur.com/people/femmephotographer",
        "DisplayUrl": "https://www.fotoblur.com/people/femmephotographer",
        "Width": "470",
        "Height": "235",
        "FileSize": "65536",
        "ContentType": "jpeg",
        "Thumbnail": {
          "__metadata": {
            "type": "Bing.Thumbnail"
          },
          "MediaUrl": "http://ts4.mm.bing.net/th?id=OIP.M0eff3f695c2ec84c0b9be3e6eddef7aco2&pid=15.1",
          "ContentType": "jpg",
          "Width": "300",
          "Height": "150",
          "FileSize": "8245"
        }
      },
      {
        "__metadata": {
          "uri": "https://api.datamarket.azure.com/Data.ashx/Bing/Search/Image?Query='Fotoblur Website people'&$skip=30&$top=1",
          "type": "ImageResult"
        },
        "ID": "0cbfd6a9-58bf-4d79-9353-4fde2d5cece9",
        "Title": "Diamond Head by hikaru arai on Fotoblur | People Photography",
        "MediaUrl": "http://media-cache-ec0.pinimg.com/736x/6b/90/d4/6b90d4468902bf775ca343a4913e530b.jpg",
        "SourceUrl": "http://pinterest.com/pin/146578162845536307",
        "DisplayUrl": "pinterest.com/pin/146578162845536307",
        "Width": "687",
        "Height": "900",
        "FileSize": "88501",
        "ContentType": "jpeg",
        "Thumbnail": {
          "__metadata": {
            "type": "Bing.Thumbnail"
          },
          "MediaUrl": "http://ts2.mm.bing.net/th?id=OIP.M6dfb0ad49df07ac540a7391012486cf0o0&pid=15.1",
          "ContentType": "jpg",
          "Width": "229",
          "Height": "300",
          "FileSize": "7224"
        }
      },
      {
        "__metadata": {
          "uri": "https://api.datamarket.azure.com/Data.ashx/Bing/Search/Image?Query='Fotoblur Website people'&$skip=31&$top=1",
          "type": "ImageResult"
        },
        "ID": "d72e5453-033a-40da-a2a4-2b6c57d73ddc",
        "Title": "Little Fairy | People | Pinterest",
        "MediaUrl": "http://media-cache-ak0.pinimg.com/736x/4c/ae/54/4cae5434bb7feb1c0ecc84263e7049bb.jpg",
        "SourceUrl": "http://pinterest.com/pin/203999058091791562/",
        "DisplayUrl": "pinterest.com/pin/203999058091791562",
        "Width": "553",
        "Height": "775",
        "FileSize": "145655",
        "ContentType": "jpeg",
        "Thumbnail": {
          "__metadata": {
            "type": "Bing.Thumbnail"
          },
          "MediaUrl": "http://ts4.mm.bing.net/th?id=OIP.Mfb7ee15db76cba5a88774338aeadd0a8o2&pid=15.1",
          "ContentType": "jpg",
          "Width": "214",
          "Height": "300",
          "FileSize": "9766"
        }
      },
      {
        "__metadata": {
          "uri": "https://api.datamarket.azure.com/Data.ashx/Bing/Search/Image?Query='Fotoblur Website people'&$skip=32&$top=1",
          "type": "ImageResult"
        },
        "ID": "46205023-8741-4e63-a55d-e81a8f0d9341",
        "Title": "looks like life has been hard | People of the World | Pinterest",
        "MediaUrl": "http://media-cache-ec0.pinimg.com/736x/62/fc/84/62fc84dd8d0b293c32399ac70d89dd2a.jpg",
        "SourceUrl": "http://pinterest.com/pin/6685099417793301/",
        "DisplayUrl": "pinterest.com/pin/6685099417793301",
        "Width": "619",
        "Height": "775",
        "FileSize": "204748",
        "ContentType": "jpeg",
        "Thumbnail": {
          "__metadata": {
            "type": "Bing.Thumbnail"
          },
          "MediaUrl": "http://ts4.mm.bing.net/th?id=OIP.Mb7361d075990ae9b79ad422382e285f7o0&pid=15.1",
          "ContentType": "jpg",
          "Width": "239",
          "Height": "300",
          "FileSize": "12646"
        }
      },
      {
        "__metadata": {
          "uri": "https://api.datamarket.azure.com/Data.ashx/Bing/Search/Image?Query='Fotoblur Website people'&$skip=33&$top=1",
          "type": "ImageResult"
        },
        "ID": "6bda749b-3228-433f-99e9-7eb22f1a5409",
        "Title": "by gabrielam | Photography | Pinterest",
        "MediaUrl": "http://media-cache-ak0.pinimg.com/736x/1b/fe/be/1bfebe3850cf71635849081f1545d461.jpg",
        "SourceUrl": "http://pinterest.com/pin/325807354263692379/",
        "DisplayUrl": "pinterest.com/pin/325807354263692379",
        "Width": "560",
        "Height": "596",
        "FileSize": "44840",
        "ContentType": "jpeg",
        "Thumbnail": {
          "__metadata": {
            "type": "Bing.Thumbnail"
          },
          "MediaUrl": "http://ts4.mm.bing.net/th?id=OIP.M0ee0dd21fe2e966a896bc25cc96952d2o0&pid=15.1",
          "ContentType": "jpg",
          "Width": "281",
          "Height": "300",
          "FileSize": "3899"
        }
      },
      {
        "__metadata": {
          "uri": "https://api.datamarket.azure.com/Data.ashx/Bing/Search/Image?Query='Fotoblur Website people'&$skip=34&$top=1",
          "type": "ImageResult"
        },
        "ID": "df35d9ea-f846-41ea-97cf-50ea92e3b2fc",
        "Title": "Homeless .. par Edmondo Senatore sur Fotoblur | People Photographie",
        "MediaUrl": "http://media-cache-ec0.pinimg.com/736x/71/73/9a/71739a0c80ea36764892d85b57d5f8cd.jpg",
        "SourceUrl": "http://www.pinterest.com/pin/367465650817559776/",
        "DisplayUrl": "www.pinterest.com/pin/367465650817559776",
        "Width": "736",
        "Height": "736",
        "FileSize": "68363",
        "ContentType": "jpeg",
        "Thumbnail": {
          "__metadata": {
            "type": "Bing.Thumbnail"
          },
          "MediaUrl": "http://ts1.mm.bing.net/th?id=OIP.M8d12044e62fb6efbb4463ce44d248bc1o0&pid=15.1",
          "ContentType": "jpg",
          "Width": "300",
          "Height": "300",
          "FileSize": "7866"
        }
      },
      {
        "__metadata": {
          "uri": "https://api.datamarket.azure.com/Data.ashx/Bing/Search/Image?Query='Fotoblur Website people'&$skip=35&$top=1",
          "type": "ImageResult"
        },
        "ID": "08196424-efb7-46dd-927f-298b3bdca296",
        "Title": "Papa photographe immortalise la vie disjonctée de son bébé ...",
        "MediaUrl": "http://golem13.fr/wp-content/uploads/2012/09/Dave-Engledow02.jpg",
        "SourceUrl": "http://golem13.fr/papa-photographe-immortalise-la-vie-disjonctee-de-son-bebe/",
        "DisplayUrl": "golem13.fr/papa-photographe-immortalise-la-vie-disjonctee-de-son-bebe",
        "Width": "600",
        "Height": "403",
        "FileSize": "64698",
        "ContentType": "jpeg",
        "Thumbnail": {
          "__metadata": {
            "type": "Bing.Thumbnail"
          },
          "MediaUrl": "http://ts2.mm.bing.net/th?id=OIP.Maf8bbc81fad02dcfb0185cb8ca1a6a07o0&pid=15.1",
          "ContentType": "jpg",
          "Width": "300",
          "Height": "201",
          "FileSize": "8884"
        }
      },
      {
        "__metadata": {
          "uri": "https://api.datamarket.azure.com/Data.ashx/Bing/Search/Image?Query='Fotoblur Website people'&$skip=36&$top=1",
          "type": "ImageResult"
        },
        "ID": "1704ef44-6a80-4cfc-a061-52e48386b621",
        "Title": "in white by diana lindberg",
        "MediaUrl": "http://www.fotoblur.com/imgs/0/0/5/8/5/9/2/sm_766533.jpg?v=0",
        "SourceUrl": "http://www.fotoblur.com/people/didica",
        "DisplayUrl": "www.fotoblur.com/people/didica",
        "Width": "224",
        "Height": "224",
        "FileSize": "37150",
        "ContentType": "jpeg",
        "Thumbnail": {
          "__metadata": {
            "type": "Bing.Thumbnail"
          },
          "MediaUrl": "http://ts1.mm.bing.net/th?id=OIP.M0696d651521b60f9a22a397202efca93o0&pid=15.1",
          "ContentType": "jpg",
          "Width": "224",
          "Height": "224",
          "FileSize": "5153"
        }
      },
      {
        "__metadata": {
          "uri": "https://api.datamarket.azure.com/Data.ashx/Bing/Search/Image?Query='Fotoblur Website people'&$skip=37&$top=1",
          "type": "ImageResult"
        },
        "ID": "f4f4181b-0e0b-4eea-9355-9bf136a14459",
        "Title": "Pin by Melissa Jefferies on Imagine All the People... | Pinterest",
        "MediaUrl": "http://media-cache-ec0.pinimg.com/736x/67/e8/04/67e804ef03e9a9c5c9cad3b66399e937.jpg",
        "SourceUrl": "http://pinterest.com/pin/145170787959755518/",
        "DisplayUrl": "pinterest.com/pin/145170787959755518",
        "Width": "560",
        "Height": "603",
        "FileSize": "118403",
        "ContentType": "jpeg",
        "Thumbnail": {
          "__metadata": {
            "type": "Bing.Thumbnail"
          },
          "MediaUrl": "http://ts4.mm.bing.net/th?id=OIP.M9e5f0efa50caac17c7a8a97c259bd37do0&pid=15.1",
          "ContentType": "jpg",
          "Width": "278",
          "Height": "300",
          "FileSize": "10116"
        }
      },
      {
        "__metadata": {
          "uri": "https://api.datamarket.azure.com/Data.ashx/Bing/Search/Image?Query='Fotoblur Website people'&$skip=38&$top=1",
          "type": "ImageResult"
        },
        "ID": "83be9f21-47b4-4669-a515-452729e4ed3f",
        "Title": "Papa photographe immortalise la vie disjonctée de son bébé ...",
        "MediaUrl": "http://golem13.fr/wp-content/uploads/2012/09/Dave-Engledow011.jpg",
        "SourceUrl": "http://golem13.fr/papa-photographe-immortalise-la-vie-disjonctee-de-son-bebe/",
        "DisplayUrl": "golem13.fr/papa-photographe-immortalise-la-vie-disjonctee-de-son-bebe",
        "Width": "600",
        "Height": "826",
        "FileSize": "157188",
        "ContentType": "jpeg",
        "Thumbnail": {
          "__metadata": {
            "type": "Bing.Thumbnail"
          },
          "MediaUrl": "http://ts2.mm.bing.net/th?id=OIP.Mcba097ba09fa3b1037c78febf698c01co0&pid=15.1",
          "ContentType": "jpg",
          "Width": "217",
          "Height": "300",
          "FileSize": "13762"
        }
      },
      {
        "__metadata": {
          "uri": "https://api.datamarket.azure.com/Data.ashx/Bing/Search/Image?Query='Fotoblur Website people'&$skip=39&$top=1",
          "type": "ImageResult"
        },
        "ID": "136f303d-0742-4511-8e9e-1640fb4e9861",
        "Title": "Lui13 on Fotoblur | Photography | Pinterest",
        "MediaUrl": "https://s-media-cache-ak0.pinimg.com/736x/57/dc/94/57dc9458352093dcb224727d8a844065.jpg",
        "SourceUrl": "http://pinterest.com/pin/453948837414361020/",
        "DisplayUrl": "pinterest.com/pin/453948837414361020",
        "Width": "470",
        "Height": "235",
        "FileSize": "31854",
        "ContentType": "jpeg",
        "Thumbnail": {
          "__metadata": {
            "type": "Bing.Thumbnail"
          },
          "MediaUrl": "http://ts3.mm.bing.net/th?id=OIP.Ma8a10bdc4518f32e9dda5dfa67a82632o0&pid=15.1",
          "ContentType": "jpg",
          "Width": "300",
          "Height": "150",
          "FileSize": "11777"
        }
      },
      {
        "__metadata": {
          "uri": "https://api.datamarket.azure.com/Data.ashx/Bing/Search/Image?Query='Fotoblur Website people'&$skip=40&$top=1",
          "type": "ImageResult"
        },
        "ID": "9599e665-bbc9-4026-a99c-452ee01e1168",
        "Title": "... In by Erik Schottstaedt http://www.fotoblur.com/people/thailaendisches",
        "MediaUrl": "http://media-cache-ec0.pinimg.com/736x/8b/82/4c/8b824c6fbf806841d26cff0a4c2fd64a.jpg",
        "SourceUrl": "http://pinterest.com/pin/100838479127726392/",
        "DisplayUrl": "pinterest.com/pin/100838479127726392",
        "Width": "466",
        "Height": "700",
        "FileSize": "67288",
        "ContentType": "jpeg",
        "Thumbnail": {
          "__metadata": {
            "type": "Bing.Thumbnail"
          },
          "MediaUrl": "http://ts4.mm.bing.net/th?id=OIP.Md7b28735a0632a1ce764b2ddc73194abo0&pid=15.1",
          "ContentType": "jpg",
          "Width": "199",
          "Height": "300",
          "FileSize": "4756"
        }
      },
      {
        "__metadata": {
          "uri": "https://api.datamarket.azure.com/Data.ashx/Bing/Search/Image?Query='Fotoblur Website people'&$skip=41&$top=1",
          "type": "ImageResult"
        },
        "ID": "a25c3571-6216-4d5c-af93-7ed2a37a5755",
        "Title": "worship by Peyman Afnani on Fotoblur | People Photography",
        "MediaUrl": "http://media-cache-ak0.pinimg.com/736x/c1/87/df/c187df5ff7da79ca50ca75c290d83710.jpg",
        "SourceUrl": "http://pinterest.com/pin/126523070755018034/",
        "DisplayUrl": "pinterest.com/pin/126523070755018034",
        "Width": "736",
        "Height": "667",
        "FileSize": "157258",
        "ContentType": "jpeg",
        "Thumbnail": {
          "__metadata": {
            "type": "Bing.Thumbnail"
          },
          "MediaUrl": "http://ts3.mm.bing.net/th?id=OIP.M36516cfb3dfa0e444809334c465b4190o0&pid=15.1",
          "ContentType": "jpg",
          "Width": "300",
          "Height": "271",
          "FileSize": "28496"
        }
      },
      {
        "__metadata": {
          "uri": "https://api.datamarket.azure.com/Data.ashx/Bing/Search/Image?Query='Fotoblur Website people'&$skip=42&$top=1",
          "type": "ImageResult"
        },
        "ID": "6475c88a-924c-4f0e-85ed-5cc659dac15b",
        "Title": "Shannon Reed on Fotoblur",
        "MediaUrl": "https://www.fotoblur.com/api/resize?dim=235&id=767471",
        "SourceUrl": "https://www.fotoblur.com/people/femmephotographer",
        "DisplayUrl": "https://www.fotoblur.com/people/femmephotographer",
        "Width": "235",
        "Height": "235",
        "FileSize": "16384",
        "ContentType": "jpeg",
        "Thumbnail": {
          "__metadata": {
            "type": "Bing.Thumbnail"
          },
          "MediaUrl": "http://ts3.mm.bing.net/th?id=OIP.Mb23e11063fc0594ad3501d6ee3e21dfdo0&pid=15.1",
          "ContentType": "jpg",
          "Width": "235",
          "Height": "235",
          "FileSize": "2999"
        }
      },
      {
        "__metadata": {
          "uri": "https://api.datamarket.azure.com/Data.ashx/Bing/Search/Image?Query='Fotoblur Website people'&$skip=43&$top=1",
          "type": "ImageResult"
        },
        "ID": "7ce76a50-7e3c-40c8-bc42-20a4b855741f",
        "Title": "Ronja Cedergreen Forchhammer on Fotoblur",
        "MediaUrl": "http://www.fotoblur.com/api/resize?dim=235&id=402594",
        "SourceUrl": "http://www.fotoblur.com/people/ronjacf",
        "DisplayUrl": "www.fotoblur.com/people/ronjacf",
        "Width": "235",
        "Height": "235",
        "FileSize": "32768",
        "ContentType": "jpeg",
        "Thumbnail": {
          "__metadata": {
            "type": "Bing.Thumbnail"
          },
          "MediaUrl": "http://ts2.mm.bing.net/th?id=OIP.M1571e5a33a1859ff2cd2069888ab420ao0&pid=15.1",
          "ContentType": "jpg",
          "Width": "235",
          "Height": "235",
          "FileSize": "12132"
        }
      },
      {
        "__metadata": {
          "uri": "https://api.datamarket.azure.com/Data.ashx/Bing/Search/Image?Query='Fotoblur Website people'&$skip=44&$top=1",
          "type": "ImageResult"
        },
        "ID": "c0206bd1-80dc-496e-8f9d-9a71cec1751b",
        "Title": "Childhood running by Magali K. | People | Pinterest",
        "MediaUrl": "http://www.fotoblur.com/images/articles/25-stunning-street-photos/12_254782.jpg",
        "SourceUrl": "http://pinterest.com/pin/27725353931516622",
        "DisplayUrl": "pinterest.com/pin/27725353931516622",
        "Width": "682",
        "Height": "450",
        "FileSize": "45658",
        "ContentType": "jpeg",
        "Thumbnail": {
          "__metadata": {
            "type": "Bing.Thumbnail"
          },
          "MediaUrl": "http://ts3.mm.bing.net/th?id=OIP.Md11fb31b6b07084dfe1fb84edb432e7co0&pid=15.1",
          "ContentType": "jpg",
          "Width": "300",
          "Height": "197",
          "FileSize": "4922"
        }
      },
      {
        "__metadata": {
          "uri": "https://api.datamarket.azure.com/Data.ashx/Bing/Search/Image?Query='Fotoblur Website people'&$skip=45&$top=1",
          "type": "ImageResult"
        },
        "ID": "8df82b34-79ba-4683-9abd-39003e52059e",
        "Title": "Gravity by Magdalena Szurek on Fotoblur | People Photography",
        "MediaUrl": "http://media-cache-ak0.pinimg.com/736x/b2/26/df/b226df4d2548d80ac9f7c19a2e28b60b.jpg",
        "SourceUrl": "http://pinterest.com/pin/106397609920146943/",
        "DisplayUrl": "pinterest.com/pin/106397609920146943",
        "Width": "736",
        "Height": "509",
        "FileSize": "55099",
        "ContentType": "jpeg",
        "Thumbnail": {
          "__metadata": {
            "type": "Bing.Thumbnail"
          },
          "MediaUrl": "http://ts1.mm.bing.net/th?id=OIP.M3a40780b2d3673d0d88d4b82bb26ed3ao0&pid=15.1",
          "ContentType": "jpg",
          "Width": "300",
          "Height": "207",
          "FileSize": "8393"
        }
      },
      {
        "__metadata": {
          "uri": "https://api.datamarket.azure.com/Data.ashx/Bing/Search/Image?Query='Fotoblur Website people'&$skip=46&$top=1",
          "type": "ImageResult"
        },
        "ID": "41be725e-ef65-4f33-9a82-55677fd5313a",
        "Title": "... 10 Tips For Creating Breathtaking Architecture Photos | Fotoblur Blog",
        "MediaUrl": "http://www.fotoblur.com/imgs/0/0/1/0/4/7/6/410123.jpg?v=0",
        "SourceUrl": "http://www.fotoblur.com/blog/1/architecture-photography-tips",
        "DisplayUrl": "www.fotoblur.com/blog/1/architecture-photography-tips",
        "Width": "1024",
        "Height": "683",
        "FileSize": "498016",
        "ContentType": "jpeg",
        "Thumbnail": {
          "__metadata": {
            "type": "Bing.Thumbnail"
          },
          "MediaUrl": "http://ts2.mm.bing.net/th?id=OIP.M9c98ea11ba4c8bcb6309c561d2622cf5o0&pid=15.1",
          "ContentType": "jpg",
          "Width": "300",
          "Height": "200",
          "FileSize": "15351"
        }
      },
      {
        "__metadata": {
          "uri": "https://api.datamarket.azure.com/Data.ashx/Bing/Search/Image?Query='Fotoblur Website people'&$skip=47&$top=1",
          "type": "ImageResult"
        },
        "ID": "6b80e077-0dc0-4c11-b47a-5c79cd75a727",
        "Title": "Lyle Timmins on Fotoblur",
        "MediaUrl": "http://www.fotoblur.com/imgs/0/0/5/1/2/4/0/800351.jpg?v=0",
        "SourceUrl": "https://www.fotoblur.com/people/lylet",
        "DisplayUrl": "https://www.fotoblur.com/people/lylet",
        "Width": "1200",
        "Height": "900",
        "FileSize": "700879",
        "ContentType": "jpeg",
        "Thumbnail": {
          "__metadata": {
            "type": "Bing.Thumbnail"
          },
          "MediaUrl": "http://ts2.mm.bing.net/th?id=OIP.M4250ecc5ece343f1944a4756a0566351o0&pid=15.1",
          "ContentType": "jpg",
          "Width": "300",
          "Height": "225",
          "FileSize": "18321"
        }
      },
      {
        "__metadata": {
          "uri": "https://api.datamarket.azure.com/Data.ashx/Bing/Search/Image?Query='Fotoblur Website people'&$skip=48&$top=1",
          "type": "ImageResult"
        },
        "ID": "bf4e20a8-35df-4f06-9872-12404a6f1005",
        "Title": "Maria Antoinette by Fraser Kwak | Photography b&w | Pinterest",
        "MediaUrl": "http://media-cache-ak0.pinimg.com/736x/c7/17/09/c717093eeea802b8c518035dadcb691b.jpg",
        "SourceUrl": "http://pinterest.com/pin/191262315395111804/",
        "DisplayUrl": "pinterest.com/pin/191262315395111804",
        "Width": "560",
        "Height": "746",
        "FileSize": "87148",
        "ContentType": "jpeg",
        "Thumbnail": {
          "__metadata": {
            "type": "Bing.Thumbnail"
          },
          "MediaUrl": "http://ts4.mm.bing.net/th?id=OIP.Mc4c7642afeec74ff51471c59268b5060o0&pid=15.1",
          "ContentType": "jpg",
          "Width": "225",
          "Height": "300",
          "FileSize": "3965"
        }
      },
      {
        "__metadata": {
          "uri": "https://api.datamarket.azure.com/Data.ashx/Bing/Search/Image?Query='Fotoblur Website people'&$skip=49&$top=1",
          "type": "ImageResult"
        },
        "ID": "a80a724a-0bef-40db-890e-68432d03a934",
        "Title": "kashmiri girl by mehdi on Fotoblur | old soul | Pinterest",
        "MediaUrl": "http://media-cache-ec0.pinimg.com/736x/ae/63/35/ae63352f24af9be9ff45db018e90eb7d.jpg",
        "SourceUrl": "http://pinterest.com/pin/354306695656820772/",
        "DisplayUrl": "pinterest.com/pin/354306695656820772",
        "Width": "736",
        "Height": "557",
        "FileSize": "55897",
        "ContentType": "jpeg",
        "Thumbnail": {
          "__metadata": {
            "type": "Bing.Thumbnail"
          },
          "MediaUrl": "http://ts3.mm.bing.net/th?id=OIP.Ma3af3f673c8d36ad2b7f8f1f130a5d70o1&pid=15.1",
          "ContentType": "jpg",
          "Width": "300",
          "Height": "227",
          "FileSize": "7942"
        }
      },
      {
        "__metadata": {
          "uri": "https://api.datamarket.azure.com/Data.ashx/Bing/Search/Image?Query='Fotoblur Website people'&$skip=50&$top=1",
          "type": "ImageResult"
        },
        "ID": "88255f5e-8c3e-4f00-8c27-703a99d504af",
        "Title": "Miroir de l'âme .... par asit sur Fotoblur | Photographie Portrait",
        "MediaUrl": "http://media-cache-ec0.pinimg.com/736x/42/10/e4/4210e4311eb18c4c153a64de4886f25a.jpg",
        "SourceUrl": "http://pinterest.com/pin/323555554450275332/",
        "DisplayUrl": "pinterest.com/pin/323555554450275332",
        "Width": "687",
        "Height": "1004",
        "FileSize": "171138",
        "ContentType": "jpeg",
        "Thumbnail": {
          "__metadata": {
            "type": "Bing.Thumbnail"
          },
          "MediaUrl": "http://ts4.mm.bing.net/th?id=OIP.Mb7775c231d2fb3b6b3481cd205f12854o1&pid=15.1",
          "ContentType": "jpg",
          "Width": "205",
          "Height": "300",
          "FileSize": "12993"
        }
      },
      {
        "__metadata": {
          "uri": "https://api.datamarket.azure.com/Data.ashx/Bing/Search/Image?Query='Fotoblur Website people'&$skip=51&$top=1",
          "type": "ImageResult"
        },
        "ID": "a5ffafea-e1fa-4e58-9df8-f167772ee5b3",
        "Title": "Pin by Marlene Quelhas on People | Pinterest",
        "MediaUrl": "http://media-cache-ak0.pinimg.com/736x/d0/74/24/d07424bf49aeded3d901f5b99a6979e4.jpg",
        "SourceUrl": "http://pinterest.com/pin/129337820521359587/",
        "DisplayUrl": "pinterest.com/pin/129337820521359587",
        "Width": "736",
        "Height": "895",
        "FileSize": "83460",
        "ContentType": "jpeg",
        "Thumbnail": {
          "__metadata": {
            "type": "Bing.Thumbnail"
          },
          "MediaUrl": "http://ts2.mm.bing.net/th?id=OIP.Md47037806eb5c73eeee583e25e23d3c8o0&pid=15.1",
          "ContentType": "jpg",
          "Width": "246",
          "Height": "300",
          "FileSize": "6161"
        }
      },
      {
        "__metadata": {
          "uri": "https://api.datamarket.azure.com/Data.ashx/Bing/Search/Image?Query='Fotoblur Website people'&$skip=52&$top=1",
          "type": "ImageResult"
        },
        "ID": "8b5d272a-7c5c-4aea-9684-5033f33c55fb",
        "Title": "... by Paolo Scarano | Portraits of people around the world",
        "MediaUrl": "http://media-cache-ak0.pinimg.com/736x/48/a4/85/48a485b0affb4fac5ad7cd803a3e8a71.jpg",
        "SourceUrl": "http://pinterest.com/pin/522769469215602456/",
        "DisplayUrl": "pinterest.com/pin/522769469215602456",
        "Width": "681",
        "Height": "1023",
        "FileSize": "135853",
        "ContentType": "jpeg",
        "Thumbnail": {
          "__metadata": {
            "type": "Bing.Thumbnail"
          },
          "MediaUrl": "http://ts1.mm.bing.net/th?id=OIP.Mfa5d0541a8c3e23135e7be2b9a22369fo0&pid=15.1",
          "ContentType": "jpg",
          "Width": "199",
          "Height": "300",
          "FileSize": "9554"
        }
      },
      {
        "__metadata": {
          "uri": "https://api.datamarket.azure.com/Data.ashx/Bing/Search/Image?Query='Fotoblur Website people'&$skip=53&$top=1",
          "type": "ImageResult"
        },
        "ID": "84d06325-e0f8-4401-b5f0-5ed6543426a0",
        "Title": "Tribute to Vivian Maier by Don Scott #streetphotography #photography",
        "MediaUrl": "http://fotoblur.com/api/resize?id=732367&width=1024&height=768&v=1",
        "SourceUrl": "http://fotoblur.com/images/732367?o=date",
        "DisplayUrl": "fotoblur.com/images/732367?o=date",
        "Width": "537",
        "Height": "768",
        "FileSize": "262144",
        "ContentType": "jpeg",
        "Thumbnail": {
          "__metadata": {
            "type": "Bing.Thumbnail"
          },
          "MediaUrl": "http://ts4.mm.bing.net/th?id=OIP.M9ccbe89744e56574405b5e6ce8ccbd21o0&pid=15.1",
          "ContentType": "jpg",
          "Width": "209",
          "Height": "300",
          "FileSize": "9877"
        }
      },
      {
        "__metadata": {
          "uri": "https://api.datamarket.azure.com/Data.ashx/Bing/Search/Image?Query='Fotoblur Website people'&$skip=54&$top=1",
          "type": "ImageResult"
        },
        "ID": "34c0668f-b914-4c2e-916f-543df1502699",
        "Title": "Ma Le Market, Vn... by John Moulds on Fotoblur | Children Photography",
        "MediaUrl": "http://media-cache-ec0.pinimg.com/736x/ee/03/cb/ee03cb20bf60d345fd7e003c21ef87fa.jpg",
        "SourceUrl": "http://pinterest.com/pin/259449628507032695/",
        "DisplayUrl": "pinterest.com/pin/259449628507032695",
        "Width": "683",
        "Height": "1024",
        "FileSize": "107452",
        "ContentType": "jpeg",
        "Thumbnail": {
          "__metadata": {
            "type": "Bing.Thumbnail"
          },
          "MediaUrl": "http://ts3.mm.bing.net/th?id=OIP.Me2b0232243c235bdde804e7dd22d6a10o1&pid=15.1",
          "ContentType": "jpg",
          "Width": "200",
          "Height": "300",
          "FileSize": "8185"
        }
      }
    ],
    "__next": "https://api.datamarket.azure.com/Data.ashx/Bing/Search/Image?Query='Fotoblur%20Website%20people'&$skip=55&$top=50"
  }
}