{
  "d": {
    "results": [
      {
        "__metadata": {
          "uri": "https://api.datamarket.azure.com/Data.ashx/Bing/Search/Image?Query='children photo'&$skip=0&$top=1",
          "type": "ImageResult"
        },
        "ID": "51cd0bb8-aba3-4615-8ac3-f338ede268fb",
        "Title": "Young Children Kissing Royalty Free Stock Photo - Image: 21533765",
        "MediaUrl": "https://thumbs.dreamstime.com/z/young-children-kissing-21533765.jpg",
        "SourceUrl": "https://www.dreamstime.com/royalty-free-stock-photo-young-children-kissing-image21533765",
        "DisplayUrl": "https://www.dreamstime.com/royalty-free-stock-photo-young-children...",
        "Width": "1300",
        "Height": "957",
        "FileSize": "136989",
        "ContentType": "jpeg",
        "Thumbnail": {
          "__metadata": {
            "type": "Bing.Thumbnail"
          },
          "MediaUrl": "http://ts1.mm.bing.net/th?id=OIP.Mda0e6264d8999a044c5edcb564e4a714o0&pid=15.1",
          "ContentType": "jpg",
          "Width": "300",
          "Height": "220",
          "FileSize": "11552"
        }
      },
      {
        "__metadata": {
          "uri": "https://api.datamarket.azure.com/Data.ashx/Bing/Search/Image?Query='children photo'&$skip=1&$top=1",
          "type": "ImageResult"
        },
        "ID": "29146bba-a9ba-4763-ba4c-6f89e02ac630",
        "Title": "Diverse Group Of Children/eps Stock Photo - Image: 16124570",
        "MediaUrl": "https://thumbs.dreamstime.com/z/diverse-group-children-eps-16124570.jpg",
        "SourceUrl": "https://www.dreamstime.com/stock-photo-diverse-group-children-eps-image16124570",
        "DisplayUrl": "https://www.dreamstime.com/stock-photo-diverse-group-children-eps...",
        "Width": "1300",
        "Height": "813",
        "FileSize": "113070",
        "ContentType": "jpeg",
        "Thumbnail": {
          "__metadata": {
            "type": "Bing.Thumbnail"
          },
          "MediaUrl": "http://ts1.mm.bing.net/th?id=OIP.M99407ae9ed4396823ccea5aff517fc1bo0&pid=15.1",
          "ContentType": "jpg",
          "Width": "300",
          "Height": "187",
          "FileSize": "15317"
        }
      },
      {
        "__metadata": {
          "uri": "https://api.datamarket.azure.com/Data.ashx/Bing/Search/Image?Query='children photo'&$skip=2&$top=1",
          "type": "ImageResult"
        },
        "ID": "e976dbad-ed90-401d-9ca2-34919504eea8",
        "Title": "Boy Child Painting 04 Royalty Free Stock Photo - Image: 58695",
        "MediaUrl": "https://thumbs.dreamstime.com/z/boy-child-painting-04-58695.jpg",
        "SourceUrl": "https://www.dreamstime.com/royalty-free-stock-photo-boy-child-painting-04-image58695",
        "DisplayUrl": "https://www.dreamstime.com/royalty-free-stock-photo-boy-child...",
        "Width": "1300",
        "Height": "1083",
        "FileSize": "410093",
        "ContentType": "jpeg",
        "Thumbnail": {
          "__metadata": {
            "type": "Bing.Thumbnail"
          },
          "MediaUrl": "http://ts2.mm.bing.net/th?id=OIP.M244bb4b4f6365631aa411247dfbf6423o2&pid=15.1",
          "ContentType": "jpg",
          "Width": "300",
          "Height": "249",
          "FileSize": "14215"
        }
      },
      {
        "__metadata": {
          "uri": "https://api.datamarket.azure.com/Data.ashx/Bing/Search/Image?Query='children photo'&$skip=3&$top=1",
          "type": "ImageResult"
        },
        "ID": "55e1595b-1694-44b7-b459-8e9f6194a823",
        "Title": "Child Painting At Easel. Royalty Free Stock Photo - Image: 34070045",
        "MediaUrl": "https://thumbs.dreamstime.com/z/child-painting-easel-school-teacher-help-34070045.jpg",
        "SourceUrl": "https://www.dreamstime.com/royalty-free-stock-photo-child-painting-easel-school-teacher-help-image34070045",
        "DisplayUrl": "https://www.dreamstime.com/royalty-free-stock-photo-child-painting...",
        "Width": "1300",
        "Height": "1065",
        "FileSize": "168435",
        "ContentType": "jpeg",
        "Thumbnail": {
          "__metadata": {
            "type": "Bing.Thumbnail"
          },
          "MediaUrl": "http://ts4.mm.bing.net/th?id=OIP.M536715feee05e6e053b2d3e890a8b589o0&pid=15.1",
          "ContentType": "jpg",
          "Width": "300",
          "Height": "245",
          "FileSize": "24663"
        }
      },
      {
        "__metadata": {
          "uri": "https://api.datamarket.azure.com/Data.ashx/Bing/Search/Image?Query='children photo'&$skip=4&$top=1",
          "type": "ImageResult"
        },
        "ID": "40875af8-1bc2-4ed2-a34f-da04962ce457",
        "Title": "Brothers Fight Royalty Free Stock Photo - Image: 35802785",
        "MediaUrl": "https://thumbs.dreamstime.com/z/brothers-fight-two-kids-simulating-isolated-white-35802785.jpg",
        "SourceUrl": "https://www.dreamstime.com/royalty-free-stock-photo-brothers-fight-two-kids-simulating-isolated-white-image35802785",
        "DisplayUrl": "https://www.dreamstime.com/royalty-free-stock-photo-brothers-fight...",
        "Width": "1300",
        "Height": "1065",
        "FileSize": "117522",
        "ContentType": "jpeg",
        "Thumbnail": {
          "__metadata": {
            "type": "Bing.Thumbnail"
          },
          "MediaUrl": "http://ts1.mm.bing.net/th?id=OIP.Mbe2b03ed76edb1f7510636e027d8a647o0&pid=15.1",
          "ContentType": "jpg",
          "Width": "300",
          "Height": "245",
          "FileSize": "10067"
        }
      },
      {
        "__metadata": {
          "uri": "https://api.datamarket.azure.com/Data.ashx/Bing/Search/Image?Query='children photo'&$skip=5&$top=1",
          "type": "ImageResult"
        },
        "ID": "1708465e-5a2e-44b8-89b8-d672a08b05f9",
        "Title": "Kids Laughing while Learning -Making Kids Laugh",
        "MediaUrl": "http://makingkidslaugh.com/wp-content/uploads/2015/03/iStock_000021909532Large.jpg",
        "SourceUrl": "http://makingkidslaugh.com/kids-laughing-while-learning",
        "DisplayUrl": "makingkidslaugh.com/kids-laughing-while-learning",
        "Width": "2716",
        "Height": "1810",
        "FileSize": "4945299",
        "ContentType": "jpeg",
        "Thumbnail": {
          "__metadata": {
            "type": "Bing.Thumbnail"
          },
          "MediaUrl": "http://ts2.mm.bing.net/th?id=OIP.Mbe0055dce90ee605a6a11a55a0db65f3o0&pid=15.1",
          "ContentType": "jpg",
          "Width": "300",
          "Height": "199",
          "FileSize": "11511"
        }
      },
      {
        "__metadata": {
          "uri": "https://api.datamarket.azure.com/Data.ashx/Bing/Search/Image?Query='children photo'&$skip=6&$top=1",
          "type": "ImageResult"
        },
        "ID": "730be043-0395-4a73-9fcf-67e0523da658",
        "Title": "... Students Talking And Writing At School Stock Photo - Image: 47874505",
        "MediaUrl": "https://thumbs.dreamstime.com/z/group-students-talking-writing-school-education-elementary-learning-people-concept-kids-pens-papers-classroom-47874505.jpg",
        "SourceUrl": "https://www.dreamstime.com/stock-photo-group-students-talking-writing-school-education-elementary-learning-people-concept-kids-pens-papers-classroom-image47874505",
        "DisplayUrl": "https://www.dreamstime.com/stock-photo-group-students-talking...",
        "Width": "1300",
        "Height": "979",
        "FileSize": "124262",
        "ContentType": "jpeg",
        "Thumbnail": {
          "__metadata": {
            "type": "Bing.Thumbnail"
          },
          "MediaUrl": "http://ts1.mm.bing.net/th?id=OIP.M25b5ae7c29f99437f7f3849edcbe2218o0&pid=15.1",
          "ContentType": "jpg",
          "Width": "300",
          "Height": "225",
          "FileSize": "13396"
        }
      },
      {
        "__metadata": {
          "uri": "https://api.datamarket.azure.com/Data.ashx/Bing/Search/Image?Query='children photo'&$skip=7&$top=1",
          "type": "ImageResult"
        },
        "ID": "2043451a-a056-4c66-867f-53add28e5b59",
        "Title": "photo blue cotton applique flamingo childrens WITH TEXT 15_zpsc2qnl0i7 ...",
        "MediaUrl": "http://i1178.photobucket.com/albums/x380/samfos1/childrens%20fabrics/blue%20cotton%20applique%20flamingo%20childrens%20WITH%20TEXT%20%2015_zpsc2qnl0i7.jpg",
        "SourceUrl": "http://www.ebay.co.uk/itm/37-KERMIT-FROG-PRINTED-COTTON-46-W-FABRI-BEDDING-CHILDREN-NURSERY-CURTAIN-CRAFT-/182286139781",
        "DisplayUrl": "www.ebay.co.uk/itm/37-KERMIT-FROG-PRINTED-COTTON-46-W-FABRI-BEDDING...",
        "Width": "774",
        "Height": "1024",
        "FileSize": "280735",
        "ContentType": "jpeg",
        "Thumbnail": {
          "__metadata": {
            "type": "Bing.Thumbnail"
          },
          "MediaUrl": "http://ts4.mm.bing.net/th?id=OIF.k%2f%2fzPoYQKNFgWNACRK30kw&pid=15.1",
          "ContentType": "jpg",
          "Width": "226",
          "Height": "300",
          "FileSize": "0"
        }
      },
      {
        "__metadata": {
          "uri": "https://api.datamarket.azure.com/Data.ashx/Bing/Search/Image?Query='children photo'&$skip=8&$top=1",
          "type": "ImageResult"
        },
        "ID": "359b3810-c733-427e-8395-aa4ac45e63a5",
        "Title": "Fort Collins mother arrested in fatal child abuse case - 7NEWS Denver ...",
        "MediaUrl": "http://media.thedenverchannel.com/photo/2016/09/22/childrens_1474589214092_46780113_ver1.0_640_480.jpg",
        "SourceUrl": "http://www2.thedenverchannel.com/news/local-news/fort-collins-mother-arrested-in-fatal-child-abuse-case",
        "DisplayUrl": "www2.thedenverchannel.com/news/local-news/fort-collins-mother...",
        "Width": "640",
        "Height": "480",
        "FileSize": "257175",
        "ContentType": "jpeg",
        "Thumbnail": {
          "__metadata": {
            "type": "Bing.Thumbnail"
          },
          "MediaUrl": "http://ts2.mm.bing.net/th?id=OIF.ZDI9XUDQoe9jd45NkMirmw&pid=15.1",
          "ContentType": "jpg",
          "Width": "300",
          "Height": "225",
          "FileSize": "0"
        }
      },
      {
        "__metadata": {
          "uri": "https://api.datamarket.azure.com/Data.ashx/Bing/Search/Image?Query='children photo'&$skip=9&$top=1",
          "type": "ImageResult"
        },
        "ID": "50bfcf57-b3ea-492a-9574-00ca0f957c64",
        "Title": "Children Taking Bath Stock Photo - Image: 39715015",
        "MediaUrl": "https://thumbs.dreamstime.com/z/children-bathing-cute-young-taking-bath-together-siblings-brother-two-sisters-39715015.jpg",
        "SourceUrl": "http://www.dreamstime.com/royalty-free-stock-photo-children-bathing-cute-young-taking-bath-together-siblings-brother-two-sisters-image39715015",
        "DisplayUrl": "www.dreamstime.com/royalty-free-stock-photo-children-bathing-cute...",
        "Width": "1300",
        "Height": "954",
        "FileSize": "110122",
        "ContentType": "jpeg",
        "Thumbnail": {
          "__metadata": {
            "type": "Bing.Thumbnail"
          },
          "MediaUrl": "http://ts4.mm.bing.net/th?id=OIP.M6de0ab54887b56246180df8ca86f1f2do0&pid=15.1",
          "ContentType": "jpg",
          "Width": "300",
          "Height": "220",
          "FileSize": "8288"
        }
      },
      {
        "__metadata": {
          "uri": "https://api.datamarket.azure.com/Data.ashx/Bing/Search/Image?Query='children photo'&$skip=10&$top=1",
          "type": "ImageResult"
        },
        "ID": "d4ba1b8b-a64e-4539-83bc-6f2eb89634d9",
        "Title": "Les informats: Kids UNITED - le groupe",
        "MediaUrl": "https://www.unicef.fr/sites/default/files/images/gloria-kids-united-unicef.jpg",
        "SourceUrl": "http://lesinformats.blogspot.com/2016/01/cree-linitiative-de-lunicef-kids-united.html",
        "DisplayUrl": "lesinformats.blogspot.com/2016/01/cree-linitiative-de-lunicef-kids...",
        "Width": "800",
        "Height": "1200",
        "FileSize": "95974",
        "ContentType": "jpeg",
        "Thumbnail": {
          "__metadata": {
            "type": "Bing.Thumbnail"
          },
          "MediaUrl": "http://ts2.mm.bing.net/th?id=OIP.Mec34ed15f72b4ce0beef7cc1aef19262o0&pid=15.1",
          "ContentType": "jpg",
          "Width": "200",
          "Height": "300",
          "FileSize": "7716"
        }
      },
      {
        "__metadata": {
          "uri": "https://api.datamarket.azure.com/Data.ashx/Bing/Search/Image?Query='children photo'&$skip=11&$top=1",
          "type": "ImageResult"
        },
        "ID": "9dbc8b24-5d37-45fd-8ff7-4851fc031ed4",
        "Title": "... Children and flower pictures 1280-1024, Children and flower photo 1280",
        "MediaUrl": "http://www.wallpapersfreedesktop.com/uploads/nature-children-and-flower-backgrounds-wallpapers.jpg",
        "SourceUrl": "http://wallpapersfreedesktop.com/nature-children-and-flower-normal.html",
        "DisplayUrl": "wallpapersfreedesktop.com/nature-children-and-flower-normal.html",
        "Width": "1920",
        "Height": "1080",
        "FileSize": "466555",
        "ContentType": "jpeg",
        "Thumbnail": {
          "__metadata": {
            "type": "Bing.Thumbnail"
          },
          "MediaUrl": "http://ts3.mm.bing.net/th?id=OIP.M678e2f7365ae7a550ac743b20da8aaa6H0&pid=15.1",
          "ContentType": "jpg",
          "Width": "300",
          "Height": "168",
          "FileSize": "7834"
        }
      },
      {
        "__metadata": {
          "uri": "https://api.datamarket.azure.com/Data.ashx/Bing/Search/Image?Query='children photo'&$skip=12&$top=1",
          "type": "ImageResult"
        },
        "ID": "d155b339-7970-43d5-8731-5c640687d03c",
        "Title": "Society has always, rightly, avoided opening the door to genetic ...",
        "MediaUrl": "http://i.telegraph.co.uk/multimedia/archive/03062/baby_3062616c.jpg",
        "SourceUrl": "http://www.telegraph.co.uk/news/health/11380784/Three-parent-babies-unethical-scary-and-wrong.html",
        "DisplayUrl": "www.telegraph.co.uk/news/health/11380784/Three-parent-babies...",
        "Width": "460",
        "Height": "287",
        "FileSize": "19834",
        "ContentType": "jpeg",
        "Thumbnail": {
          "__metadata": {
            "type": "Bing.Thumbnail"
          },
          "MediaUrl": "http://ts4.mm.bing.net/th?id=OIP.M088f51ba310fed5ad3c7a86f99bb8fbeo0&pid=15.1",
          "ContentType": "jpg",
          "Width": "300",
          "Height": "187",
          "FileSize": "3558"
        }
      },
      {
        "__metadata": {
          "uri": "https://api.datamarket.azure.com/Data.ashx/Bing/Search/Image?Query='children photo'&$skip=13&$top=1",
          "type": "ImageResult"
        },
        "ID": "d536d37a-b92d-4018-8878-be6b9703e05a",
        "Title": "Eventually, I found a baby sun cream in a specialist shop, but it was ...",
        "MediaUrl": "http://www.sudocrem.co.uk/antiseptic-healing-cream/blog/wp-content/uploads/2013/04/Can-babies-wear-sunscreen.png",
        "SourceUrl": "http://www.sudocrem.co.uk/antiseptic-healing-cream/blog/can-babies-wear-sunscreen/",
        "DisplayUrl": "www.sudocrem.co.uk/antiseptic-healing-cream/blog/can-babies-wear...",
        "Width": "500",
        "Height": "334",
        "FileSize": "254391",
        "ContentType": "png",
        "Thumbnail": {
          "__metadata": {
            "type": "Bing.Thumbnail"
          },
          "MediaUrl": "http://ts4.mm.bing.net/th?id=OIP.Mdf640bed5a2295e69ec53fd868c1382eo2&pid=15.1",
          "ContentType": "jpg",
          "Width": "300",
          "Height": "200",
          "FileSize": "8115"
        }
      },
      {
        "__metadata": {
          "uri": "https://api.datamarket.azure.com/Data.ashx/Bing/Search/Image?Query='children photo'&$skip=14&$top=1",
          "type": "ImageResult"
        },
        "ID": "2f07823a-bac5-45a1-8b92-21f5f9aa26cf",
        "Title": "Zoe Hardman welcomes her first baby - see the pic! - Photo 1",
        "MediaUrl": "http://www.hellomagazine.com/imagenes/healthandbeauty/mother-and-baby/2016092333651/zoe-hardman-welcomes-first-baby/0-173-73/zoe-hardman-e.jpg",
        "SourceUrl": "http://www.hellomagazine.com/healthandbeauty/mother-and-baby/gallery/2016092333651/zoe-hardman-welcomes-first-baby/1/",
        "DisplayUrl": "www.hellomagazine.com/healthandbeauty/mother-and-baby/gallery...",
        "Width": "506",
        "Height": "303",
        "FileSize": "181289",
        "ContentType": "jpeg",
        "Thumbnail": {
          "__metadata": {
            "type": "Bing.Thumbnail"
          },
          "MediaUrl": "http://ts3.mm.bing.net/th?id=OIF.gkfiluSLGjfMFTIHGnouFA&pid=15.1",
          "ContentType": "jpg",
          "Width": "300",
          "Height": "179",
          "FileSize": "0"
        }
      },
      {
        "__metadata": {
          "uri": "https://api.datamarket.azure.com/Data.ashx/Bing/Search/Image?Query='children photo'&$skip=15&$top=1",
          "type": "ImageResult"
        },
        "ID": "3d111ed2-ee65-49de-abfb-edb93bb5c73b",
        "Title": "The Rooney Kids (Repeat-A-Rooney) - Sitcoms Online Photo Galleries",
        "MediaUrl": "http://www.sitcomsonline.com/photopost/data/3535/medium/Rooney_Kids_Together_Repeat-A-Rooney1.jpg",
        "SourceUrl": "http://www.sitcomsonline.com/photopost/showphoto.php/photo/392527",
        "DisplayUrl": "www.sitcomsonline.com/photopost/showphoto.php/photo/392527",
        "Width": "750",
        "Height": "390",
        "FileSize": "51341",
        "ContentType": "jpeg",
        "Thumbnail": {
          "__metadata": {
            "type": "Bing.Thumbnail"
          },
          "MediaUrl": "http://ts1.mm.bing.net/th?id=OIF.83H%2fTAj411gVxrZIwwmQig&pid=15.1",
          "ContentType": "jpg",
          "Width": "300",
          "Height": "156",
          "FileSize": "0"
        }
      },
      {
        "__metadata": {
          "uri": "https://api.datamarket.azure.com/Data.ashx/Bing/Search/Image?Query='children photo'&$skip=16&$top=1",
          "type": "ImageResult"
        },
        "ID": "752f9012-64b2-4ca6-a9d2-7bf2340e1e13",
        "Title": "Born Baby Smilly Faced Wallpapers.",
        "MediaUrl": "http://hdwallpapers.move.pk/wp-content/uploads/2015/02/baby-kiss-styles.jpg",
        "SourceUrl": "http://hdwallpapers.move.pk/born-baby/born-baby-wallpapers/",
        "DisplayUrl": "hdwallpapers.move.pk/born-baby/born-baby-wallpapers",
        "Width": "6416",
        "Height": "3609",
        "FileSize": "3538009",
        "ContentType": "jpeg",
        "Thumbnail": {
          "__metadata": {
            "type": "Bing.Thumbnail"
          },
          "MediaUrl": "http://ts3.mm.bing.net/th?id=OIP.M0fc4daf930abd3c3375d79419670e102o2&pid=15.1",
          "ContentType": "jpg",
          "Width": "300",
          "Height": "168",
          "FileSize": "2881"
        }
      },
      {
        "__metadata": {
          "uri": "https://api.datamarket.azure.com/Data.ashx/Bing/Search/Image?Query='children photo'&$skip=17&$top=1",
          "type": "ImageResult"
        },
        "ID": "5c2e2588-b944-4ad7-b1a6-523570593b52",
        "Title": "Cartoon Kids Reading Book With Giant Book Background Stock Photo ...",
        "MediaUrl": "http://image.shutterstock.com/z/stock-photo-cartoon-kids-reading-book-with-giant-book-background-247869781.jpg",
        "SourceUrl": "http://www.shutterstock.com/pic-247869781/stock-photo-cartoon-kids-reading-book-with-giant-book-background.html",
        "DisplayUrl": "www.shutterstock.com/pic-247869781/stock-photo-cartoon-kids-reading...",
        "Width": "1500",
        "Height": "1128",
        "FileSize": "303827",
        "ContentType": "jpeg",
        "Thumbnail": {
          "__metadata": {
            "type": "Bing.Thumbnail"
          },
          "MediaUrl": "http://ts4.mm.bing.net/th?id=OIP.M54d0487f285a53cf4a35e019e798b55fo0&pid=15.1",
          "ContentType": "jpg",
          "Width": "300",
          "Height": "225",
          "FileSize": "10956"
        }
      },
      {
        "__metadata": {
          "uri": "https://api.datamarket.azure.com/Data.ashx/Bing/Search/Image?Query='children photo'&$skip=18&$top=1",
          "type": "ImageResult"
        },
        "ID": "10aac94c-5b3c-4574-a1f7-a85e6e615569",
        "Title": "Happy Child Playing Stock Photo - Image: 26818270",
        "MediaUrl": "https://thumbs.dreamstime.com/z/happy-child-playing-26818270.jpg",
        "SourceUrl": "http://www.dreamstime.com/stock-photo-happy-child-playing-image26818270",
        "DisplayUrl": "www.dreamstime.com/stock-photo-happy-child-playing-image26818270",
        "Width": "1300",
        "Height": "1177",
        "FileSize": "116907",
        "ContentType": "jpeg",
        "Thumbnail": {
          "__metadata": {
            "type": "Bing.Thumbnail"
          },
          "MediaUrl": "http://ts2.mm.bing.net/th?id=OIP.M55e302975c56fafdd33b19c5d74908e4o0&pid=15.1",
          "ContentType": "jpg",
          "Width": "300",
          "Height": "271",
          "FileSize": "11180"
        }
      },
      {
        "__metadata": {
          "uri": "https://api.datamarket.azure.com/Data.ashx/Bing/Search/Image?Query='children photo'&$skip=19&$top=1",
          "type": "ImageResult"
        },
        "ID": "3db9f3cc-43b4-4012-a0d0-3cc931a69cbd",
        "Title": "Cute Baby Monkey Hanging On Tree Stock Photo 361763984 : Shutterstock",
        "MediaUrl": "http://image.shutterstock.com/z/stock-photo-cute-baby-monkey-hanging-on-tree-361763984.jpg",
        "SourceUrl": "http://www.shutterstock.com/pic-361763984/stock-photo-cute-baby-monkey-hanging-on-tree.html",
        "DisplayUrl": "www.shutterstock.com/pic-361763984/stock-photo-cute-baby-monkey...",
        "Width": "1188",
        "Height": "1600",
        "FileSize": "354239",
        "ContentType": "jpeg",
        "Thumbnail": {
          "__metadata": {
            "type": "Bing.Thumbnail"
          },
          "MediaUrl": "http://ts2.mm.bing.net/th?id=OIP.M4830b3a0d6fdbd8de787a2848ab9898co0&pid=15.1",
          "ContentType": "jpg",
          "Width": "222",
          "Height": "300",
          "FileSize": "12364"
        }
      },
      {
        "__metadata": {
          "uri": "https://api.datamarket.azure.com/Data.ashx/Bing/Search/Image?Query='children photo'&$skip=20&$top=1",
          "type": "ImageResult"
        },
        "ID": "1343d8f1-f03c-400c-a257-8e7ce95863bd",
        "Title": "Photos Vidéos Biographie Discographie Concerts",
        "MediaUrl": "http://www.chantefrance.com/musicstory/artists/1399810.jpg",
        "SourceUrl": "http://www.chantefrance.com/artist/4593963-kids-united/biographie",
        "DisplayUrl": "www.chantefrance.com/artist/4593963-kids-united/biographie",
        "Width": "791",
        "Height": "795",
        "FileSize": "516358",
        "ContentType": "jpeg",
        "Thumbnail": {
          "__metadata": {
            "type": "Bing.Thumbnail"
          },
          "MediaUrl": "http://ts3.mm.bing.net/th?id=OIP.M19367fe51ffb6c93dded221c102774b0o0&pid=15.1",
          "ContentType": "jpg",
          "Width": "298",
          "Height": "300",
          "FileSize": "20849"
        }
      },
      {
        "__metadata": {
          "uri": "https://api.datamarket.azure.com/Data.ashx/Bing/Search/Image?Query='children photo'&$skip=21&$top=1",
          "type": "ImageResult"
        },
        "ID": "ac60a2a3-04c3-4934-bd07-126320581a34",
        "Title": "Vin Diesel Shares Adorable Photo of Zoe Saldana and Their Families ...",
        "MediaUrl": "http://www.eonline.com/eol_images/Entire_Site/2015101/rs_600x600-151101114536-600-vin-diesel-zoe-saldana-kids-halloween-103115.jpg",
        "SourceUrl": "http://www.eonline.com/news/712083/vin-diesel-shares-adorable-photo-with-zoe-saldana-and-their-families-pauline-and-the-twins-first-halloween",
        "DisplayUrl": "www.eonline.com/news/712083/vin-diesel-shares-adorable-photo-with...",
        "Width": "600",
        "Height": "600",
        "FileSize": "113780",
        "ContentType": "jpeg",
        "Thumbnail": {
          "__metadata": {
            "type": "Bing.Thumbnail"
          },
          "MediaUrl": "http://ts4.mm.bing.net/th?id=OIP.Mbffbd9816a8aa2ceab8cdf1c9f20e011o0&pid=15.1",
          "ContentType": "jpg",
          "Width": "300",
          "Height": "300",
          "FileSize": "18620"
        }
      },
      {
        "__metadata": {
          "uri": "https://api.datamarket.azure.com/Data.ashx/Bing/Search/Image?Query='children photo'&$skip=22&$top=1",
          "type": "ImageResult"
        },
        "ID": "995b1bcc-0875-490b-ae91-3917e82b407a",
        "Title": "Children Giving Gifts Royalty Free Stock Photo - Image: 24114325",
        "MediaUrl": "https://thumbs.dreamstime.com/z/children-giving-gifts-24114325.jpg",
        "SourceUrl": "http://www.dreamstime.com/royalty-free-stock-photo-children-giving-gifts-image24114325",
        "DisplayUrl": "www.dreamstime.com/royalty-free-stock-photo-children-giving-gifts...",
        "Width": "1300",
        "Height": "1303",
        "FileSize": "145155",
        "ContentType": "jpeg",
        "Thumbnail": {
          "__metadata": {
            "type": "Bing.Thumbnail"
          },
          "MediaUrl": "http://ts1.mm.bing.net/th?id=OIP.M85b147d21eca9c163b4f14e811eedd94o0&pid=15.1",
          "ContentType": "jpg",
          "Width": "299",
          "Height": "300",
          "FileSize": "18083"
        }
      },
      {
        "__metadata": {
          "uri": "https://api.datamarket.azure.com/Data.ashx/Bing/Search/Image?Query='children photo'&$skip=23&$top=1",
          "type": "ImageResult"
        },
        "ID": "1030acb1-eaf8-4b31-a365-9ad07d38fe91",
        "Title": "Psychological Tasks of Children of Divorce ::",
        "MediaUrl": "http://cooperativeparentingblog.com/wp-content/uploads/2014/09/online-ideas-for-children.jpg",
        "SourceUrl": "http://cooperativeparentingblog.com/psychological-tasks-of-children-of-divorce/",
        "DisplayUrl": "cooperativeparentingblog.com/psychological-tasks-of-children-of...",
        "Width": "640",
        "Height": "268",
        "FileSize": "82047",
        "ContentType": "jpeg",
        "Thumbnail": {
          "__metadata": {
            "type": "Bing.Thumbnail"
          },
          "MediaUrl": "http://ts2.mm.bing.net/th?id=OIP.Mbfb6156adf5919f19f5583a864440ff4o0&pid=15.1",
          "ContentType": "jpg",
          "Width": "300",
          "Height": "125",
          "FileSize": "9886"
        }
      },
      {
        "__metadata": {
          "uri": "https://api.datamarket.azure.com/Data.ashx/Bing/Search/Image?Query='children photo'&$skip=24&$top=1",
          "type": "ImageResult"
        },
        "ID": "cab933f4-5353-4be7-b1d2-d1f072f8dffc",
        "Title": "Prithvi Raj photo | Prithvi Raj baby photo contest",
        "MediaUrl": "http://g.ahan.in/children/201301/Prithvi%20Raj-0700.jpg",
        "SourceUrl": "http://children.indiaeveryday.in/prithvi-raj-photo-prithvi-raj-baby-photo-contest-833.htm",
        "DisplayUrl": "children.indiaeveryday.in/prithvi-raj-photo-prithvi-raj-baby-photo...",
        "Width": "580",
        "Height": "384",
        "FileSize": "29629",
        "ContentType": "jpeg",
        "Thumbnail": {
          "__metadata": {
            "type": "Bing.Thumbnail"
          },
          "MediaUrl": "http://ts3.mm.bing.net/th?id=OIP.Ma944845a965194f52a4633062071ab77o1&pid=15.1",
          "ContentType": "jpg",
          "Width": "300",
          "Height": "198",
          "FileSize": "8021"
        }
      },
      {
        "__metadata": {
          "uri": "https://api.datamarket.azure.com/Data.ashx/Bing/Search/Image?Query='children photo'&$skip=25&$top=1",
          "type": "ImageResult"
        },
        "ID": "67ad3f86-c6c0-4922-8644-5804bccf8967",
        "Title": "these kids are starving to death. God doesn’t seem to be interested ...",
        "MediaUrl": "https://jim93277.files.wordpress.com/2015/05/starving-child-5.jpg",
        "SourceUrl": "http://jimmiejoe.com/tag/starving-children/",
        "DisplayUrl": "jimmiejoe.com/tag/starving-children",
        "Width": "702",
        "Height": "463",
        "FileSize": "87205",
        "ContentType": "jpeg",
        "Thumbnail": {
          "__metadata": {
            "type": "Bing.Thumbnail"
          },
          "MediaUrl": "http://ts4.mm.bing.net/th?id=OIP.M4bdfdb954402e8244b015682a097f209o0&pid=15.1",
          "ContentType": "jpg",
          "Width": "300",
          "Height": "197",
          "FileSize": "8703"
        }
      },
      {
        "__metadata": {
          "uri": "https://api.datamarket.azure.com/Data.ashx/Bing/Search/Image?Query='children photo'&$skip=26&$top=1",
          "type": "ImageResult"
        },
        "ID": "16f40e40-cd03-4eb9-ac49-65808cda3560",
        "Title": "Callum - Baby Photo Shoot - Melbourne Newborn Photographer | The ...",
        "MediaUrl": "http://purenewbornphotography.com.au/wp-content/uploads/2016/09/melbourne_newborn_photographer_0161.jpg",
        "SourceUrl": "http://purenewbornphotography.com.au/callum-baby-photo-shoot/",
        "DisplayUrl": "purenewbornphotography.com.au/callum-baby-photo-shoot",
        "Width": "1850",
        "Height": "826",
        "FileSize": "398244",
        "ContentType": "jpeg",
        "Thumbnail": {
          "__metadata": {
            "type": "Bing.Thumbnail"
          },
          "MediaUrl": "http://ts3.mm.bing.net/th?id=OIF.ecbFP7%2fh%2fORsN33d7ybLSg&pid=15.1",
          "ContentType": "jpg",
          "Width": "300",
          "Height": "133",
          "FileSize": "0"
        }
      },
      {
        "__metadata": {
          "uri": "https://api.datamarket.azure.com/Data.ashx/Bing/Search/Image?Query='children photo'&$skip=27&$top=1",
          "type": "ImageResult"
        },
        "ID": "a6f74a77-6e74-469f-8770-c535dbc52831",
        "Title": "Roseola in Baby - New Kids Center",
        "MediaUrl": "http://www.newkidscenter.com/images/10401767/image001.jpg",
        "SourceUrl": "http://www.newkidscenter.com/Roseola-In-Baby.html",
        "DisplayUrl": "www.newkidscenter.com/Roseola-In-Baby.html",
        "Width": "493",
        "Height": "335",
        "FileSize": "26353",
        "ContentType": "jpeg",
        "Thumbnail": {
          "__metadata": {
            "type": "Bing.Thumbnail"
          },
          "MediaUrl": "http://ts2.mm.bing.net/th?id=OIP.Ma224780ef5bd62278955f188c302e200o0&pid=15.1",
          "ContentType": "jpg",
          "Width": "300",
          "Height": "203",
          "FileSize": "3805"
        }
      },
      {
        "__metadata": {
          "uri": "https://api.datamarket.azure.com/Data.ashx/Bing/Search/Image?Query='children photo'&$skip=28&$top=1",
          "type": "ImageResult"
        },
        "ID": "529ed519-7a9d-4c1f-a5cf-e15f92f507e8",
        "Title": "Cute newborn baby girl - a photo on Flickriver",
        "MediaUrl": "https://farm9.staticflickr.com/8465/8112156767_132304344f_b.jpg",
        "SourceUrl": "http://www.flickriver.com/photos/likclick/8112156767/",
        "DisplayUrl": "www.flickriver.com/photos/likclick/8112156767",
        "Width": "900",
        "Height": "600",
        "FileSize": "83947",
        "ContentType": "jpeg",
        "Thumbnail": {
          "__metadata": {
            "type": "Bing.Thumbnail"
          },
          "MediaUrl": "http://ts2.mm.bing.net/th?id=OIP.Mdc8b46a26849ce7b185d8c3bebe1244co1&pid=15.1",
          "ContentType": "jpg",
          "Width": "300",
          "Height": "200",
          "FileSize": "3691"
        }
      },
      {
        "__metadata": {
          "uri": "https://api.datamarket.azure.com/Data.ashx/Bing/Search/Image?Query='children photo'&$skip=29&$top=1",
          "type": "ImageResult"
        },
        "ID": "b71bc96a-324d-4c1f-bcf9-e49858143605",
        "Title": "... Oliver hits back at mum who shamed her for sharing post-baby photo",
        "MediaUrl": "http://us.hellomagazine.com/imagenes/healthandbeauty/mother-and-baby/2016092033595/jools-oliver-responds-mum-post-baby-body-photo/0-172-553/jools-a.jpg",
        "SourceUrl": "http://us.hellomagazine.com/healthandbeauty/mother-and-baby/2016092033595/jools-oliver-responds-mum-post-baby-body-photo/",
        "DisplayUrl": "us.hellomagazine.com/healthandbeauty/mother-and-baby/2016092033595...",
        "Width": "650",
        "Height": "627",
        "FileSize": "169909",
        "ContentType": "jpeg",
        "Thumbnail": {
          "__metadata": {
            "type": "Bing.Thumbnail"
          },
          "MediaUrl": "http://ts2.mm.bing.net/th?id=OIF.CDTd3OYnXYunz%2bU9XWL91A&pid=15.1",
          "ContentType": "jpg",
          "Width": "300",
          "Height": "289",
          "FileSize": "0"
        }
      },
      {
        "__metadata": {
          "uri": "https://api.datamarket.azure.com/Data.ashx/Bing/Search/Image?Query='children photo'&$skip=30&$top=1",
          "type": "ImageResult"
        },
        "ID": "4e8c7952-c6b1-4004-ba56-b80d9d0693b6",
        "Title": "Twinkle & Akshay Kumar's Second Child - YouTube",
        "MediaUrl": "http://i.ytimg.com/vi/nRHNchU5pq4/maxresdefault.jpg",
        "SourceUrl": "http://www.youtube.com/watch?v=nRHNchU5pq4",
        "DisplayUrl": "www.youtube.com/watch?v=nRHNchU5pq4",
        "Width": "1280",
        "Height": "720",
        "FileSize": "214245",
        "ContentType": "jpeg",
        "Thumbnail": {
          "__metadata": {
            "type": "Bing.Thumbnail"
          },
          "MediaUrl": "http://ts4.mm.bing.net/th?id=OIP.Mbeb80ae50b19ba59888101fa3787f04bH0&pid=15.1",
          "ContentType": "jpg",
          "Width": "300",
          "Height": "168",
          "FileSize": "14447"
        }
      },
      {
        "__metadata": {
          "uri": "https://api.datamarket.azure.com/Data.ashx/Bing/Search/Image?Query='children photo'&$skip=31&$top=1",
          "type": "ImageResult"
        },
        "ID": "9e03f809-21c0-45d0-9c5e-1cfc6b6479f3",
        "Title": "... Oliver hits back at mum who shamed her for sharing post-baby photo",
        "MediaUrl": "http://us.hellomagazine.com/imagenes/healthandbeauty/mother-and-baby/2016092033595/jools-oliver-responds-mum-post-baby-body-photo/0-172-552/jools2-a.jpg",
        "SourceUrl": "http://us.hellomagazine.com/healthandbeauty/mother-and-baby/2016092033595/jools-oliver-responds-mum-post-baby-body-photo/",
        "DisplayUrl": "us.hellomagazine.com/healthandbeauty/mother-and-baby/2016092033595...",
        "Width": "650",
        "Height": "579",
        "FileSize": "166646",
        "ContentType": "jpeg",
        "Thumbnail": {
          "__metadata": {
            "type": "Bing.Thumbnail"
          },
          "MediaUrl": "http://ts1.mm.bing.net/th?id=OIF.UilGydiQ1dbBynw3u4WCVQ&pid=15.1",
          "ContentType": "jpg",
          "Width": "300",
          "Height": "267",
          "FileSize": "0"
        }
      },
      {
        "__metadata": {
          "uri": "https://api.datamarket.azure.com/Data.ashx/Bing/Search/Image?Query='children photo'&$skip=32&$top=1",
          "type": "ImageResult"
        },
        "ID": "66175d4a-89dd-453e-b4d3-94daab57eb9b",
        "Title": "London Baby Photography Photo Gallery « London Baby Photography",
        "MediaUrl": "http://www.londonbabyphotography.co.uk/wp-content/uploads/baby_photo_4.jpg",
        "SourceUrl": "http://www.londonbabyphotography.co.uk/london-baby-photography-photo-gallery",
        "DisplayUrl": "www.londonbabyphotography.co.uk/london-baby-photography-photo-gallery",
        "Width": "900",
        "Height": "600",
        "FileSize": "169730",
        "ContentType": "jpeg",
        "Thumbnail": {
          "__metadata": {
            "type": "Bing.Thumbnail"
          },
          "MediaUrl": "http://ts2.mm.bing.net/th?id=OIP.Mb65afe1cc135352c0cd2a79806f3d34eo2&pid=15.1",
          "ContentType": "jpg",
          "Width": "300",
          "Height": "200",
          "FileSize": "6993"
        }
      },
      {
        "__metadata": {
          "uri": "https://api.datamarket.azure.com/Data.ashx/Bing/Search/Image?Query='children photo'&$skip=33&$top=1",
          "type": "ImageResult"
        },
        "ID": "0e32d240-d34d-4277-bc21-cff9bcaadefe",
        "Title": "... waves with a childhood photo of his that went viral the photo in",
        "MediaUrl": "http://0.soompi.io/wp-content/uploads/2016/01/04015017/baby-do.jpg",
        "SourceUrl": "http://www.soompi.com/2016/01/04/baby-photo-of-exos-d-o-goes-viral/",
        "DisplayUrl": "www.soompi.com/2016/01/04/baby-photo-of-exos-d-o-goes-viral",
        "Width": "320",
        "Height": "310",
        "FileSize": "14612",
        "ContentType": "jpeg",
        "Thumbnail": {
          "__metadata": {
            "type": "Bing.Thumbnail"
          },
          "MediaUrl": "http://ts4.mm.bing.net/th?id=OIP.M532fc6a7a761d54620888898f8992b9eo1&pid=15.1",
          "ContentType": "jpg",
          "Width": "300",
          "Height": "290",
          "FileSize": "6783"
        }
      },
      {
        "__metadata": {
          "uri": "https://api.datamarket.azure.com/Data.ashx/Bing/Search/Image?Query='children photo'&$skip=34&$top=1",
          "type": "ImageResult"
        },
        "ID": "5590b20a-11d7-4e3c-8a18-14b90c3b0f3a",
        "Title": "Callum - Baby Photo Shoot - Melbourne Newborn Photographer | The ...",
        "MediaUrl": "http://purenewbornphotography.com.au/wp-content/uploads/2016/09/melbourne_newborn_photographer_0163.jpg",
        "SourceUrl": "http://purenewbornphotography.com.au/callum-baby-photo-shoot/",
        "DisplayUrl": "purenewbornphotography.com.au/callum-baby-photo-shoot",
        "Width": "1850",
        "Height": "619",
        "FileSize": "240430",
        "ContentType": "jpeg",
        "Thumbnail": {
          "__metadata": {
            "type": "Bing.Thumbnail"
          },
          "MediaUrl": "http://ts4.mm.bing.net/th?id=OIF.I6drOBGenqKL3IpkF9DrBg&pid=15.1",
          "ContentType": "jpg",
          "Width": "300",
          "Height": "100",
          "FileSize": "0"
        }
      },
      {
        "__metadata": {
          "uri": "https://api.datamarket.azure.com/Data.ashx/Bing/Search/Image?Query='children photo'&$skip=35&$top=1",
          "type": "ImageResult"
        },
        "ID": "dc451961-6ace-4489-b6dc-18e4d6cb1675",
        "Title": "... .com for release of Miss Peregrine’s Home For Peculiar Children",
        "MediaUrl": "http://ww1.prweb.com/prfiles/2016/09/21/13703475/gI_585560_instagram-photo.png",
        "SourceUrl": "http://uk.prweb.com/releases/2016/09/prweb13703475.htm#!",
        "DisplayUrl": "uk.prweb.com/releases/2016/09/prweb13703475.htm#!",
        "Width": "250",
        "Height": "250",
        "FileSize": "132672",
        "ContentType": "png",
        "Thumbnail": {
          "__metadata": {
            "type": "Bing.Thumbnail"
          },
          "MediaUrl": "http://ts1.mm.bing.net/th?id=OIF.8wLdxJp%2flUmuzkYkjMpumA&pid=15.1",
          "ContentType": "jpg",
          "Width": "250",
          "Height": "250",
          "FileSize": "0"
        }
      },
      {
        "__metadata": {
          "uri": "https://api.datamarket.azure.com/Data.ashx/Bing/Search/Image?Query='children photo'&$skip=36&$top=1",
          "type": "ImageResult"
        },
        "ID": "221711e4-ac90-496e-b45e-e208d6988c4a",
        "Title": "Babies",
        "MediaUrl": "http://www.hudsonphoto.com/data/photos/332_1baby_bubbles.jpg",
        "SourceUrl": "http://www.hudsonphoto.com/babies/12_14_332.html",
        "DisplayUrl": "www.hudsonphoto.com/babies/12_14_332.html",
        "Width": "750",
        "Height": "550",
        "FileSize": "123479",
        "ContentType": "jpeg",
        "Thumbnail": {
          "__metadata": {
            "type": "Bing.Thumbnail"
          },
          "MediaUrl": "http://ts3.mm.bing.net/th?id=OIP.Mcaf0be9a6d3922ea00cc33b44575ee00o0&pid=15.1",
          "ContentType": "jpg",
          "Width": "480",
          "Height": "352",
          "FileSize": "21375"
        }
      },
      {
        "__metadata": {
          "uri": "https://api.datamarket.azure.com/Data.ashx/Bing/Search/Image?Query='children photo'&$skip=37&$top=1",
          "type": "ImageResult"
        },
        "ID": "b75b8e2b-d458-4351-9a50-5832efd303ae",
        "Title": "... wonderful kids to record this special spot. Check out Nick’s PSA",
        "MediaUrl": "http://stmaryskids.org/wp-content/uploads/nick-and-kids.jpg",
        "SourceUrl": "http://stmaryskids.org/about/publications-videos/",
        "DisplayUrl": "stmaryskids.org/about/publications-videos",
        "Width": "2449",
        "Height": "1632",
        "FileSize": "2436774",
        "ContentType": "jpeg",
        "Thumbnail": {
          "__metadata": {
            "type": "Bing.Thumbnail"
          },
          "MediaUrl": "http://ts2.mm.bing.net/th?id=OIP.M9463e30dd782067bed581b858e0ffc78H0&pid=15.1",
          "ContentType": "jpg",
          "Width": "300",
          "Height": "199",
          "FileSize": "13076"
        }
      },
      {
        "__metadata": {
          "uri": "https://api.datamarket.azure.com/Data.ashx/Bing/Search/Image?Query='children photo'&$skip=38&$top=1",
          "type": "ImageResult"
        },
        "ID": "481a76d1-97d8-4ffb-8b35-55235caa798d",
        "Title": "children's lederhosen tutorial | Flickr - Photo Sharing!",
        "MediaUrl": "http://farm6.staticflickr.com/5057/5517317474_e538e6b840_z.jpg",
        "SourceUrl": "http://www.flickr.com/photos/kinderpendent/5517317474/",
        "DisplayUrl": "www.flickr.com/photos/kinderpendent/5517317474",
        "Width": "333",
        "Height": "500",
        "FileSize": "109891",
        "ContentType": "jpeg",
        "Thumbnail": {
          "__metadata": {
            "type": "Bing.Thumbnail"
          },
          "MediaUrl": "http://ts4.mm.bing.net/th?id=OIP.Ma6faa31326fd9d1cd2dda683e8646b42o2&pid=15.1",
          "ContentType": "jpg",
          "Width": "199",
          "Height": "300",
          "FileSize": "6497"
        }
      },
      {
        "__metadata": {
          "uri": "https://api.datamarket.azure.com/Data.ashx/Bing/Search/Image?Query='children photo'&$skip=39&$top=1",
          "type": "ImageResult"
        },
        "ID": "09b21014-98a4-44b5-99c1-b5fb3e0b148a",
        "Title": "... and recognize our kids graduating from their Kids Church classes",
        "MediaUrl": "http://thebridge-can.com/wp-content/uploads/2014/05/Waterfront-Nursery-Graduation-05.jpg",
        "SourceUrl": "http://thebridge-can.com/event/kids-graduation/",
        "DisplayUrl": "thebridge-can.com/event/kids-graduation",
        "Width": "2500",
        "Height": "1625",
        "FileSize": "158102",
        "ContentType": "jpeg",
        "Thumbnail": {
          "__metadata": {
            "type": "Bing.Thumbnail"
          },
          "MediaUrl": "http://ts4.mm.bing.net/th?id=OIP.M93389fb3eeddb0ed1058d042c4dd9121H0&pid=15.1",
          "ContentType": "jpg",
          "Width": "300",
          "Height": "195",
          "FileSize": "10065"
        }
      },
      {
        "__metadata": {
          "uri": "https://api.datamarket.azure.com/Data.ashx/Bing/Search/Image?Query='children photo'&$skip=40&$top=1",
          "type": "ImageResult"
        },
        "ID": "e9394d10-5aa9-4f75-bacb-b2ce9231411b",
        "Title": "Design of kids photo frame — Stock Photo © o_april #11343976",
        "MediaUrl": "http://static9.depositphotos.com/1007388/1134/i/950/depositphotos_11343976-Design-of-kids-photo-frame.jpg",
        "SourceUrl": "http://depositphotos.com/11343976/stock-photo-design-of-kids-photo-frame.html",
        "DisplayUrl": "depositphotos.com/11343976/stock-photo-design-of-kids-photo-frame.html",
        "Width": "1024",
        "Height": "1024",
        "FileSize": "245722",
        "ContentType": "jpeg",
        "Thumbnail": {
          "__metadata": {
            "type": "Bing.Thumbnail"
          },
          "MediaUrl": "http://ts2.mm.bing.net/th?id=OIP.M6c74f7d6cef25872d42f8f9c3a34805ao0&pid=15.1",
          "ContentType": "jpg",
          "Width": "300",
          "Height": "300",
          "FileSize": "13984"
        }
      },
      {
        "__metadata": {
          "uri": "https://api.datamarket.azure.com/Data.ashx/Bing/Search/Image?Query='children photo'&$skip=41&$top=1",
          "type": "ImageResult"
        },
        "ID": "a44fa7ce-8417-4baa-b8a4-930bfdd0519e",
        "Title": "Less than 24 hours after posting the photo to Facebook, a woman saw ...",
        "MediaUrl": "http://cdn4.littlethings.com/app/uploads/2016/09/hand-1652159_1280-600x399.jpg",
        "SourceUrl": "http://www.littlethings.com/photo-of-stillborn-baby/",
        "DisplayUrl": "www.littlethings.com/photo-of-stillborn-baby",
        "Width": "600",
        "Height": "399",
        "FileSize": "19457",
        "ContentType": "jpeg",
        "Thumbnail": {
          "__metadata": {
            "type": "Bing.Thumbnail"
          },
          "MediaUrl": "http://ts4.mm.bing.net/th?id=OIF.NqXyZ5VeJtldlUz%2bbILFsw&pid=15.1",
          "ContentType": "jpg",
          "Width": "300",
          "Height": "199",
          "FileSize": "0"
        }
      },
      {
        "__metadata": {
          "uri": "https://api.datamarket.azure.com/Data.ashx/Bing/Search/Image?Query='children photo'&$skip=42&$top=1",
          "type": "ImageResult"
        },
        "ID": "a02d4554-e98b-4332-80ce-c56342e52fb8",
        "Title": "Children & Poverty, Zimbabwe Editorial Photography - Image: 40099197",
        "MediaUrl": "http://thumbs.dreamstime.com/z/children-poverty-zimbabwe-photo-depicts-group-gokwe-north-area-given-current-situation-country-40099197.jpg",
        "SourceUrl": "http://www.dreamstime.com/royalty-free-stock-photography-children-poverty-zimbabwe-photo-depicts-group-gokwe-north-area-given-current-situation-country-image40099197",
        "DisplayUrl": "www.dreamstime.com/royalty-free-stock-photography-children-poverty...",
        "Width": "1300",
        "Height": "991",
        "FileSize": "219234",
        "ContentType": "jpeg",
        "Thumbnail": {
          "__metadata": {
            "type": "Bing.Thumbnail"
          },
          "MediaUrl": "http://ts1.mm.bing.net/th?id=OIP.Mf4b88be7fc35936b50c7413732245c10o0&pid=15.1",
          "ContentType": "jpg",
          "Width": "300",
          "Height": "228",
          "FileSize": "21473"
        }
      },
      {
        "__metadata": {
          "uri": "https://api.datamarket.azure.com/Data.ashx/Bing/Search/Image?Query='children photo'&$skip=43&$top=1",
          "type": "ImageResult"
        },
        "ID": "2ad22f62-d039-4d96-8afc-2bee79889da0",
        "Title": "Andrea Umbach, Psy.D. Licensed Psychologist Southeast Psych",
        "MediaUrl": "https://expertbeacon.com/sites/default/files/what_can_i_do_for_my_anxious_child.jpg",
        "SourceUrl": "https://expertbeacon.com/what-can-i-do-my-anxious-child",
        "DisplayUrl": "https://expertbeacon.com/what-can-i-do-my-anxious-child",
        "Width": "1200",
        "Height": "800",
        "FileSize": "625100",
        "ContentType": "jpeg",
        "Thumbnail": {
          "__metadata": {
            "type": "Bing.Thumbnail"
          },
          "MediaUrl": "http://ts2.mm.bing.net/th?id=OIP.M1fe3d1a7f71afa6a4af068f8f6309474o2&pid=15.1",
          "ContentType": "jpg",
          "Width": "300",
          "Height": "200",
          "FileSize": "6763"
        }
      },
      {
        "__metadata": {
          "uri": "https://api.datamarket.azure.com/Data.ashx/Bing/Search/Image?Query='children photo'&$skip=44&$top=1",
          "type": "ImageResult"
        },
        "ID": "df97245d-a30e-4a4f-a1d2-9577c9de22eb",
        "Title": "Marching children. | Flickr - Photo Sharing!",
        "MediaUrl": "http://farm4.staticflickr.com/3556/3404360978_613e97f713_z.jpg",
        "SourceUrl": "http://www.flickr.com/photos/26315381@N06/3404360978/",
        "DisplayUrl": "www.flickr.com/photos/26315381@N06/3404360978",
        "Width": "331",
        "Height": "500",
        "FileSize": "127798",
        "ContentType": "jpeg",
        "Thumbnail": {
          "__metadata": {
            "type": "Bing.Thumbnail"
          },
          "MediaUrl": "http://ts3.mm.bing.net/th?id=OIP.M373e22ea489ff201be02ec6cc8ade508o0&pid=15.1",
          "ContentType": "jpg",
          "Width": "198",
          "Height": "300",
          "FileSize": "13268"
        }
      },
      {
        "__metadata": {
          "uri": "https://api.datamarket.azure.com/Data.ashx/Bing/Search/Image?Query='children photo'&$skip=45&$top=1",
          "type": "ImageResult"
        },
        "ID": "70c95303-48aa-4171-8c1e-bf07322fd3c6",
        "Title": "Does Your Child Have Apraxia of Speech? Disorders in Children",
        "MediaUrl": "http://www.speechbuddy.com/blog/wp-content/uploads/2012/10/speech14.jpg",
        "SourceUrl": "https://www.speechbuddy.com/blog/speech-disorders/does-your-child-have-childhood-apraxia-of-speech-cas/",
        "DisplayUrl": "https://www.speechbuddy.com/blog/speech-disorders/does-your-child...",
        "Width": "550",
        "Height": "340",
        "FileSize": "34558",
        "ContentType": "jpeg",
        "Thumbnail": {
          "__metadata": {
            "type": "Bing.Thumbnail"
          },
          "MediaUrl": "http://ts1.mm.bing.net/th?id=OIP.M5c6891a825207b2cf024e859188499bbo0&pid=15.1",
          "ContentType": "jpg",
          "Width": "300",
          "Height": "185",
          "FileSize": "4984"
        }
      },
      {
        "__metadata": {
          "uri": "https://api.datamarket.azure.com/Data.ashx/Bing/Search/Image?Query='children photo'&$skip=46&$top=1",
          "type": "ImageResult"
        },
        "ID": "2fc70795-0503-4007-8f78-b994753b5a74",
        "Title": "... These Hilariously Adorable Kids Will Make You Smile (32 photos",
        "MediaUrl": "http://klyker.com/wp-content/uploads/2016/09/funny-kids-27.jpg",
        "SourceUrl": "http://klyker.com/funny-kids-destroying-things/funny-kids-27-2/",
        "DisplayUrl": "klyker.com/funny-kids-destroying-things/funny-kids-27-2",
        "Width": "600",
        "Height": "637",
        "FileSize": "32304",
        "ContentType": "jpeg",
        "Thumbnail": {
          "__metadata": {
            "type": "Bing.Thumbnail"
          },
          "MediaUrl": "http://ts1.mm.bing.net/th?id=OIF.bOJCWtpht6m2%2bOtm0j4mTw&pid=15.1",
          "ContentType": "jpg",
          "Width": "282",
          "Height": "300",
          "FileSize": "0"
        }
      },
      {
        "__metadata": {
          "uri": "https://api.datamarket.azure.com/Data.ashx/Bing/Search/Image?Query='children photo'&$skip=47&$top=1",
          "type": "ImageResult"
        },
        "ID": "fc5ea858-dda6-4c35-af8a-c8389c0e3d02",
        "Title": "... These Hilariously Adorable Kids Will Make You Smile (32 photos",
        "MediaUrl": "http://klyker.com/wp-content/uploads/2016/09/funny-kids-31.jpg",
        "SourceUrl": "http://klyker.com/funny-kids-destroying-things/funny-kids-31-2/",
        "DisplayUrl": "klyker.com/funny-kids-destroying-things/funny-kids-31-2",
        "Width": "600",
        "Height": "903",
        "FileSize": "36522",
        "ContentType": "jpeg",
        "Thumbnail": {
          "__metadata": {
            "type": "Bing.Thumbnail"
          },
          "MediaUrl": "http://ts2.mm.bing.net/th?id=OIF.n8jjddAF5X6mtBF3ALnsOA&pid=15.1",
          "ContentType": "jpg",
          "Width": "199",
          "Height": "300",
          "FileSize": "0"
        }
      },
      {
        "__metadata": {
          "uri": "https://api.datamarket.azure.com/Data.ashx/Bing/Search/Image?Query='children photo'&$skip=48&$top=1",
          "type": "ImageResult"
        },
        "ID": "34a1009c-6bbf-4df6-b447-fa807353a7e6",
        "Title": "Baby Photo Tattoos Gone Bad",
        "MediaUrl": "http://a.dilcdn.com/bl/wp-content/uploads/sites/8/2011/09/baby-photo-tattoos-gone-bad-13.jpg",
        "SourceUrl": "http://www.babble.com/baby/25-failed-baby-photo-tattoos/",
        "DisplayUrl": "www.babble.com/baby/25-failed-baby-photo-tattoos",
        "Width": "600",
        "Height": "393",
        "FileSize": "264437",
        "ContentType": "jpeg",
        "Thumbnail": {
          "__metadata": {
            "type": "Bing.Thumbnail"
          },
          "MediaUrl": "http://ts3.mm.bing.net/th?id=OIP.M32743fe38de6bf628e560583900639c8H0&pid=15.1",
          "ContentType": "jpg",
          "Width": "300",
          "Height": "196",
          "FileSize": "13361"
        }
      },
      {
        "__metadata": {
          "uri": "https://api.datamarket.azure.com/Data.ashx/Bing/Search/Image?Query='children photo'&$skip=49&$top=1",
          "type": "ImageResult"
        },
        "ID": "b8f744e2-b694-431c-83cb-a94ff35e5caa",
        "Title": "Happy Children’s Day With Cartoon Kids • Elsoar",
        "MediaUrl": "http://photo.elsoar.com/wp-content/images/Children-playing-with-sand.jpg",
        "SourceUrl": "http://photo.elsoar.com/happy-childrens-day-with-cartoon-kids.html",
        "DisplayUrl": "photo.elsoar.com/happy-childrens-day-with-cartoon-kids.html",
        "Width": "1280",
        "Height": "1095",
        "FileSize": "430035",
        "ContentType": "jpeg",
        "Thumbnail": {
          "__metadata": {
            "type": "Bing.Thumbnail"
          },
          "MediaUrl": "http://ts3.mm.bing.net/th?id=OIP.M6f4c07e924a86ba28606b533e6d5841fo0&pid=15.1",
          "ContentType": "jpg",
          "Width": "300",
          "Height": "256",
          "FileSize": "20098"
        }
      }
    ],
    "__next": "https://api.datamarket.azure.com/Data.ashx/Bing/Search/Image?Query='children%20photo'&$skip=50&$top=50"
  }
}