{
  "d": {
    "results": [
      {
        "__metadata": {
          "uri": "https://api.datamarket.azure.com/Data.ashx/Bing/Search/Image?Query='family'&$skip=0&$top=1",
          "type": "ImageResult"
        },
        "ID": "008dbeeb-c1b0-4acf-b4e8-a03c7ff8a1ef",
        "Title": "File:Gansler family at home.jpg - Wikipedia, the free encyclopedia",
        "MediaUrl": "http://upload.wikimedia.org/wikipedia/en/d/d4/Gansler_family_at_home.jpg",
        "SourceUrl": "http://en.wikipedia.org/wiki/file:gansler_family_at_home.jpg",
        "DisplayUrl": "en.wikipedia.org/wiki/file:gansler_family_at_home.jpg",
        "Width": "2757",
        "Height": "1838",
        "FileSize": "2032656",
        "ContentType": "jpeg",
        "Thumbnail": {
          "__metadata": {
            "type": "Bing.Thumbnail"
          },
          "MediaUrl": "http://ts2.mm.bing.net/th?id=OIP.M6dc8e5cfb91fbfd95340dd64d3584517o0&pid=15.1",
          "ContentType": "jpg",
          "Width": "300",
          "Height": "200",
          "FileSize": "13537"
        }
      },
      {
        "__metadata": {
          "uri": "https://api.datamarket.azure.com/Data.ashx/Bing/Search/Image?Query='family'&$skip=1&$top=1",
          "type": "ImageResult"
        },
        "ID": "ccc3a3fd-00ea-42a3-9753-72bd6b7ab2e4",
        "Title": "My family",
        "MediaUrl": "http://simpson.edu/wp-content/uploads/2012/07/My-family2.jpg",
        "SourceUrl": "http://simpson.edu/advanced_bio/7136/my-family-3/",
        "DisplayUrl": "simpson.edu/advanced_bio/7136/my-family-3",
        "Width": "3296",
        "Height": "2472",
        "FileSize": "1123112",
        "ContentType": "jpeg",
        "Thumbnail": {
          "__metadata": {
            "type": "Bing.Thumbnail"
          },
          "MediaUrl": "http://ts4.mm.bing.net/th?id=OIP.Mb8caf8efbfdc6c48d90eddca82de6bb1H0&pid=15.1",
          "ContentType": "jpg",
          "Width": "300",
          "Height": "225",
          "FileSize": "17679"
        }
      },
      {
        "__metadata": {
          "uri": "https://api.datamarket.azure.com/Data.ashx/Bing/Search/Image?Query='family'&$skip=2&$top=1",
          "type": "ImageResult"
        },
        "ID": "bb2a01d6-2214-4908-9524-cd476d555c7b",
        "Title": "Insights from an Observer: On Family (10-16-14) - Renegade ...",
        "MediaUrl": "http://www.renegadebroadcasting.com/media/happy-family2.jpg",
        "SourceUrl": "http://www.renegadebroadcasting.com/insights-observer-family-10-16-14/",
        "DisplayUrl": "www.renegadebroadcasting.com/insights-observer-family-10-16-14",
        "Width": "1698",
        "Height": "1131",
        "FileSize": "1399590",
        "ContentType": "jpeg",
        "Thumbnail": {
          "__metadata": {
            "type": "Bing.Thumbnail"
          },
          "MediaUrl": "http://ts1.mm.bing.net/th?id=OIP.M1994e8b2e62b363d82b685f46bf7b8efo0&pid=15.1",
          "ContentType": "jpg",
          "Width": "300",
          "Height": "199",
          "FileSize": "9291"
        }
      },
      {
        "__metadata": {
          "uri": "https://api.datamarket.azure.com/Data.ashx/Bing/Search/Image?Query='family'&$skip=3&$top=1",
          "type": "ImageResult"
        },
        "ID": "fef47d51-a5c5-4c84-9056-65ac5c1e1223",
        "Title": "Description Filipino family.jpg",
        "MediaUrl": "http://upload.wikimedia.org/wikipedia/commons/6/68/Filipino_family.jpg",
        "SourceUrl": "http://commons.wikimedia.org/wiki/File:Filipino_family.jpg",
        "DisplayUrl": "commons.wikimedia.org/wiki/File:Filipino_family.jpg",
        "Width": "3872",
        "Height": "2592",
        "FileSize": "3387700",
        "ContentType": "jpeg",
        "Thumbnail": {
          "__metadata": {
            "type": "Bing.Thumbnail"
          },
          "MediaUrl": "http://ts1.mm.bing.net/th?id=OIP.Mfcb73c1efabaa90bf899360bcf86e19cH0&pid=15.1",
          "ContentType": "jpg",
          "Width": "300",
          "Height": "200",
          "FileSize": "8676"
        }
      },
      {
        "__metadata": {
          "uri": "https://api.datamarket.azure.com/Data.ashx/Bing/Search/Image?Query='family'&$skip=4&$top=1",
          "type": "ImageResult"
        },
        "ID": "61d01354-301b-421e-97e5-699839e4847f",
        "Title": "File:Family drinking juice (2).jpg - Wikimedia Commons",
        "MediaUrl": "http://upload.wikimedia.org/wikipedia/commons/7/7d/Family_drinking_juice_(2).jpg",
        "SourceUrl": "http://commons.wikimedia.org/wiki/File:Family_drinking_juice_(2).jpg",
        "DisplayUrl": "commons.wikimedia.org/wiki/File:Family_drinking_juice_(2).jpg",
        "Width": "3000",
        "Height": "2260",
        "FileSize": "928194",
        "ContentType": "jpeg",
        "Thumbnail": {
          "__metadata": {
            "type": "Bing.Thumbnail"
          },
          "MediaUrl": "http://ts2.mm.bing.net/th?id=OIP.M5250abf2ab1803e52e6a75ee8a7f4a71H0&pid=15.1",
          "ContentType": "jpg",
          "Width": "300",
          "Height": "226",
          "FileSize": "14253"
        }
      },
      {
        "__metadata": {
          "uri": "https://api.datamarket.azure.com/Data.ashx/Bing/Search/Image?Query='family'&$skip=5&$top=1",
          "type": "ImageResult"
        },
        "ID": "952d72e3-84c6-41b9-8615-6d87937309e1",
        "Title": "Friends and Family / Big Family.jpg",
        "MediaUrl": "http://www.joemazza.net/Assets/Digital_photos/Family%20and%20Friends/images/Big%20Family_jpg.jpg",
        "SourceUrl": "http://www.joemazza.net/Assets/Digital_photos/Family%20and%20Friends/pages/Big%20Family_jpg.htm",
        "DisplayUrl": "www.joemazza.net/Assets/Digital_photos/Family and Friends/pages/Big...",
        "Width": "1000",
        "Height": "633",
        "FileSize": "153043",
        "ContentType": "jpeg",
        "Thumbnail": {
          "__metadata": {
            "type": "Bing.Thumbnail"
          },
          "MediaUrl": "http://ts2.mm.bing.net/th?id=OIP.M58ac27581c894eeefd752d16af4c71b5H0&pid=15.1",
          "ContentType": "jpg",
          "Width": "300",
          "Height": "189",
          "FileSize": "16483"
        }
      },
      {
        "__metadata": {
          "uri": "https://api.datamarket.azure.com/Data.ashx/Bing/Search/Image?Query='family'&$skip=6&$top=1",
          "type": "ImageResult"
        },
        "ID": "faf017e3-bc3f-4256-8f15-adc0c7202a4e",
        "Title": "... family relationships, co-parenting abilities, and decreasing family",
        "MediaUrl": "http://www.thestonecenternc.com/wp-content/uploads/2014/03/happy-family1.jpg",
        "SourceUrl": "http://www.thestonecenternc.com/professional-services/family-counseling/",
        "DisplayUrl": "www.thestonecenternc.com/professional-services/family-counseling",
        "Width": "2489",
        "Height": "959",
        "FileSize": "430398",
        "ContentType": "jpeg",
        "Thumbnail": {
          "__metadata": {
            "type": "Bing.Thumbnail"
          },
          "MediaUrl": "http://ts4.mm.bing.net/th?id=OIP.M3a4df202d9e08e072c09b4b1dd214a4eo0&pid=15.1",
          "ContentType": "jpg",
          "Width": "300",
          "Height": "115",
          "FileSize": "7545"
        }
      },
      {
        "__metadata": {
          "uri": "https://api.datamarket.azure.com/Data.ashx/Bing/Search/Image?Query='family'&$skip=7&$top=1",
          "type": "ImageResult"
        },
        "ID": "5e5aaa5b-2cc0-4c6b-99c6-24b55db840fc",
        "Title": "Beck family",
        "MediaUrl": "http://news.uns.purdue.edu/images/+2005/beck-family.jpg",
        "SourceUrl": "http://news.uns.purdue.edu/x/2007b/071031CelBeckDedication.html",
        "DisplayUrl": "news.uns.purdue.edu/x/2007b/071031CelBeckDedication.html",
        "Width": "2400",
        "Height": "1690",
        "FileSize": "2908867",
        "ContentType": "jpeg",
        "Thumbnail": {
          "__metadata": {
            "type": "Bing.Thumbnail"
          },
          "MediaUrl": "http://ts1.mm.bing.net/th?id=OIP.M7d4a111567e2e1a206997b9f051ee81bo0&pid=15.1",
          "ContentType": "jpg",
          "Width": "300",
          "Height": "211",
          "FileSize": "19178"
        }
      },
      {
        "__metadata": {
          "uri": "https://api.datamarket.azure.com/Data.ashx/Bing/Search/Image?Query='family'&$skip=8&$top=1",
          "type": "ImageResult"
        },
        "ID": "c0402204-69a0-48da-8126-0a27e50e08aa",
        "Title": "Reminisce...: Wedding Family Photo",
        "MediaUrl": "http://2.bp.blogspot.com/-J1FHCNDZiO0/UKzMvIJq5gI/AAAAAAAALtk/f1xPxFnHNaY/s1600/Thompson+Family.jpg",
        "SourceUrl": "http://lindathompson.blogspot.com/2012/11/wedding-family-photo.html",
        "DisplayUrl": "lindathompson.blogspot.com/2012/11/wedding-family-photo.html",
        "Width": "1600",
        "Height": "1067",
        "FileSize": "447090",
        "ContentType": "jpeg",
        "Thumbnail": {
          "__metadata": {
            "type": "Bing.Thumbnail"
          },
          "MediaUrl": "http://ts1.mm.bing.net/th?id=OIP.M5e6578a6de7fb7ad122287d730c209c3o0&pid=15.1",
          "ContentType": "jpg",
          "Width": "300",
          "Height": "200",
          "FileSize": "19131"
        }
      },
      {
        "__metadata": {
          "uri": "https://api.datamarket.azure.com/Data.ashx/Bing/Search/Image?Query='family'&$skip=9&$top=1",
          "type": "ImageResult"
        },
        "ID": "9ece0b60-d729-475e-86b8-ab697e16110b",
        "Title": "Because generous donors like you, over 3600 children have forever ...",
        "MediaUrl": "http://www.lifesongfororphans.org/wp-content/uploads/2013/11/The-Hatfield-Family-0322.jpeg",
        "SourceUrl": "http://www.lifesongfororphans.org/blog/2013/11/honor-an-adopted-child-you-know-by-giving-a-gift/",
        "DisplayUrl": "www.lifesongfororphans.org/blog/2013/11/honor-an-adopted-child-you...",
        "Width": "3500",
        "Height": "2333",
        "FileSize": "1966699",
        "ContentType": "jpeg",
        "Thumbnail": {
          "__metadata": {
            "type": "Bing.Thumbnail"
          },
          "MediaUrl": "http://ts1.mm.bing.net/th?id=OIP.M44be4da43555a63179d011655648bc7eo0&pid=15.1",
          "ContentType": "jpg",
          "Width": "300",
          "Height": "199",
          "FileSize": "18886"
        }
      },
      {
        "__metadata": {
          "uri": "https://api.datamarket.azure.com/Data.ashx/Bing/Search/Image?Query='family'&$skip=10&$top=1",
          "type": "ImageResult"
        },
        "ID": "ebe4eac3-7159-4c24-90a3-32eff60affdc",
        "Title": "family30",
        "MediaUrl": "http://www.hughwhitlock.com/wp-content/uploads/2012/02/family30.jpg",
        "SourceUrl": "http://www.hughwhitlock.com/family-law",
        "DisplayUrl": "www.hughwhitlock.com/family-law",
        "Width": "565",
        "Height": "375",
        "FileSize": "123927",
        "ContentType": "jpeg",
        "Thumbnail": {
          "__metadata": {
            "type": "Bing.Thumbnail"
          },
          "MediaUrl": "http://ts1.mm.bing.net/th?id=OIP.M1f3c072daf58a7cb72fb51cca5ab0101o0&pid=15.1",
          "ContentType": "jpg",
          "Width": "300",
          "Height": "199",
          "FileSize": "10497"
        }
      },
      {
        "__metadata": {
          "uri": "https://api.datamarket.azure.com/Data.ashx/Bing/Search/Image?Query='family'&$skip=11&$top=1",
          "type": "ImageResult"
        },
        "ID": "c5ab162f-45f4-415d-b370-dd89c8026df9",
        "Title": "Military Family",
        "MediaUrl": "http://blogs.extension.org/militaryfamilies/files/2012/02/Military-Family.jpg",
        "SourceUrl": "http://blogs.extension.org/militaryfamilies/2012/02/14/to-be-passionate-about-working-with-military-families",
        "DisplayUrl": "blogs.extension.org/militaryfamilies/2012/02/14/to-be-passionate...",
        "Width": "5935",
        "Height": "4432",
        "FileSize": "10889046",
        "ContentType": "jpeg",
        "Thumbnail": {
          "__metadata": {
            "type": "Bing.Thumbnail"
          },
          "MediaUrl": "http://ts2.mm.bing.net/th?id=OIP.M137fa22461c266930869a789e7d8a77eH0&pid=15.1",
          "ContentType": "jpg",
          "Width": "480",
          "Height": "358",
          "FileSize": "35623"
        }
      },
      {
        "__metadata": {
          "uri": "https://api.datamarket.azure.com/Data.ashx/Bing/Search/Image?Query='family'&$skip=12&$top=1",
          "type": "ImageResult"
        },
        "ID": "a2d0f121-058f-4085-bd36-64b5abc29925",
        "Title": "Family Standing Behind a Car at a Picnic Spot",
        "MediaUrl": "http://bnhealthy.org/wp-content/uploads/2012/06/family2.jpg",
        "SourceUrl": "http://bnhealthy.org/archive/482/make-time-for-family-matter",
        "DisplayUrl": "bnhealthy.org/archive/482/make-time-for-family-matter",
        "Width": "1024",
        "Height": "1024",
        "FileSize": "319415",
        "ContentType": "jpeg",
        "Thumbnail": {
          "__metadata": {
            "type": "Bing.Thumbnail"
          },
          "MediaUrl": "http://ts1.mm.bing.net/th?id=OIP.Mb73b7f9f107f17c1f9cba2abcacdfbddH0&pid=15.1",
          "ContentType": "jpg",
          "Width": "300",
          "Height": "300",
          "FileSize": "19858"
        }
      },
      {
        "__metadata": {
          "uri": "https://api.datamarket.azure.com/Data.ashx/Bing/Search/Image?Query='family'&$skip=13&$top=1",
          "type": "ImageResult"
        },
        "ID": "53205e9a-2345-4e4f-92c9-7c6e52f6b662",
        "Title": "McCarty Family Farms | McCarty Family Farms helps feed the world",
        "MediaUrl": "http://mccartyfamilyfarms.com/wp-content/uploads/2012/06/McCarty-Family-edited1.jpg",
        "SourceUrl": "http://mccartyfamilyfarms.com/",
        "DisplayUrl": "mccartyfamilyfarms.com",
        "Width": "4265",
        "Height": "2457",
        "FileSize": "3840597",
        "ContentType": "jpeg",
        "Thumbnail": {
          "__metadata": {
            "type": "Bing.Thumbnail"
          },
          "MediaUrl": "http://ts3.mm.bing.net/th?id=OIP.M5e91a35a9bc677f0cdffada674d519eeH0&pid=15.1",
          "ContentType": "jpg",
          "Width": "300",
          "Height": "172",
          "FileSize": "18782"
        }
      },
      {
        "__metadata": {
          "uri": "https://api.datamarket.azure.com/Data.ashx/Bing/Search/Image?Query='family'&$skip=14&$top=1",
          "type": "ImageResult"
        },
        "ID": "a56ae0fe-6234-4b42-94d0-27e5e8e1eeaf",
        "Title": "Welcome to Gilbert Center for Family Medicine",
        "MediaUrl": "http://gilbertcenter.net/wp-content/uploads/2012/06/Family-care.png",
        "SourceUrl": "http://gilbertcenter.net/",
        "DisplayUrl": "gilbertcenter.net",
        "Width": "593",
        "Height": "410",
        "FileSize": "441731",
        "ContentType": "png",
        "Thumbnail": {
          "__metadata": {
            "type": "Bing.Thumbnail"
          },
          "MediaUrl": "http://ts3.mm.bing.net/th?id=OIP.M0024c3b3661ffea21d0ad71d0ed04858H0&pid=15.1",
          "ContentType": "jpg",
          "Width": "300",
          "Height": "207",
          "FileSize": "11133"
        }
      },
      {
        "__metadata": {
          "uri": "https://api.datamarket.azure.com/Data.ashx/Bing/Search/Image?Query='family'&$skip=15&$top=1",
          "type": "ImageResult"
        },
        "ID": "d917bf71-2ff6-4265-b0c6-ff03656144b6",
        "Title": "Family relationships | Family Ocean Quotes",
        "MediaUrl": "http://www.familyocean.com/gallery/family-relationships/family_relationships_1.jpg",
        "SourceUrl": "http://www.familyocean.com/family-relationships/",
        "DisplayUrl": "www.familyocean.com/family-relationships",
        "Width": "1024",
        "Height": "682",
        "FileSize": "152047",
        "ContentType": "jpeg",
        "Thumbnail": {
          "__metadata": {
            "type": "Bing.Thumbnail"
          },
          "MediaUrl": "http://ts2.mm.bing.net/th?id=OIP.Me86333a205429a0943cc1c5b58b77a8eo0&pid=15.1",
          "ContentType": "jpg",
          "Width": "300",
          "Height": "199",
          "FileSize": "12216"
        }
      },
      {
        "__metadata": {
          "uri": "https://api.datamarket.azure.com/Data.ashx/Bing/Search/Image?Query='family'&$skip=16&$top=1",
          "type": "ImageResult"
        },
        "ID": "8dee015b-9e3e-4440-b38e-0ef84c9907e3",
        "Title": "The Morris Family at Sarah's Graduation",
        "MediaUrl": "http://www.cgl.ucsf.edu/home/scooter/photos/Family-Sarahs-Graduation.png",
        "SourceUrl": "http://www.cgl.ucsf.edu/home/scooter/photos/pictures.html",
        "DisplayUrl": "www.cgl.ucsf.edu/home/scooter/photos/pictures.html",
        "Width": "3008",
        "Height": "2000",
        "FileSize": "8288451",
        "ContentType": "png",
        "Thumbnail": {
          "__metadata": {
            "type": "Bing.Thumbnail"
          },
          "MediaUrl": "http://ts3.mm.bing.net/th?id=OIP.Mc68056584004ca5c4f6d7fdf73604059H0&pid=15.1",
          "ContentType": "jpg",
          "Width": "300",
          "Height": "199",
          "FileSize": "10325"
        }
      },
      {
        "__metadata": {
          "uri": "https://api.datamarket.azure.com/Data.ashx/Bing/Search/Image?Query='family'&$skip=17&$top=1",
          "type": "ImageResult"
        },
        "ID": "4cae78cf-9898-41d4-be66-22b1b1ed3025",
        "Title": "Family Portrait by VOS, Cornelis de",
        "MediaUrl": "http://www.wga.hu/art/v/vos/cornelis/familypo.jpg",
        "SourceUrl": "http://www.wga.hu/html_m/v/vos/cornelis/familypo.html",
        "DisplayUrl": "www.wga.hu/html_m/v/vos/cornelis/familypo.html",
        "Width": "1134",
        "Height": "800",
        "FileSize": "131654",
        "ContentType": "jpeg",
        "Thumbnail": {
          "__metadata": {
            "type": "Bing.Thumbnail"
          },
          "MediaUrl": "http://ts3.mm.bing.net/th?id=OIP.Md3cdfda7dd4c71e162d47597e33fefc9o0&pid=15.1",
          "ContentType": "jpg",
          "Width": "300",
          "Height": "211",
          "FileSize": "9548"
        }
      },
      {
        "__metadata": {
          "uri": "https://api.datamarket.azure.com/Data.ashx/Bing/Search/Image?Query='family'&$skip=18&$top=1",
          "type": "ImageResult"
        },
        "ID": "94826867-0ae4-4d95-be60-9ca1cae48a1a",
        "Title": "The Schilling Family (Photo by Eric Levin)",
        "MediaUrl": "http://38pitches.files.wordpress.com/2007/03/schilling-family.jpg",
        "SourceUrl": "http://38pitches.wordpress.com/photos/",
        "DisplayUrl": "38pitches.wordpress.com/photos",
        "Width": "640",
        "Height": "428",
        "FileSize": "81412",
        "ContentType": "jpeg",
        "Thumbnail": {
          "__metadata": {
            "type": "Bing.Thumbnail"
          },
          "MediaUrl": "http://ts3.mm.bing.net/th?id=OIP.M4454daf042bfdd948d225d5919d3fe7bo0&pid=15.1",
          "ContentType": "jpg",
          "Width": "300",
          "Height": "200",
          "FileSize": "14581"
        }
      },
      {
        "__metadata": {
          "uri": "https://api.datamarket.azure.com/Data.ashx/Bing/Search/Image?Query='family'&$skip=19&$top=1",
          "type": "ImageResult"
        },
        "ID": "0823e9b3-7883-46a4-b399-2c79a4151e10",
        "Title": "Families With Firearms | Limatunes' Range Diaries",
        "MediaUrl": "https://limatunesrangediaries.files.wordpress.com/2015/04/family-ties.jpg",
        "SourceUrl": "https://limatunesrangediaries.wordpress.com/families-with-firearms/",
        "DisplayUrl": "https://limatunesrangediaries.wordpress.com/families-with-firearms",
        "Width": "960",
        "Height": "640",
        "FileSize": "360124",
        "ContentType": "jpeg",
        "Thumbnail": {
          "__metadata": {
            "type": "Bing.Thumbnail"
          },
          "MediaUrl": "http://ts4.mm.bing.net/th?id=OIP.M47faf19b74e01c215a1d989ce23adc02o0&pid=15.1",
          "ContentType": "jpg",
          "Width": "300",
          "Height": "200",
          "FileSize": "7569"
        }
      },
      {
        "__metadata": {
          "uri": "https://api.datamarket.azure.com/Data.ashx/Bing/Search/Image?Query='family'&$skip=20&$top=1",
          "type": "ImageResult"
        },
        "ID": "5cafaf3c-9320-4749-9f99-4043f68feea4",
        "Title": "Washington Island Adventure [family portrait photographer on location ...",
        "MediaUrl": "https://capturingthecreativity.files.wordpress.com/2012/07/family-portrait-photographer1.jpg",
        "SourceUrl": "https://capturingthecreativity.wordpress.com/2012/07/07/washington-island-adventure-family-portrait-photographer-on-location/",
        "DisplayUrl": "https://capturingthecreativity.wordpress.com/2012/07/07/washington...",
        "Width": "4439",
        "Height": "2959",
        "FileSize": "10084335",
        "ContentType": "jpeg",
        "Thumbnail": {
          "__metadata": {
            "type": "Bing.Thumbnail"
          },
          "MediaUrl": "http://ts4.mm.bing.net/th?id=OIP.M193d665b18993418503532d182668540o0&pid=15.1",
          "ContentType": "jpg",
          "Width": "300",
          "Height": "199",
          "FileSize": "23643"
        }
      },
      {
        "__metadata": {
          "uri": "https://api.datamarket.azure.com/Data.ashx/Bing/Search/Image?Query='family'&$skip=21&$top=1",
          "type": "ImageResult"
        },
        "ID": "57725e96-6392-43a0-97fb-bee23f9de202",
        "Title": "Happy family laying down one the other.",
        "MediaUrl": "http://theartmad.com/wp-content/uploads/2015/04/Happy-Family-6.jpg",
        "SourceUrl": "http://theartmad.com/happy-family/",
        "DisplayUrl": "theartmad.com/happy-family",
        "Width": "1534",
        "Height": "2580",
        "FileSize": "2624467",
        "ContentType": "jpeg",
        "Thumbnail": {
          "__metadata": {
            "type": "Bing.Thumbnail"
          },
          "MediaUrl": "http://ts4.mm.bing.net/th?id=OIP.Mee0378ce90041d16e2d010b61c4cc64co2&pid=15.1",
          "ContentType": "jpg",
          "Width": "178",
          "Height": "300",
          "FileSize": "14093"
        }
      },
      {
        "__metadata": {
          "uri": "https://api.datamarket.azure.com/Data.ashx/Bing/Search/Image?Query='family'&$skip=22&$top=1",
          "type": "ImageResult"
        },
        "ID": "855bcc3a-961e-4de9-bce0-683405b80da9",
        "Title": "... for coordinating this and for bringing your whole family to meet me",
        "MediaUrl": "http://cncmomentsblog.com/wp-content/uploads/2012/02/cnc-moments-photography-extended-family-frisco-photographer.jpg",
        "SourceUrl": "http://cncmomentsblog.com/2012/02/11/one-big-happy-family-frisco-family-photographer/",
        "DisplayUrl": "cncmomentsblog.com/2012/02/11/one-big-happy-family-frisco-family...",
        "Width": "1800",
        "Height": "1200",
        "FileSize": "333068",
        "ContentType": "jpeg",
        "Thumbnail": {
          "__metadata": {
            "type": "Bing.Thumbnail"
          },
          "MediaUrl": "http://ts3.mm.bing.net/th?id=OIP.Ma8627bab53de0049d060cf0469a36761H0&pid=15.1",
          "ContentType": "jpg",
          "Width": "300",
          "Height": "200",
          "FileSize": "22945"
        }
      },
      {
        "__metadata": {
          "uri": "https://api.datamarket.azure.com/Data.ashx/Bing/Search/Image?Query='family'&$skip=23&$top=1",
          "type": "ImageResult"
        },
        "ID": "3e6bdd00-c159-4fd7-bd0a-3020a741dd59",
        "Title": "Family Celebration",
        "MediaUrl": "https://akamai-activenet018.active.com/godleypark/servlet/downloadFile.sdi?uploadedfile_id=56",
        "SourceUrl": "https://apm.activecommunities.com/godleypark/activity_search/family-celebration-fireworks/102?",
        "DisplayUrl": "https://apm.activecommunities.com/godleypark/activity_search/family...",
        "Width": "1800",
        "Height": "1200",
        "FileSize": "328649",
        "ContentType": "jpeg",
        "Thumbnail": {
          "__metadata": {
            "type": "Bing.Thumbnail"
          },
          "MediaUrl": "http://ts2.mm.bing.net/th?id=OIP.M5c5501d7a8933389994a6fe998641aebo0&pid=15.1",
          "ContentType": "jpg",
          "Width": "300",
          "Height": "200",
          "FileSize": "16548"
        }
      },
      {
        "__metadata": {
          "uri": "https://api.datamarket.azure.com/Data.ashx/Bing/Search/Image?Query='family'&$skip=24&$top=1",
          "type": "ImageResult"
        },
        "ID": "55d26e8d-b441-4ef1-b82c-2e8df8c05833",
        "Title": "Family Reformation? | Family Reformation",
        "MediaUrl": "http://familyreformation.files.wordpress.com/2007/10/family1.jpg",
        "SourceUrl": "http://familyreformation.wordpress.com/what-is-family-reformation/",
        "DisplayUrl": "familyreformation.wordpress.com/what-is-family-reformation",
        "Width": "1024",
        "Height": "681",
        "FileSize": "109670",
        "ContentType": "jpeg",
        "Thumbnail": {
          "__metadata": {
            "type": "Bing.Thumbnail"
          },
          "MediaUrl": "http://ts4.mm.bing.net/th?id=OIP.Me81314bd079feeb670e30f71fc1d8156H0&pid=15.1",
          "ContentType": "jpg",
          "Width": "300",
          "Height": "199",
          "FileSize": "12173"
        }
      },
      {
        "__metadata": {
          "uri": "https://api.datamarket.azure.com/Data.ashx/Bing/Search/Image?Query='family'&$skip=25&$top=1",
          "type": "ImageResult"
        },
        "ID": "7465b66c-b680-4543-9399-e8b12446e5bd",
        "Title": "The Road We've Taken...: Our Extended Family",
        "MediaUrl": "http://3.bp.blogspot.com/-ioTLokhdMN4/TgUGxJWQtqI/AAAAAAAAADw/bPXWMYZ-wJ8/s1600/Family%2BPicture%2BSnow%2BBasin%2B002.jpg",
        "SourceUrl": "http://theroadwevetaken.blogspot.com/p/extended-family.html",
        "DisplayUrl": "theroadwevetaken.blogspot.com/p/extended-family.html",
        "Width": "1600",
        "Height": "1067",
        "FileSize": "1105848",
        "ContentType": "jpeg",
        "Thumbnail": {
          "__metadata": {
            "type": "Bing.Thumbnail"
          },
          "MediaUrl": "http://ts4.mm.bing.net/th?id=OIP.M955e9ef80f2039453863f056b7c65e23H0&pid=15.1",
          "ContentType": "jpg",
          "Width": "300",
          "Height": "200",
          "FileSize": "22652"
        }
      },
      {
        "__metadata": {
          "uri": "https://api.datamarket.azure.com/Data.ashx/Bing/Search/Image?Query='family'&$skip=26&$top=1",
          "type": "ImageResult"
        },
        "ID": "096c7904-4e09-4899-8284-3109e1b4caa2",
        "Title": "like to call this the inbred family picture",
        "MediaUrl": "http://3.bp.blogspot.com/-nV2vVWO2-B0/TbNcCbvkykI/AAAAAAAABNs/noYNwTu-d_Y/s1600/inbred+family+picture.jpg",
        "SourceUrl": "http://madelinekp.blogspot.com/2011/04/dude.html",
        "DisplayUrl": "madelinekp.blogspot.com/2011/04/dude.html",
        "Width": "1600",
        "Height": "1200",
        "FileSize": "225857",
        "ContentType": "jpeg",
        "Thumbnail": {
          "__metadata": {
            "type": "Bing.Thumbnail"
          },
          "MediaUrl": "http://ts3.mm.bing.net/th?id=OIP.M57497b61f414f289cb5c7c42c3b428ffH0&pid=15.1",
          "ContentType": "jpg",
          "Width": "300",
          "Height": "225",
          "FileSize": "14094"
        }
      },
      {
        "__metadata": {
          "uri": "https://api.datamarket.azure.com/Data.ashx/Bing/Search/Image?Query='family'&$skip=27&$top=1",
          "type": "ImageResult"
        },
        "ID": "293bce61-24f7-4d4a-8a22-524434b18423",
        "Title": "Family",
        "MediaUrl": "http://charliespangler.org/photogallery/family/john_macarthur.jpg",
        "SourceUrl": "http://charliespangler.org/family.htm",
        "DisplayUrl": "charliespangler.org/family.htm",
        "Width": "800",
        "Height": "512",
        "FileSize": "343927",
        "ContentType": "jpeg",
        "Thumbnail": {
          "__metadata": {
            "type": "Bing.Thumbnail"
          },
          "MediaUrl": "http://ts3.mm.bing.net/th?id=OIP.Md0307dd430c8c0da7626a691aad2ba32o0&pid=15.1",
          "ContentType": "jpg",
          "Width": "300",
          "Height": "192",
          "FileSize": "10523"
        }
      },
      {
        "__metadata": {
          "uri": "https://api.datamarket.azure.com/Data.ashx/Bing/Search/Image?Query='family'&$skip=28&$top=1",
          "type": "ImageResult"
        },
        "ID": "c1cbbe07-f351-42a1-91f3-5051c6a220d5",
        "Title": "Chen's Family",
        "MediaUrl": "http://www.family.shermanchen.com/photos/family/familyXmas_03.jpg",
        "SourceUrl": "http://www.family.shermanchen.com/",
        "DisplayUrl": "www.family.shermanchen.com",
        "Width": "1536",
        "Height": "1024",
        "FileSize": "580845",
        "ContentType": "jpeg",
        "Thumbnail": {
          "__metadata": {
            "type": "Bing.Thumbnail"
          },
          "MediaUrl": "http://ts4.mm.bing.net/th?id=OIP.Mc7d826cb46c2db87b256c7d6f732335ao0&pid=15.1",
          "ContentType": "jpg",
          "Width": "300",
          "Height": "200",
          "FileSize": "15912"
        }
      },
      {
        "__metadata": {
          "uri": "https://api.datamarket.azure.com/Data.ashx/Bing/Search/Image?Query='family'&$skip=29&$top=1",
          "type": "ImageResult"
        },
        "ID": "9d090394-40b8-4f6c-afbd-89db1d669253",
        "Title": "my mother s side of the family in the old country my great grandmother ...",
        "MediaUrl": "http://mathserver.neu.edu/~zelevinsky/old-family.jpg",
        "SourceUrl": "http://mathserver.neu.edu/~zelevinsky/personal.html",
        "DisplayUrl": "mathserver.neu.edu/~zelevinsky/personal.html",
        "Width": "791",
        "Height": "557",
        "FileSize": "397029",
        "ContentType": "jpeg",
        "Thumbnail": {
          "__metadata": {
            "type": "Bing.Thumbnail"
          },
          "MediaUrl": "http://ts4.mm.bing.net/th?id=OIP.M7cfee8d38f3848d749d655f81d3a6ec0o0&pid=15.1",
          "ContentType": "jpg",
          "Width": "300",
          "Height": "211",
          "FileSize": "14567"
        }
      },
      {
        "__metadata": {
          "uri": "https://api.datamarket.azure.com/Data.ashx/Bing/Search/Image?Query='family'&$skip=30&$top=1",
          "type": "ImageResult"
        },
        "ID": "324b2a24-3aa3-4489-96c5-f20436b92e43",
        "Title": "Description Malay family from Malaysia.jpg",
        "MediaUrl": "http://upload.wikimedia.org/wikipedia/commons/0/03/Malay_family_from_Malaysia.jpg",
        "SourceUrl": "http://commons.wikimedia.org/wiki/File:Malay_family_from_Malaysia.jpg",
        "DisplayUrl": "commons.wikimedia.org/wiki/File:Malay_family_from_Malaysia.jpg",
        "Width": "1536",
        "Height": "2048",
        "FileSize": "647623",
        "ContentType": "jpeg",
        "Thumbnail": {
          "__metadata": {
            "type": "Bing.Thumbnail"
          },
          "MediaUrl": "http://ts1.mm.bing.net/th?id=OIP.M63117c04a53407321deeca6bcfaa1247o0&pid=15.1",
          "ContentType": "jpg",
          "Width": "225",
          "Height": "300",
          "FileSize": "17257"
        }
      },
      {
        "__metadata": {
          "uri": "https://api.datamarket.azure.com/Data.ashx/Bing/Search/Image?Query='family'&$skip=31&$top=1",
          "type": "ImageResult"
        },
        "ID": "0d35de91-4bce-4a30-8aa2-6f5ef76153ae",
        "Title": "An African Latter-day Saint family",
        "MediaUrl": "http://www.mormonnewsroom.org/media/blog/African-family.jpg",
        "SourceUrl": "http://www.mormonnewsroom.org/article/mormons-around-the-world--country-newsroom-websites---march-19",
        "DisplayUrl": "www.mormonnewsroom.org/article/mormons-around-the-world--country...",
        "Width": "4992",
        "Height": "3328",
        "FileSize": "11148181",
        "ContentType": "jpeg",
        "Thumbnail": {
          "__metadata": {
            "type": "Bing.Thumbnail"
          },
          "MediaUrl": "http://ts1.mm.bing.net/th?id=OIP.Mdb0fec1ee69abaf4c48d1f31a85854ecH0&pid=15.1",
          "ContentType": "jpg",
          "Width": "300",
          "Height": "200",
          "FileSize": "12603"
        }
      },
      {
        "__metadata": {
          "uri": "https://api.datamarket.azure.com/Data.ashx/Bing/Search/Image?Query='family'&$skip=32&$top=1",
          "type": "ImageResult"
        },
        "ID": "b535db80-d914-4dbc-9d8d-726f58d43d92",
        "Title": "All in the Family cast (1971-1979)",
        "MediaUrl": "http://blog.postcardgallery.net/i/pics/all-in-the-family.jpg",
        "SourceUrl": "http://blog.postcardgallery.net/posts/20110520-4.htm",
        "DisplayUrl": "blog.postcardgallery.net/posts/20110520-4.htm",
        "Width": "1100",
        "Height": "1424",
        "FileSize": "605733",
        "ContentType": "jpeg",
        "Thumbnail": {
          "__metadata": {
            "type": "Bing.Thumbnail"
          },
          "MediaUrl": "http://ts2.mm.bing.net/th?id=OIP.Ma7384072e75bfe944327198c1ab3576eH0&pid=15.1",
          "ContentType": "jpg",
          "Width": "231",
          "Height": "300",
          "FileSize": "15374"
        }
      },
      {
        "__metadata": {
          "uri": "https://api.datamarket.azure.com/Data.ashx/Bing/Search/Image?Query='family'&$skip=33&$top=1",
          "type": "ImageResult"
        },
        "ID": "45253ace-a724-4b5f-aaee-17a78fbfed68",
        "Title": "Tips for Successful Family Photos - Blissfully Domestic",
        "MediaUrl": "http://blissfullydomestic.com/wp-content/uploads/2013/10/Family-Photo-Tips-102.jpg",
        "SourceUrl": "http://blissfullydomestic.com/life-bliss/5-tips-for-successful-family-photos/140471/",
        "DisplayUrl": "blissfullydomestic.com/life-bliss/5-tips-for-successful-family...",
        "Width": "600",
        "Height": "400",
        "FileSize": "348320",
        "ContentType": "jpeg",
        "Thumbnail": {
          "__metadata": {
            "type": "Bing.Thumbnail"
          },
          "MediaUrl": "http://ts2.mm.bing.net/th?id=OIP.M3f6cfd529a4beea081f8ac29a23776fdo0&pid=15.1",
          "ContentType": "jpg",
          "Width": "300",
          "Height": "200",
          "FileSize": "18019"
        }
      },
      {
        "__metadata": {
          "uri": "https://api.datamarket.azure.com/Data.ashx/Bing/Search/Image?Query='family'&$skip=34&$top=1",
          "type": "ImageResult"
        },
        "ID": "6e11d814-8f11-41d5-8229-5d475955d813",
        "Title": "215637-modern-family-modern-family.jpg",
        "MediaUrl": "https://shenton2benglish.files.wordpress.com/2014/05/215637-modern-family-modern-family.jpg",
        "SourceUrl": "https://shenton2benglish.wordpress.com/2014/05/11/modern-family-14/",
        "DisplayUrl": "https://shenton2benglish.wordpress.com/2014/05/11/modern-family-14",
        "Width": "1920",
        "Height": "1080",
        "FileSize": "275562",
        "ContentType": "jpeg",
        "Thumbnail": {
          "__metadata": {
            "type": "Bing.Thumbnail"
          },
          "MediaUrl": "http://ts2.mm.bing.net/th?id=OIP.Md5b587223c41f8660a0613da2ec064c5o0&pid=15.1",
          "ContentType": "jpg",
          "Width": "300",
          "Height": "168",
          "FileSize": "10270"
        }
      },
      {
        "__metadata": {
          "uri": "https://api.datamarket.azure.com/Data.ashx/Bing/Search/Image?Query='family'&$skip=35&$top=1",
          "type": "ImageResult"
        },
        "ID": "26b425f6-a15c-4c91-8a06-dcb8ce8365ff",
        "Title": "Christmas Family Picture Ideas | Full Desktop Backgrounds",
        "MediaUrl": "http://fulldesktopbackgrounds.com/wp-content/uploads/2014/12/Christmas-Family-Picture-Ideas-1.jpg",
        "SourceUrl": "http://fulldesktopbackgrounds.com/christmas-family-picture-ideas/",
        "DisplayUrl": "fulldesktopbackgrounds.com/christmas-family-picture-ideas",
        "Width": "4668",
        "Height": "3328",
        "FileSize": "5541112",
        "ContentType": "jpeg",
        "Thumbnail": {
          "__metadata": {
            "type": "Bing.Thumbnail"
          },
          "MediaUrl": "http://ts2.mm.bing.net/th?id=OIP.M7fe67f28ac55b8587d86e09081a5fb91o0&pid=15.1",
          "ContentType": "jpg",
          "Width": "300",
          "Height": "213",
          "FileSize": "15294"
        }
      },
      {
        "__metadata": {
          "uri": "https://api.datamarket.azure.com/Data.ashx/Bing/Search/Image?Query='family'&$skip=36&$top=1",
          "type": "ImageResult"
        },
        "ID": "7cb87f37-960a-480c-99a6-8d1b8733ee94",
        "Title": "... of 2002 sean miller family miller family 1900 family miller family",
        "MediaUrl": "http://www.daviswilliamsfamilytree.com/wp-content/uploads/2009/12/Miller-Family-Picture.jpg",
        "SourceUrl": "http://mattressessale.eu/tag/miller-family",
        "DisplayUrl": "mattressessale.eu/tag/miller-family",
        "Width": "1508",
        "Height": "1016",
        "FileSize": "478085",
        "ContentType": "jpeg",
        "Thumbnail": {
          "__metadata": {
            "type": "Bing.Thumbnail"
          },
          "MediaUrl": "http://ts2.mm.bing.net/th?id=OIP.M419671fd633ccef852da5e112731c360H0&pid=15.1",
          "ContentType": "jpg",
          "Width": "300",
          "Height": "202",
          "FileSize": "13399"
        }
      },
      {
        "__metadata": {
          "uri": "https://api.datamarket.azure.com/Data.ashx/Bing/Search/Image?Query='family'&$skip=37&$top=1",
          "type": "ImageResult"
        },
        "ID": "74a1461a-2e14-4b03-85a6-defae2ce8770",
        "Title": "Actor Fahad Fazil: Actor Fahad Fazil Family Photos And Stills",
        "MediaUrl": "http://2.bp.blogspot.com/-prMIrvWLiBA/UErbmHQ0FwI/AAAAAAAABeA/MxGW3o-ZJSs/s1600/fahad-fazil-family-photos.jpg",
        "SourceUrl": "http://fahadfazilfans.blogspot.com/2012/09/actor-fahad-fazil-family-photos-and.html",
        "DisplayUrl": "fahadfazilfans.blogspot.com/2012/09/actor-fahad-fazil-family-photos...",
        "Width": "800",
        "Height": "536",
        "FileSize": "211509",
        "ContentType": "jpeg",
        "Thumbnail": {
          "__metadata": {
            "type": "Bing.Thumbnail"
          },
          "MediaUrl": "http://ts2.mm.bing.net/th?id=OIP.M806b9493c0836e5e7c3898d7bf662540H0&pid=15.1",
          "ContentType": "jpg",
          "Width": "300",
          "Height": "201",
          "FileSize": "16031"
        }
      },
      {
        "__metadata": {
          "uri": "https://api.datamarket.azure.com/Data.ashx/Bing/Search/Image?Query='family'&$skip=38&$top=1",
          "type": "ImageResult"
        },
        "ID": "b968d0e0-0785-4029-83f9-cccf7f91d932",
        "Title": "happy-family-silhouette-",
        "MediaUrl": "http://centralphoenixhomes.com/wp-content/uploads/2014/08/happy-family-silhouette-.jpg",
        "SourceUrl": "http://www.centralphoenixhomes.com/blog/",
        "DisplayUrl": "www.centralphoenixhomes.com/blog",
        "Width": "4368",
        "Height": "2912",
        "FileSize": "5681555",
        "ContentType": "jpeg",
        "Thumbnail": {
          "__metadata": {
            "type": "Bing.Thumbnail"
          },
          "MediaUrl": "http://ts4.mm.bing.net/th?id=OIP.M10f4fd48264cc20089ae17d228a14113o0&pid=15.1",
          "ContentType": "jpg",
          "Width": "300",
          "Height": "200",
          "FileSize": "10130"
        }
      },
      {
        "__metadata": {
          "uri": "https://api.datamarket.azure.com/Data.ashx/Bing/Search/Image?Query='family'&$skip=39&$top=1",
          "type": "ImageResult"
        },
        "ID": "0f784744-f125-46c4-b50e-742b04757adc",
        "Title": "FAMILY DAY– Every Sunday! | Golf Birmingham!",
        "MediaUrl": "http://golfbirmingham.org/wp-content/uploads/2012/05/Family-Day.jpg",
        "SourceUrl": "http://golfbirmingham.org/ai1ec_event/family-day-every-sunday/?instance_id=",
        "DisplayUrl": "golfbirmingham.org/ai1ec_event/family-day-every-sunday/?instance_id=",
        "Width": "1050",
        "Height": "701",
        "FileSize": "660827",
        "ContentType": "jpeg",
        "Thumbnail": {
          "__metadata": {
            "type": "Bing.Thumbnail"
          },
          "MediaUrl": "http://ts4.mm.bing.net/th?id=OIP.M0caf39a690d17ff55ab65bcfe7acc8e9o0&pid=15.1",
          "ContentType": "jpg",
          "Width": "300",
          "Height": "200",
          "FileSize": "16427"
        }
      },
      {
        "__metadata": {
          "uri": "https://api.datamarket.azure.com/Data.ashx/Bing/Search/Image?Query='family'&$skip=40&$top=1",
          "type": "ImageResult"
        },
        "ID": "31945c4f-e596-4cf8-ab2d-2eac620f11cb",
        "Title": "Table Talk: Family Dinners As An American Tradition",
        "MediaUrl": "http://i.huffpost.com/gen/1534838/thumbs/o-FAMILY-DINNER-facebook.jpg",
        "SourceUrl": "http://www.huffingtonpost.com/2014/01/03/table-talk_n_4508770.html",
        "DisplayUrl": "www.huffingtonpost.com/2014/01/03/table-talk_n_4508770.html",
        "Width": "2000",
        "Height": "1000",
        "FileSize": "349595",
        "ContentType": "jpeg",
        "Thumbnail": {
          "__metadata": {
            "type": "Bing.Thumbnail"
          },
          "MediaUrl": "http://ts3.mm.bing.net/th?id=OIP.M5489a278c227f350cfbdd11eeb6760e9H0&pid=15.1",
          "ContentType": "jpg",
          "Width": "300",
          "Height": "150",
          "FileSize": "8399"
        }
      },
      {
        "__metadata": {
          "uri": "https://api.datamarket.azure.com/Data.ashx/Bing/Search/Image?Query='family'&$skip=41&$top=1",
          "type": "ImageResult"
        },
        "ID": "1f3a6f6a-2a93-41c7-850f-187a56b4a8ae",
        "Title": "Lee Family Photos",
        "MediaUrl": "http://www.kittymunson.com/Munson/LeeFamily1894.jpg",
        "SourceUrl": "http://www.kittymunson.com/Munson/LeePhotos.html",
        "DisplayUrl": "www.kittymunson.com/Munson/LeePhotos.html",
        "Width": "748",
        "Height": "535",
        "FileSize": "446590",
        "ContentType": "jpeg",
        "Thumbnail": {
          "__metadata": {
            "type": "Bing.Thumbnail"
          },
          "MediaUrl": "http://ts3.mm.bing.net/th?id=OIP.Mc209a604b503ca505a33f05ed1c62703o0&pid=15.1",
          "ContentType": "jpg",
          "Width": "300",
          "Height": "214",
          "FileSize": "10521"
        }
      },
      {
        "__metadata": {
          "uri": "https://api.datamarket.azure.com/Data.ashx/Bing/Search/Image?Query='family'&$skip=42&$top=1",
          "type": "ImageResult"
        },
        "ID": "f71ba3a0-ccb5-4c9b-a48f-c1d98f08caa3",
        "Title": "Happy family - Hopeful",
        "MediaUrl": "http://demo.touchsize.com/hopeful/wp-content/uploads/sites/21/2014/12/MY-T-Happy-Family.jpg",
        "SourceUrl": "http://demo.touchsize.com/hopeful/portfolio/happy-family/",
        "DisplayUrl": "demo.touchsize.com/hopeful/portfolio/happy-family",
        "Width": "2650",
        "Height": "1855",
        "FileSize": "4228166",
        "ContentType": "jpeg",
        "Thumbnail": {
          "__metadata": {
            "type": "Bing.Thumbnail"
          },
          "MediaUrl": "http://ts3.mm.bing.net/th?id=OIP.Ma42824b30c31b1dc6d8bb6666c03dbc0o0&pid=15.1",
          "ContentType": "jpg",
          "Width": "300",
          "Height": "210",
          "FileSize": "10548"
        }
      },
      {
        "__metadata": {
          "uri": "https://api.datamarket.azure.com/Data.ashx/Bing/Search/Image?Query='family'&$skip=43&$top=1",
          "type": "ImageResult"
        },
        "ID": "a4573796-47a9-44aa-a5d2-8ac3a82df6a8",
        "Title": "The love of family and the admiration of friends are much more ...",
        "MediaUrl": "http://www.lovevivah.com/matrimony/blog/wp-content/uploads/2014/07/family-relations.jpg",
        "SourceUrl": "http://www.lovevivah.com/matrimony/blog/tag/happy-family/",
        "DisplayUrl": "www.lovevivah.com/matrimony/blog/tag/happy-family",
        "Width": "1600",
        "Height": "889",
        "FileSize": "1135118",
        "ContentType": "jpeg",
        "Thumbnail": {
          "__metadata": {
            "type": "Bing.Thumbnail"
          },
          "MediaUrl": "http://ts2.mm.bing.net/th?id=OIP.Mf4c8de052e5d1f98520e1a8d51a743b6H0&pid=15.1",
          "ContentType": "jpg",
          "Width": "300",
          "Height": "166",
          "FileSize": "11960"
        }
      },
      {
        "__metadata": {
          "uri": "https://api.datamarket.azure.com/Data.ashx/Bing/Search/Image?Query='family'&$skip=44&$top=1",
          "type": "ImageResult"
        },
        "ID": "70c389f4-29de-4701-ad68-3fd97135583c",
        "Title": "FOUND PHOTO: Creepy Family » Meaghan Walsh Gerard",
        "MediaUrl": "http://mwgerard.com/wp-content/uploads/2012/06/OldPhotoCreepyFamily-1024x726.jpg",
        "SourceUrl": "http://mwgerard.com/found-photo-creepy-family/",
        "DisplayUrl": "mwgerard.com/found-photo-creepy-family",
        "Width": "1024",
        "Height": "726",
        "FileSize": "211116",
        "ContentType": "jpeg",
        "Thumbnail": {
          "__metadata": {
            "type": "Bing.Thumbnail"
          },
          "MediaUrl": "http://ts1.mm.bing.net/th?id=OIP.M5d3b0f519784ad1e6e8e6580ea1f4e97H0&pid=15.1",
          "ContentType": "jpg",
          "Width": "300",
          "Height": "212",
          "FileSize": "8800"
        }
      },
      {
        "__metadata": {
          "uri": "https://api.datamarket.azure.com/Data.ashx/Bing/Search/Image?Query='family'&$skip=45&$top=1",
          "type": "ImageResult"
        },
        "ID": "0e682e75-f787-4655-b027-c516810d4112",
        "Title": "... family business, having the right members at your table is critical",
        "MediaUrl": "https://www.thewatermarkgrp.com/wp-content/uploads/2015/01/FamilyLivingPicture.jpg",
        "SourceUrl": "https://www.thewatermarkgrp.com/2015/01/12/whos-in-your-family/",
        "DisplayUrl": "https://www.thewatermarkgrp.com/2015/01/12/whos-in-your-family",
        "Width": "928",
        "Height": "352",
        "FileSize": "31867",
        "ContentType": "jpeg",
        "Thumbnail": {
          "__metadata": {
            "type": "Bing.Thumbnail"
          },
          "MediaUrl": "http://ts3.mm.bing.net/th?id=OIP.M9ba0e7144c0b5d5cd99f60a2cd5b3aaeo0&pid=15.1",
          "ContentType": "jpg",
          "Width": "300",
          "Height": "113",
          "FileSize": "6276"
        }
      },
      {
        "__metadata": {
          "uri": "https://api.datamarket.azure.com/Data.ashx/Bing/Search/Image?Query='family'&$skip=46&$top=1",
          "type": "ImageResult"
        },
        "ID": "f773f160-7edc-4215-b8ec-fde025385977",
        "Title": "Work-family balance benefits families and society at large, says Ban ...",
        "MediaUrl": "http://pgfma.files.wordpress.com/2012/05/family.jpg",
        "SourceUrl": "http://pgfma.wordpress.com/2012/05/15/work-family-balance-benefits-families-and-society-at-large-says-ban/",
        "DisplayUrl": "pgfma.wordpress.com/2012/05/15/work-family-balance-benefits...",
        "Width": "350",
        "Height": "263",
        "FileSize": "20032",
        "ContentType": "jpeg",
        "Thumbnail": {
          "__metadata": {
            "type": "Bing.Thumbnail"
          },
          "MediaUrl": "http://ts4.mm.bing.net/th?id=OIP.Mcd3a71e67dcfa8dfaa37c905fd1708aeH0&pid=15.1",
          "ContentType": "jpg",
          "Width": "300",
          "Height": "225",
          "FileSize": "7345"
        }
      },
      {
        "__metadata": {
          "uri": "https://api.datamarket.azure.com/Data.ashx/Bing/Search/Image?Query='family'&$skip=47&$top=1",
          "type": "ImageResult"
        },
        "ID": "dcc771fe-04ab-40ec-8d0e-85593b74d120",
        "Title": "happy family, family reunion, family gathering",
        "MediaUrl": "http://1.bp.blogspot.com/-mHZZWnwE7rY/UJ3gi3svphI/AAAAAAAAATQ/VvKThGpfUt8/s1600/family-reunion.jpg",
        "SourceUrl": "http://smart-family.blogspot.com/2012/11/tips-for-planning-family-reunion.html",
        "DisplayUrl": "smart-family.blogspot.com/2012/11/tips-for-planning-family-reunion...",
        "Width": "1600",
        "Height": "713",
        "FileSize": "357309",
        "ContentType": "jpeg",
        "Thumbnail": {
          "__metadata": {
            "type": "Bing.Thumbnail"
          },
          "MediaUrl": "http://ts1.mm.bing.net/th?id=OIP.M2cb129f55784031969321e097f2490b6H0&pid=15.1",
          "ContentType": "jpg",
          "Width": "300",
          "Height": "133",
          "FileSize": "17969"
        }
      },
      {
        "__metadata": {
          "uri": "https://api.datamarket.azure.com/Data.ashx/Bing/Search/Image?Query='family'&$skip=48&$top=1",
          "type": "ImageResult"
        },
        "ID": "b914fc33-c013-47ca-bdaf-4b6fb8be26a5",
        "Title": "3D Happy Family Cartoon Family Photo | imagefully.com",
        "MediaUrl": "http://www.imagefully.com/wp-content/uploads/2015/08/3D-Happy-Family-Cartoon-Family-Photo.jpg",
        "SourceUrl": "http://www.imagefully.com/3d-happy-family-cartoon-family-photo/",
        "DisplayUrl": "www.imagefully.com/3d-happy-family-cartoon-family-photo",
        "Width": "1000",
        "Height": "877",
        "FileSize": "85502",
        "ContentType": "jpeg",
        "Thumbnail": {
          "__metadata": {
            "type": "Bing.Thumbnail"
          },
          "MediaUrl": "http://ts3.mm.bing.net/th?id=OIP.M8c2b876941d58a0e5352f9542519275fo0&pid=15.1",
          "ContentType": "jpg",
          "Width": "300",
          "Height": "263",
          "FileSize": "12761"
        }
      },
      {
        "__metadata": {
          "uri": "https://api.datamarket.azure.com/Data.ashx/Bing/Search/Image?Query='family'&$skip=49&$top=1",
          "type": "ImageResult"
        },
        "ID": "0759dc94-6d7d-4ef1-8033-56b6611b65a1",
        "Title": "Christmas pictures of my family; Anne-Lise, Thomas (1975), Magnus ...",
        "MediaUrl": "http://www.nt.ntnu.no/users/skoge/pictures/personal/lanzarote_feb03/family.jpg",
        "SourceUrl": "http://www.nt.ntnu.no/users/skoge/pictures/family.html",
        "DisplayUrl": "www.nt.ntnu.no/users/skoge/pictures/family.html",
        "Width": "1311",
        "Height": "992",
        "FileSize": "50677",
        "ContentType": "jpeg",
        "Thumbnail": {
          "__metadata": {
            "type": "Bing.Thumbnail"
          },
          "MediaUrl": "http://ts1.mm.bing.net/th?id=OIP.M7b0f3a53f6c0c20937186e7070987e8bo0&pid=15.1",
          "ContentType": "jpg",
          "Width": "300",
          "Height": "227",
          "FileSize": "10520"
        }
      }
    ],
    "__next": "https://api.datamarket.azure.com/Data.ashx/Bing/Search/Image?Query='family'&$skip=50&$top=50"
  }
}