{
	"d":{
		"results":[
			{
				"brand":"Nikon",
				"seris":"D800",
				"price":"1890.25",
				"a_f_tech":"Phase Detect, Multi-area, Selective single-point, Tracking, Single, Continuous, Face Detection, Live View",
				"color":"Black",
				"comp_mount":"Nikon F (FX)",
				"iso_range":"100 - 6400 in 1, 1/2 or 1/3 EV steps (50 - 25600 with boost)",
				"dimen":"4.84 x 3.23 x 5.75",
				"fil_fom":"NEF (RAW): 12 or 14 bit, lossless compressed, compressed or uncompressed, TIFF (RGB), JPEG",
				"weight":"2.2",
				"model_y":"2014",
				"vd_fom":"mpeg-4;h.264",
				"vd_rsln":"1080p_hd",
				"comments":"4",
				"ext_front":"https://images-na.ssl-images-amazon.com/images/I/71aRtUIK2%2BL._SL1000_.jpg",
				"ext_back":"https://images-na.ssl-images-amazon.com/images/I/61UkbmsFUHL._SL1000_.jpg"
			},
			{
				"brand":"Nikon",
				"seris":"D7100",
				"price":"996.95",
				"a_f_tech":"Contrast Detect (sensor), Phase Detect, Multi-area, Center, Selective single-point, Tracking, Single, Continuous, Face Detection, Live View",
				"color":"Black",
				"comp_mount":"Nikon F (FX), Nikon F (DX)",
				"iso_range":"ISO 100 - 6400, Lo-1 (ISO 50), Hi-1 (ISO 12,800), Hi-2 (ISO 25,600)",
				"dimen":"4.21 x 2.99 x 5.35",
				"fil_fom":"JPEG, NEF (RAW), NEF (RAW) + JPEG",
				"weight":"1.69",
				"model_y":"2014",
				"vd_fom":"mpeg-4;h.264",
				"vd_rsln":"1080p_hd",
				"comments":"3",
				"ext_front":"https://images-na.ssl-images-amazon.com/images/I/51t%2BmEVyl6L.jpg",
				"ext_back":"http://www.kenrockwell.com/nikon/d7100/back-1200.jpg"
			},
			{
				"brand":"Nikon",
				"seris":"D40",
				"price":"689.99",
				"a_f_tech":"Phase Detect, Multi-area, Selective single-point, Single, Continuous",
				"color":"Black",
				"comp_mount":"Nikon F (FX), Nikon F (DX)",
				"iso_range":"Auto, 200 - 1600 (plus 3200 with boost)",
				"dimen":"3.7 x 2.52 x 4.88",
				"fil_fom":"JPEG",
				"weight":"1.15",
				"model_y":"2007",
				"vd_fom":"n/a",
				"vd_rsln":"n/a",
				"comments":"2",
				"ext_front":"https://images-na.ssl-images-amazon.com/images/I/81LIl2BKorS._SL1500_.jpg",
				"ext_back":"https://images-na.ssl-images-amazon.com/images/I/7176INtQ9zS._SL1500_.jpg"
			},
			{
				"brand":"Nikon",
				"seris":"D3S",
				"price":"6280.07",
				"a_f_tech":"n/a",
				"color":"Black",
				"comp_mount":"n/a",
				"iso_range":"n/a",
				"dimen":"3.7 x 6.3 x 6.3",
				"fil_fom":"raw",
				"weight":"3.1",
				"model_y":"2016",
				"vd_fom":"n/a",
				"vd_rsln":"1920 x 1080",
				"comments":"5",
				"ext_front":"https://images-na.ssl-images-amazon.com/images/I/91XiB12-RHL._SL1500_.jpg",
				"ext_back":"https://images-na.ssl-images-amazon.com/images/I/91K8SUUKA1L._SL1500_.jpg"
			},
			{
				"brand":"Canon",
				"seris":"EOS-1D X",
				"price":"4499.99",
				"a_f_tech":"Contrast Detect (sensor), Phase Detect, Multi-area, Selective single-point, Tracking, Single, Continuous, Face Detection, Live View",
				"color":"Black",
				"comp_mount":"Canon EF",
				"iso_range":"100, 200, 400, 800, 1600, 3200, 6400, 12800, 25600, 51200 (50, 102400 and 204800 with boost)",
				"dimen":"6.46 x 3.27 x 6.22",
				"fil_fom":"n/a",
				"weight":"3.0",
				"model_y":"2012",
				"vd_fom":"mpeg-4;h.264",
				"vd_rsln":"1080p_hd",
				"comments":"4",
				"ext_front":"https://images-na.ssl-images-amazon.com/images/I/71A%2BL0fkx4L._SL1500_.jpg",
				"ext_back":"https://images-na.ssl-images-amazon.com/images/I/71pZlYh7GlL._SL1500_.jpg"
			},
			{
				"brand":"Canon",
				"seris":"EOS 5D",
				"price":"3099.00",
				"a_f_tech":"Contrast Detect (sensor), Phase Detect, Multi-area, Selective single-point, Single, Continuous, Face Detection, Live View",
				"color":"Black",
				"comp_mount":"Canon EF",
				"iso_range":"Auto, 100 - 25600 in 1/3 stops, plus 50, 51200, 102400 as option",
				"dimen":"4.57 x 2.99 x 5.98",
				"fil_fom":"JPEG, RAW: RAW, sRAW1, sRAW2 (14bit, Canon original RAW 2nd edition), Digital Print Order Format [DPOF] Version 1.1 compliant",
				"weight":"2.09",
				"model_y":"2016",
				"vd_fom":"mpeg-4;h.264",
				"vd_rsln":"1080p_hd",
				"comments":"5",
				"ext_front":"https://images-na.ssl-images-amazon.com/images/I/71-9a6mqyeL._SL1500_.jpg",
				"ext_back":"https://images-na.ssl-images-amazon.com/images/I/71K8Xzkw7IL._SL1500_.jpg"
			},
			{
				"brand":"Olympus",
				"seris":"E620",
				"price":"1299.00",
				"a_f_tech":"Contrast Detect (sensor), Phase Detect, Multi-area, Selective single-point, Single, Continuous, Face Detection, Live View",
				"color":"black",
				"comp_mount":"Four Thirds",
				"iso_range":"Auto (200-3200), 100, 125, 160, 200, 250, 320, 400, 500, 640, 800, 1000, 1600, 2000, 2500, 3200",
				"dimen":"3.7 x 2.36 x 5.12",
				"fil_fom":"n/a",
				"weight":"1.1",
				"model_y":"n/a",
				"vd_fom":"n/a",
				"vd_rsln":"n/a",
				"comments":"3",
				"ext_front":"https://images-na.ssl-images-amazon.com/images/I/41xewEiYbbL.jpg",
				"ext_back":"https://images-na.ssl-images-amazon.com/images/I/41NTLZaOZ6L.jpg"
			},
			{
				"brand":"Sony",
				"seris":"A99II",
				"price":"3198.00",
				"a_f_tech":"n/a",
				"color":"Black",
				"comp_mount":"n/a",
				"iso_range":"n/a",
				"dimen":"3 x 4.13 x 5.63",
				"fil_fom":"n/a",
				"weight":"1.70",
				"model_y":"2016",
				"vd_fom":"4K, HD",
				"vd_rsln":"other",
				"comments":"3",
				"ext_front":"https://images-na.ssl-images-amazon.com/images/I/91JvAC%2BtcFL._SL1500_.jpg",
				"ext_back":"https://images-na.ssl-images-amazon.com/images/I/91a-ANHQoBL._SL1500_.jpg"
			},
			{
				"brand":"Fujifilm",
				"seris":"X-T2",
				"price":"1899.95",
				"a_f_tech":"n/a",
				"color":"Black",
				"comp_mount":"n/a",
				"iso_range":"200-12800",
				"dimen":"5.7 x 11.4 x 8.1",
				"fil_fom":"RAW",
				"weight":"0.26",
				"model_y":"n/a",
				"vd_fom":"n/a",
				"vd_rsln":"Other",
				"comments":"3",
				"ext_front":"https://images-na.ssl-images-amazon.com/images/I/81CUJvIrFML._SL1500_.jpg",
				"ext_back":"https://images-na.ssl-images-amazon.com/images/I/81Ojzn0Q9LL._SL1500_.jpg"
			},
			{
				"brand":"Olympus",
				"seris":"OM-D E-M5",
				"price":"888",
				"a_f_tech":"n/a",
				"color":"Black",
				"comp_mount":"n/a",
				"iso_range":"n/a",
				"dimen":"1.97 x 3.54 x 5.12",
				"fil_fom":"RAW",
				"weight":"0.92",
				"model_y":"2015",
				"vd_fom":"n/a",
				"vd_rsln":"n/a",
				"comments":"2",
				"ext_front":"https://images-na.ssl-images-amazon.com/images/I/91EsV97yq5L._SL1500_.jpg",
				"ext_back":"https://images-na.ssl-images-amazon.com/images/I/81UZBgu6yJL._SL1500_.jpg"
			}
		]
	}
}