{
	"d":{
		"results":
			[
	{
		"date": "2012-05-02",
		"loca": "Winchester",
		"weather": "snowy",
		"st_t": "07:04:02",
		"end_t": "19:18:35",
		"iso": "100",
		"id_camera": "2"
	},
	{
		"date": "2010-12-02",
		"loca": "Pollein",
		"weather": "snowy",
		"st_t": "15:35:23",
		"end_t": "11:32:58",
		"iso": "400",
		"id_camera": "2"
	},
	{
		"date": "2016-06-28",
		"loca": "San Pietro al Tanagro",
		"weather": "lightening",
		"st_t": "03:37:51",
		"end_t": "16:34:45",
		"iso": "3200",
		"id_camera": "2"
	},
	{
		"date": "2013-02-12",
		"loca": "Kelowna",
		"weather": "clear",
		"st_t": "11:26:06",
		"end_t": "12:58:25",
		"iso": "100",
		"id_camera": "10"
	},
	{
		"date": "2015-05-22",
		"loca": "Limache",
		"weather": "foggy",
		"st_t": "19:15:19",
		"end_t": "05:35:22",
		"iso": "2500",
		"id_camera": "7"
	},
	{
		"date": "2014-08-20",
		"loca": "Provo",
		"weather": "clear",
		"st_t": "09:46:05",
		"end_t": "15:23:52",
		"iso": "Auto",
		"id_camera": "8"
	},
	{
		"date": "2014-10-18",
		"loca": "Ostrowiec Świętokrzyski",
		"weather": "lightening",
		"st_t": "04:49:33",
		"end_t": "09:35:02",
		"iso": "6400",
		"id_camera": "10"
	},
	{
		"date": "2010-12-17",
		"loca": "Castanhal",
		"weather": "sunny",
		"st_t": "14:17:21",
		"end_t": "09:08:58",
		"iso": "2500",
		"id_camera": "10"
	},
	{
		"date": "2012-02-19",
		"loca": "Quimper",
		"weather": "foggy",
		"st_t": "22:45:10",
		"end_t": "04:47:35",
		"iso": "50",
		"id_camera": "4"
	},
	{
		"date": "2013-06-11",
		"loca": "Troyes",
		"weather": "rainy",
		"st_t": "02:14:37",
		"end_t": "11:39:02",
		"iso": "250",
		"id_camera": "3"
	},
	{
		"date": "2012-09-21",
		"loca": "Moose Jaw",
		"weather": "sunny",
		"st_t": "06:35:58",
		"end_t": "19:04:05",
		"iso": "100",
		"id_camera": "5"
	},
	{
		"date": "2011-07-06",
		"loca": "Vaux-sous-ChŽvremont",
		"weather": "sunny",
		"st_t": "15:19:07",
		"end_t": "04:43:28",
		"iso": "Auto",
		"id_camera": "6"
	},
	{
		"date": "2015-07-28",
		"loca": "Froidchapelle",
		"weather": "clear",
		"st_t": "14:04:42",
		"end_t": "08:34:51",
		"iso": "3200",
		"id_camera": "6"
	},
	{
		"date": "2012-10-16",
		"loca": "Tezze sul Brenta",
		"weather": "clear",
		"st_t": "09:53:05",
		"end_t": "20:50:16",
		"iso": "125",
		"id_camera": "1"
	},
	{
		"date": "2014-07-17",
		"loca": "Lucknow",
		"weather": "rainy",
		"st_t": "07:31:32",
		"end_t": "08:58:41",
		"iso": "160",
		"id_camera": "6"
	},
	{
		"date": "2013-11-02",
		"loca": "Fort Saskatchewan",
		"weather": "clear",
		"st_t": "03:29:37",
		"end_t": "08:26:58",
		"iso": "2000",
		"id_camera": "7"
	},
	{
		"date": "2013-11-29",
		"loca": "San Isidro de El General",
		"weather": "clear",
		"st_t": "07:09:25",
		"end_t": "16:40:23",
		"iso": "4000",
		"id_camera": "5"
	},
	{
		"date": "2010-12-16",
		"loca": "Recoleta",
		"weather": "rainy",
		"st_t": "15:34:08",
		"end_t": "05:02:20",
		"iso": "400",
		"id_camera": "8"
	},
	{
		"date": "2011-11-22",
		"loca": "Barasat",
		"weather": "snowy",
		"st_t": "00:18:36",
		"end_t": "10:48:09",
		"iso": "4000",
		"id_camera": "2"
	},
	{
		"date": "2013-06-01",
		"loca": "Baiso",
		"weather": "rainy",
		"st_t": "01:28:50",
		"end_t": "12:58:02",
		"iso": "1000",
		"id_camera": "10"
	},
	{
		"date": "2012-02-02",
		"loca": "Ulloa (Barrial)",
		"weather": "rainy",
		"st_t": "21:33:16",
		"end_t": "01:33:42",
		"iso": "640",
		"id_camera": "10"
	},
	{
		"date": "2012-09-08",
		"loca": "Caxias do Sul",
		"weather": "cloudy",
		"st_t": "05:09:28",
		"end_t": "21:55:59",
		"iso": "50",
		"id_camera": "2"
	},
	{
		"date": "2013-08-05",
		"loca": "Midway",
		"weather": "rainy",
		"st_t": "08:29:15",
		"end_t": "03:07:38",
		"iso": "5000",
		"id_camera": "10"
	},
	{
		"date": "2015-04-13",
		"loca": "Guirsch",
		"weather": "foggy",
		"st_t": "22:08:43",
		"end_t": "10:20:49",
		"iso": "3200",
		"id_camera": "2"
	},
	{
		"date": "2012-01-20",
		"loca": "Radicofani",
		"weather": "clear",
		"st_t": "00:53:41",
		"end_t": "22:26:28",
		"iso": "8000",
		"id_camera": "8"
	},
	{
		"date": "2016-03-15",
		"loca": "Rodgau",
		"weather": "snowy",
		"st_t": "18:45:17",
		"end_t": "15:14:50",
		"iso": "320",
		"id_camera": "10"
	},
	{
		"date": "2014-07-03",
		"loca": "Kaiserslauter",
		"weather": "lightening",
		"st_t": "03:59:06",
		"end_t": "15:44:09",
		"iso": "2500",
		"id_camera": "7"
	},
	{
		"date": "2011-07-31",
		"loca": "Blenheim",
		"weather": "cloudy",
		"st_t": "19:35:22",
		"end_t": "14:16:39",
		"iso": "640",
		"id_camera": "9"
	},
	{
		"date": "2011-05-15",
		"loca": "Dollard-des-Ormeaux",
		"weather": "rainy",
		"st_t": "23:33:08",
		"end_t": "02:32:42",
		"iso": "160",
		"id_camera": "1"
	},
	{
		"date": "2011-05-05",
		"loca": "Lampeter",
		"weather": "clear",
		"st_t": "20:56:49",
		"end_t": "21:11:28",
		"iso": "640",
		"id_camera": "1"
	},
	{
		"date": "2016-02-27",
		"loca": "Arbre",
		"weather": "sunny",
		"st_t": "15:10:52",
		"end_t": "01:43:53",
		"iso": "500",
		"id_camera": "9"
	},
	{
		"date": "2012-07-29",
		"loca": "Rekem",
		"weather": "foggy",
		"st_t": "14:45:12",
		"end_t": "02:09:14",
		"iso": "800",
		"id_camera": "5"
	},
	{
		"date": "2010-11-03",
		"loca": "Santa Maria",
		"weather": "clear",
		"st_t": "10:28:07",
		"end_t": "09:09:19",
		"iso": "640",
		"id_camera": "6"
	},
	{
		"date": "2013-01-24",
		"loca": "Bolano",
		"weather": "clear",
		"st_t": "16:11:27",
		"end_t": "01:28:06",
		"iso": "800",
		"id_camera": "3"
	},
	{
		"date": "2014-05-09",
		"loca": "Castiglione di Garfagnana",
		"weather": "sunny",
		"st_t": "22:33:34",
		"end_t": "13:25:49",
		"iso": "320",
		"id_camera": "4"
	},
	{
		"date": "2015-01-12",
		"loca": "Lakeland County",
		"weather": "lightening",
		"st_t": "20:38:35",
		"end_t": "11:14:12",
		"iso": "320",
		"id_camera": "1"
	},
	{
		"date": "2012-06-26",
		"loca": "Hualaihué",
		"weather": "cloudy",
		"st_t": "21:38:54",
		"end_t": "11:38:36",
		"iso": "2500",
		"id_camera": "6"
	},
	{
		"date": "2016-06-06",
		"loca": "Zaragoza",
		"weather": "lightening",
		"st_t": "03:29:08",
		"end_t": "17:31:54",
		"iso": "160",
		"id_camera": "7"
	},
	{
		"date": "2016-10-04",
		"loca": "Halberstadt",
		"weather": "clear",
		"st_t": "04:54:30",
		"end_t": "17:00:19",
		"iso": "4000",
		"id_camera": "8"
	},
	{
		"date": "2014-11-26",
		"loca": "L�vis",
		"weather": "clear",
		"st_t": "20:30:35",
		"end_t": "03:46:59",
		"iso": "200",
		"id_camera": "3"
	},
	{
		"date": "2016-08-18",
		"loca": "Mount Pearl",
		"weather": "snowy",
		"st_t": "11:21:42",
		"end_t": "14:35:39",
		"iso": "160",
		"id_camera": "7"
	},
	{
		"date": "2013-09-21",
		"loca": "Geleen",
		"weather": "snowy",
		"st_t": "14:34:16",
		"end_t": "12:14:12",
		"iso": "Auto",
		"id_camera": "7"
	},
	{
		"date": "2013-04-04",
		"loca": "Bersillies-l Abbaye",
		"weather": "cloudy",
		"st_t": "09:48:56",
		"end_t": "22:09:28",
		"iso": "50",
		"id_camera": "5"
	},
	{
		"date": "2014-10-15",
		"loca": "Atlanta",
		"weather": "foggy",
		"st_t": "12:56:25",
		"end_t": "06:33:04",
		"iso": "Auto",
		"id_camera": "1"
	},
	{
		"date": "2011-08-28",
		"loca": "Montgomery",
		"weather": "foggy",
		"st_t": "11:21:56",
		"end_t": "18:28:22",
		"iso": "200",
		"id_camera": "9"
	},
	{
		"date": "2011-04-27",
		"loca": "Chandrapur",
		"weather": "sunny",
		"st_t": "02:56:17",
		"end_t": "19:42:23",
		"iso": "160",
		"id_camera": "6"
	},
	{
		"date": "2016-05-27",
		"loca": "Temuka",
		"weather": "foggy",
		"st_t": "07:48:46",
		"end_t": "01:14:38",
		"iso": "100",
		"id_camera": "4"
	},
	{
		"date": "2012-08-19",
		"loca": "Altamura",
		"weather": "foggy",
		"st_t": "09:03:33",
		"end_t": "00:35:14",
		"iso": "125",
		"id_camera": "7"
	},
	{
		"date": "2011-03-01",
		"loca": "Montrose",
		"weather": "cloudy",
		"st_t": "21:11:18",
		"end_t": "04:09:45",
		"iso": "160",
		"id_camera": "1"
	},
	{
		"date": "2010-11-22",
		"loca": "Emblem",
		"weather": "rainy",
		"st_t": "00:54:19",
		"end_t": "17:26:09",
		"iso": "2500",
		"id_camera": "6"
	},
	{
		"date": "2014-08-28",
		"loca": "Montleban",
		"weather": "foggy",
		"st_t": "20:38:02",
		"end_t": "18:16:26",
		"iso": "1000",
		"id_camera": "2"
	},
	{
		"date": "2015-04-12",
		"loca": "Mont-Saint-AndrŽ",
		"weather": "sunny",
		"st_t": "06:59:24",
		"end_t": "10:22:56",
		"iso": "400",
		"id_camera": "9"
	},
	{
		"date": "2012-12-21",
		"loca": "Chiari",
		"weather": "cloudy",
		"st_t": "05:18:14",
		"end_t": "09:15:59",
		"iso": "640",
		"id_camera": "6"
	},
	{
		"date": "2011-03-09",
		"loca": "Hospet",
		"weather": "foggy",
		"st_t": "15:14:30",
		"end_t": "09:22:13",
		"iso": "8000",
		"id_camera": "4"
	},
	{
		"date": "2012-01-07",
		"loca": "Forge-Philippe",
		"weather": "sunny",
		"st_t": "15:36:24",
		"end_t": "08:57:01",
		"iso": "8000",
		"id_camera": "7"
	},
	{
		"date": "2011-07-11",
		"loca": "Chañaral",
		"weather": "rainy",
		"st_t": "04:37:25",
		"end_t": "08:58:34",
		"iso": "4000",
		"id_camera": "4"
	},
	{
		"date": "2011-05-07",
		"loca": "Compiano",
		"weather": "foggy",
		"st_t": "14:48:18",
		"end_t": "10:19:16",
		"iso": "3200",
		"id_camera": "7"
	},
	{
		"date": "2015-12-05",
		"loca": "Liedekerke",
		"weather": "cloudy",
		"st_t": "04:42:04",
		"end_t": "23:09:27",
		"iso": "1600",
		"id_camera": "4"
	},
	{
		"date": "2013-11-17",
		"loca": "Chiusa/Klausen",
		"weather": "clear",
		"st_t": "20:35:05",
		"end_t": "21:52:22",
		"iso": "1000",
		"id_camera": "7"
	},
	{
		"date": "2011-08-27",
		"loca": "Aschaffenburg",
		"weather": "rainy",
		"st_t": "09:24:09",
		"end_t": "08:34:35",
		"iso": "320",
		"id_camera": "3"
	},
	{
		"date": "2011-11-07",
		"loca": "Emmen",
		"weather": "rainy",
		"st_t": "14:12:25",
		"end_t": "14:18:18",
		"iso": "4000",
		"id_camera": "7"
	},
	{
		"date": "2015-02-14",
		"loca": "Tarbes",
		"weather": "clear",
		"st_t": "14:12:39",
		"end_t": "21:27:50",
		"iso": "4000",
		"id_camera": "9"
	},
	{
		"date": "2015-11-04",
		"loca": "Sunset Point",
		"weather": "cloudy",
		"st_t": "13:53:49",
		"end_t": "00:46:37",
		"iso": "5000",
		"id_camera": "10"
	},
	{
		"date": "2011-10-15",
		"loca": "Lint",
		"weather": "lightening",
		"st_t": "13:15:20",
		"end_t": "10:51:13",
		"iso": "400",
		"id_camera": "4"
	},
	{
		"date": "2015-07-10",
		"loca": "Villa Latina",
		"weather": "cloudy",
		"st_t": "06:58:27",
		"end_t": "17:59:53",
		"iso": "1000",
		"id_camera": "4"
	},
	{
		"date": "2011-06-27",
		"loca": "Roermond",
		"weather": "snowy",
		"st_t": "17:19:55",
		"end_t": "23:26:26",
		"iso": "250",
		"id_camera": "8"
	},
	{
		"date": "2014-01-28",
		"loca": "Côte Saint-Luc",
		"weather": "rainy",
		"st_t": "05:14:14",
		"end_t": "04:49:22",
		"iso": "250",
		"id_camera": "1"
	},
	{
		"date": "2014-05-21",
		"loca": "Collecchio",
		"weather": "lightening",
		"st_t": "08:24:02",
		"end_t": "06:54:43",
		"iso": "1000",
		"id_camera": "1"
	},
	{
		"date": "2012-02-23",
		"loca": "Lasne-Chapelle-Saint-Lambert",
		"weather": "clear",
		"st_t": "14:21:10",
		"end_t": "11:17:08",
		"iso": "640",
		"id_camera": "1"
	},
	{
		"date": "2011-05-14",
		"loca": "Steenokkerzeel",
		"weather": "sunny",
		"st_t": "16:15:33",
		"end_t": "08:47:51",
		"iso": "2000",
		"id_camera": "5"
	},
	{
		"date": "2013-03-17",
		"loca": "Masone",
		"weather": "sunny",
		"st_t": "23:05:40",
		"end_t": "03:50:00",
		"iso": "2000",
		"id_camera": "4"
	},
	{
		"date": "2013-02-01",
		"loca": "Bacabal",
		"weather": "clear",
		"st_t": "11:30:21",
		"end_t": "23:29:51",
		"iso": "400",
		"id_camera": "6"
	},
	{
		"date": "2016-01-20",
		"loca": "Leamington",
		"weather": "sunny",
		"st_t": "20:16:56",
		"end_t": "04:37:27",
		"iso": "250",
		"id_camera": "4"
	},
	{
		"date": "2011-05-30",
		"loca": "Sankt Wendel",
		"weather": "foggy",
		"st_t": "21:20:39",
		"end_t": "02:13:46",
		"iso": "50",
		"id_camera": "10"
	},
	{
		"date": "2013-06-11",
		"loca": "Thurso",
		"weather": "clear",
		"st_t": "18:25:29",
		"end_t": "15:48:13",
		"iso": "640",
		"id_camera": "10"
	},
	{
		"date": "2012-09-22",
		"loca": "Deschambault",
		"weather": "snowy",
		"st_t": "10:34:21",
		"end_t": "17:46:45",
		"iso": "3200",
		"id_camera": "1"
	},
	{
		"date": "2012-11-05",
		"loca": "Stuttgart",
		"weather": "snowy",
		"st_t": "08:32:11",
		"end_t": "04:36:21",
		"iso": "250",
		"id_camera": "9"
	},
	{
		"date": "2014-07-07",
		"loca": "Kanpur Cantonment",
		"weather": "cloudy",
		"st_t": "00:18:31",
		"end_t": "10:33:50",
		"iso": "2500",
		"id_camera": "9"
	},
	{
		"date": "2014-07-04",
		"loca": "Franeker",
		"weather": "sunny",
		"st_t": "15:47:20",
		"end_t": "00:12:15",
		"iso": "1000",
		"id_camera": "2"
	},
	{
		"date": "2013-11-13",
		"loca": "Köln",
		"weather": "cloudy",
		"st_t": "09:17:17",
		"end_t": "22:50:45",
		"iso": "160",
		"id_camera": "8"
	},
	{
		"date": "2013-12-22",
		"loca": "Canmore",
		"weather": "foggy",
		"st_t": "12:13:22",
		"end_t": "04:52:32",
		"iso": "125",
		"id_camera": "1"
	},
	{
		"date": "2011-10-19",
		"loca": "Cannole",
		"weather": "foggy",
		"st_t": "06:33:52",
		"end_t": "07:53:37",
		"iso": "160",
		"id_camera": "7"
	},
	{
		"date": "2011-06-08",
		"loca": "Dion-Valmont",
		"weather": "snowy",
		"st_t": "01:52:55",
		"end_t": "13:30:38",
		"iso": "1600",
		"id_camera": "1"
	},
	{
		"date": "2015-09-30",
		"loca": "Gjoa Haven",
		"weather": "sunny",
		"st_t": "09:59:33",
		"end_t": "17:16:29",
		"iso": "2000",
		"id_camera": "5"
	},
	{
		"date": "2016-08-03",
		"loca": "Wardha",
		"weather": "snowy",
		"st_t": "05:18:07",
		"end_t": "18:20:14",
		"iso": "1600",
		"id_camera": "9"
	},
	{
		"date": "2012-10-01",
		"loca": "Beauwelz",
		"weather": "rainy",
		"st_t": "06:04:12",
		"end_t": "19:37:38",
		"iso": "Auto",
		"id_camera": "2"
	},
	{
		"date": "2013-05-03",
		"loca": "Alcorcón",
		"weather": "rainy",
		"st_t": "19:57:49",
		"end_t": "12:42:29",
		"iso": "400",
		"id_camera": "7"
	},
	{
		"date": "2015-09-15",
		"loca": "Broxburn",
		"weather": "foggy",
		"st_t": "06:39:53",
		"end_t": "06:19:00",
		"iso": "5000",
		"id_camera": "10"
	},
	{
		"date": "2013-05-16",
		"loca": "Sint-Kwintens-Lennik",
		"weather": "sunny",
		"st_t": "14:44:59",
		"end_t": "07:38:55",
		"iso": "2500",
		"id_camera": "8"
	},
	{
		"date": "2011-09-04",
		"loca": "Green Bay",
		"weather": "snowy",
		"st_t": "23:01:44",
		"end_t": "22:53:47",
		"iso": "6400",
		"id_camera": "8"
	},
	{
		"date": "2012-03-03",
		"loca": "Bettiah",
		"weather": "sunny",
		"st_t": "20:00:47",
		"end_t": "01:48:57",
		"iso": "320",
		"id_camera": "8"
	},
	{
		"date": "2014-08-26",
		"loca": "Vandoeuvre-lès-Nancy",
		"weather": "sunny",
		"st_t": "00:32:56",
		"end_t": "05:16:07",
		"iso": "320",
		"id_camera": "2"
	},
	{
		"date": "2014-07-13",
		"loca": "Bhimavaram",
		"weather": "clear",
		"st_t": "04:18:27",
		"end_t": "10:08:22",
		"iso": "800",
		"id_camera": "9"
	},
	{
		"date": "2013-03-21",
		"loca": "Kozhikode",
		"weather": "foggy",
		"st_t": "10:26:20",
		"end_t": "07:18:52",
		"iso": "5000",
		"id_camera": "5"
	},
	{
		"date": "2015-09-13",
		"loca": "Cisnes",
		"weather": "foggy",
		"st_t": "13:39:58",
		"end_t": "18:19:17",
		"iso": "2500",
		"id_camera": "8"
	},
	{
		"date": "2015-12-27",
		"loca": "Bauchi",
		"weather": "sunny",
		"st_t": "18:29:23",
		"end_t": "15:28:35",
		"iso": "200",
		"id_camera": "4"
	},
	{
		"date": "2011-01-14",
		"loca": "Ambala Sadar",
		"weather": "cloudy",
		"st_t": "06:23:01",
		"end_t": "23:05:40",
		"iso": "320",
		"id_camera": "6"
	},
	{
		"date": "2011-04-04",
		"loca": "Lo Prado",
		"weather": "cloudy",
		"st_t": "00:38:25",
		"end_t": "00:18:58",
		"iso": "100",
		"id_camera": "1"
	},
	{
		"date": "2015-11-29",
		"loca": "Torrevieja",
		"weather": "snowy",
		"st_t": "04:05:34",
		"end_t": "05:46:09",
		"iso": "5000",
		"id_camera": "6"
	},
	{
		"date": "2013-11-30",
		"loca": "Telfs",
		"weather": "sunny",
		"st_t": "13:46:50",
		"end_t": "13:28:12",
		"iso": "1600",
		"id_camera": "10"
	}
]
	}
}
					