{
	"d":{
		"results":[
			{
				"name":"Stephen Sun",
				"gender":"M",
				"phone":"9792162855",
				"addr":"1600 Southwest Pkwy, Apt 202",
				"city":"College Station",
				"state":"TX"
			},
			{
				"name":"Kelly Jiang",
				"gender":"F",
				"phone":"9792592677",
				"addr":"1600 Southwest Pkwy, Apt 202",
				"city":"College Station",
				"state":"TX"
			},
			{
				"name":"Jason Hodder",
				"gender":"M",
				"phone":"7852135688",
				"addr":"3308 Wildrye Dr",
				"city":"Orlando",
				"state":"FL"
			},
			{
				"name":"Wendy Dave",
				"gender":"M",
				"phone":"8886253988",
				"addr":"2050 Holleman Dr W",
				"city":"Waltham",
				"state":"MA"
			},
			{
				"name":"Paris Yang",
				"gender":"F",
				"phone":"8665482266",
				"addr":"958 Massachusetts Ave",
				"city":"Arlington",
				"state":"CT"
			},
			{
				"name":"Chris Brown",
				"gender":"M",
				"phone":"5099254788",
				"addr":"400 E 1st Ave",
				"city":"Ellensburg",
				"state":"WA"
			}
		]
	}
}